# Blender 4.1.1
# www.blender.org
mtllib float1.mtl
o Torus.004_Torus.009
v 0.718876 0.000000 0.000000
v 0.689801 0.137514 -0.000000
v 0.610189 0.238575 -0.000000
v 0.501013 0.276114 -0.000000
v 0.391329 0.239680 -0.000000
v 0.310705 0.138620 -0.000000
v 0.281123 0.000000 0.000000
v 0.310705 -0.138620 0.000000
v 0.391329 -0.239680 0.000000
v 0.501013 -0.276114 0.000000
v 0.610189 -0.238575 0.000000
v 0.689801 -0.137514 0.000000
v 0.712726 -0.000000 -0.101970
v 0.683900 0.137514 -0.097845
v 0.604970 0.238575 -0.086553
v 0.496726 0.276114 -0.071067
v 0.387981 0.239680 -0.055508
v 0.308046 0.138620 -0.044072
v 0.278718 -0.000000 -0.039876
v 0.308046 -0.138620 -0.044072
v 0.387981 -0.239680 -0.055508
v 0.496726 -0.276114 -0.071066
v 0.604970 -0.238575 -0.086552
v 0.683900 -0.137514 -0.097845
v 0.694381 -0.000000 -0.202194
v 0.666297 0.137514 -0.194016
v 0.589398 0.238574 -0.171625
v 0.483941 0.276114 -0.140917
v 0.377995 0.239680 -0.110067
v 0.300118 0.138620 -0.087390
v 0.271544 -0.000000 -0.079070
v 0.300118 -0.138620 -0.087390
v 0.377995 -0.239681 -0.110066
v 0.483941 -0.276114 -0.140916
v 0.589398 -0.238575 -0.171624
v 0.666297 -0.137514 -0.194016
v 0.664155 -0.000000 -0.298959
v 0.637294 0.137514 -0.286867
v 0.563742 0.238574 -0.253760
v 0.462875 0.276113 -0.208356
v 0.361540 0.239680 -0.162742
v 0.287054 0.138620 -0.129213
v 0.259724 -0.000000 -0.116911
v 0.287054 -0.138620 -0.129213
v 0.361540 -0.239681 -0.162742
v 0.462875 -0.276114 -0.208356
v 0.563742 -0.238575 -0.253759
v 0.637294 -0.137514 -0.286867
v 0.622566 -0.000000 -0.390609
v 0.597386 0.137514 -0.374810
v 0.528440 0.238574 -0.331553
v 0.433890 0.276113 -0.272231
v 0.338901 0.239680 -0.212633
v 0.269078 0.138620 -0.168825
v 0.243460 -0.000000 -0.152752
v 0.269078 -0.138620 -0.168824
v 0.338901 -0.239681 -0.212632
v 0.433890 -0.276114 -0.272230
v 0.528440 -0.238575 -0.331553
v 0.597386 -0.137514 -0.374810
v 0.570324 -0.000000 -0.475576
v 0.547256 0.137514 -0.456340
v 0.484096 0.238574 -0.403673
v 0.397480 0.276114 -0.331447
v 0.310462 0.239680 -0.258885
v 0.246499 0.138620 -0.205548
v 0.223030 -0.000000 -0.185978
v 0.246499 -0.138620 -0.205548
v 0.310462 -0.239681 -0.258885
v 0.397480 -0.276114 -0.331446
v 0.484096 -0.238575 -0.403673
v 0.547256 -0.137514 -0.456340
v 0.508322 -0.000000 -0.552405
v 0.487763 0.137514 -0.530062
v 0.431469 0.238574 -0.468887
v 0.354269 0.276114 -0.384992
v 0.276711 0.239680 -0.300708
v 0.219701 0.138620 -0.238754
v 0.198784 -0.000000 -0.216023
v 0.219701 -0.138620 -0.238754
v 0.276711 -0.239681 -0.300708
v 0.354269 -0.276114 -0.384991
v 0.431469 -0.238575 -0.468886
v 0.487763 -0.137514 -0.530062
v 0.437625 -0.000000 -0.619782
v 0.419924 0.137514 -0.594715
v 0.371460 0.238574 -0.526077
v 0.304997 0.276113 -0.431950
v 0.238226 0.239680 -0.337386
v 0.189145 0.138620 -0.267875
v 0.171137 -0.000000 -0.242371
v 0.189145 -0.138620 -0.267875
v 0.238226 -0.239681 -0.337385
v 0.304997 -0.276114 -0.431949
v 0.371460 -0.238575 -0.526077
v 0.419924 -0.137514 -0.594715
v 0.359439 -0.000000 -0.676555
v 0.344900 0.137514 -0.649191
v 0.305095 0.238574 -0.574266
v 0.250506 0.276114 -0.471517
v 0.195664 0.239680 -0.368291
v 0.155353 0.138620 -0.292413
v 0.140562 -0.000000 -0.264573
v 0.155353 -0.138620 -0.292413
v 0.195664 -0.239681 -0.368290
v 0.250506 -0.276114 -0.471516
v 0.305095 -0.238575 -0.574266
v 0.344900 -0.137514 -0.649191
v 0.275102 -0.000000 -0.721752
v 0.263976 0.137514 -0.692559
v 0.233509 0.238574 -0.612629
v 0.191729 0.276113 -0.503016
v 0.149755 0.239680 -0.392894
v 0.118901 0.138620 -0.311947
v 0.107582 -0.000000 -0.282248
v 0.118901 -0.138620 -0.311947
v 0.149755 -0.239681 -0.392893
v 0.191729 -0.276114 -0.503016
v 0.233509 -0.238575 -0.612629
v 0.263976 -0.137514 -0.692559
v 0.186059 -0.000000 -0.754599
v 0.180332 0.121956 -0.715925
v 0.158241 0.236887 -0.646291
v 0.129671 0.276113 -0.525909
v 0.101283 0.239680 -0.410775
v 0.080417 0.138620 -0.326144
v 0.072760 -0.000000 -0.295092
v 0.080417 -0.138620 -0.326144
v 0.101283 -0.239681 -0.410774
v 0.129671 -0.276114 -0.525909
v 0.157928 -0.238575 -0.640511
v 0.178533 -0.137514 -0.724078
v 0.092438 -0.000000 -0.766938
v 0.066162 0.260930 -0.589041
v 0.065395 0.276113 -0.539802
v 0.051078 0.239680 -0.421627
v 0.040555 0.138620 -0.334761
v 0.036694 -0.000000 -0.302889
v 0.040555 -0.138620 -0.334761
v 0.051078 -0.239681 -0.421627
v 0.065395 -0.276114 -0.539802
v 0.079645 -0.238575 -0.657432
v 0.090037 -0.137514 -0.743208
v 0.000000 -0.000000 -0.773621
v 0.000000 0.265654 -0.583049
v 0.000000 0.276113 -0.544460
v 0.000000 0.239680 -0.425265
v 0.000000 0.138620 -0.337649
v 0.000000 -0.000000 -0.305503
v 0.000000 -0.138620 -0.337649
v 0.000000 -0.239681 -0.425265
v 0.000000 -0.276114 -0.544460
v 0.000000 -0.238575 -0.663105
v 0.000000 -0.137514 -0.749622
v 0.000000 0.000000 0.781218
v 0.000000 0.095858 0.765412
v 0.000000 0.162692 0.356268
v 0.000000 0.138620 0.337649
v 0.000000 0.000000 0.305503
v 0.000000 -0.138620 0.337649
v 0.000000 -0.239680 0.425265
v 0.000000 -0.276113 0.544460
v 0.000000 -0.238574 0.663105
v 0.000000 -0.137514 0.749622
v 0.093832 0.000000 0.774535
v 0.092277 0.114339 0.753792
v 0.055296 0.176727 0.363748
v 0.040501 0.138899 0.334619
v 0.036694 0.000000 0.302889
v 0.040555 -0.138620 0.334761
v 0.051078 -0.239680 0.421627
v 0.065395 -0.276113 0.539802
v 0.079645 -0.238574 0.657432
v 0.090037 -0.137514 0.743208
v 0.186059 0.000000 0.754599
v 0.184749 0.149933 0.720725
v 0.197916 0.238575 0.625760
v 0.114133 0.202685 0.381964
v 0.080411 0.138647 0.326131
v 0.072760 0.000000 0.295093
v 0.080416 -0.138620 0.326144
v 0.101283 -0.239680 0.410775
v 0.129671 -0.276113 0.525909
v 0.157928 -0.238574 0.640511
v 0.178533 -0.137514 0.724078
v 0.275102 0.000000 0.721752
v 0.263976 0.137514 0.692559
v 0.233509 0.238575 0.612629
v 0.194526 0.277810 0.499735
v 0.141465 0.237391 0.404000
v 0.118901 0.138620 0.311947
v 0.107582 0.000000 0.282248
v 0.118901 -0.138620 0.311947
v 0.149755 -0.239680 0.392894
v 0.191729 -0.276113 0.503016
v 0.233509 -0.238574 0.612629
v 0.263976 -0.137514 0.692559
v 0.359439 0.000000 0.676555
v 0.344900 0.137514 0.649191
v 0.305095 0.238575 0.574266
v 0.251689 0.276831 0.470129
v 0.196762 0.240346 0.367002
v 0.155353 0.138620 0.292413
v 0.140562 0.000000 0.264573
v 0.155353 -0.138620 0.292413
v 0.195664 -0.239680 0.368291
v 0.250506 -0.276114 0.471517
v 0.305095 -0.238574 0.574266
v 0.344900 -0.137514 0.649191
v 0.437625 0.000000 0.619783
v 0.419924 0.137514 0.594715
v 0.371460 0.238575 0.526077
v 0.304997 0.276114 0.431949
v 0.238226 0.239681 0.337385
v 0.189145 0.138620 0.267875
v 0.171137 0.000000 0.242371
v 0.189145 -0.138620 0.267875
v 0.238226 -0.239680 0.337386
v 0.304997 -0.276113 0.431950
v 0.371460 -0.238574 0.526077
v 0.419924 -0.137514 0.594715
v 0.508322 0.000000 0.552405
v 0.487763 0.137514 0.530062
v 0.431469 0.238575 0.468886
v 0.354269 0.276114 0.384992
v 0.276711 0.239681 0.300708
v 0.219701 0.138620 0.238754
v 0.198784 0.000000 0.216023
v 0.219701 -0.138620 0.238755
v 0.276711 -0.239680 0.300708
v 0.354269 -0.276113 0.384992
v 0.431469 -0.238574 0.468887
v 0.487763 -0.137514 0.530062
v 0.570324 0.000000 0.475576
v 0.547256 0.137514 0.456340
v 0.484096 0.238575 0.403673
v 0.397480 0.276114 0.331446
v 0.310462 0.239681 0.258885
v 0.246499 0.138620 0.205548
v 0.223030 0.000000 0.185978
v 0.246499 -0.138620 0.205548
v 0.310462 -0.239680 0.258885
v 0.397480 -0.276114 0.331447
v 0.484096 -0.238574 0.403673
v 0.547256 -0.137514 0.456340
v 0.622566 0.000000 0.390609
v 0.597386 0.137514 0.374810
v 0.528440 0.238575 0.331553
v 0.433890 0.276114 0.272230
v 0.338901 0.239681 0.212632
v 0.269078 0.138620 0.168824
v 0.243460 0.000000 0.152752
v 0.269078 -0.138620 0.168825
v 0.338901 -0.239680 0.212633
v 0.433890 -0.276113 0.272231
v 0.528440 -0.238574 0.331553
v 0.597386 -0.137514 0.374810
v 0.664155 0.000000 0.298959
v 0.637293 0.137514 0.286868
v 0.563742 0.238575 0.253759
v 0.462875 0.276114 0.208356
v 0.361540 0.239681 0.162742
v 0.287054 0.138620 0.129213
v 0.259724 0.000000 0.116911
v 0.287054 -0.138620 0.129213
v 0.361540 -0.239680 0.162742
v 0.462875 -0.276113 0.208356
v 0.563742 -0.238574 0.253760
v 0.637293 -0.137514 0.286868
v 0.694381 0.000000 0.202194
v 0.666297 0.137514 0.194016
v 0.589398 0.238575 0.171624
v 0.483941 0.276114 0.140916
v 0.377995 0.239681 0.110066
v 0.300118 0.138620 0.087390
v 0.271544 0.000000 0.079070
v 0.300118 -0.138620 0.087390
v 0.377995 -0.239680 0.110067
v 0.483941 -0.276114 0.140917
v 0.589398 -0.238574 0.171624
v 0.666297 -0.137514 0.194016
v 0.712726 0.000000 0.101970
v 0.683900 0.137514 0.097845
v 0.604970 0.238575 0.086552
v 0.496726 0.276114 0.071066
v 0.387981 0.239680 0.055508
v 0.308046 0.138620 0.044072
v 0.278718 0.000000 0.039876
v 0.308046 -0.138620 0.044072
v 0.387981 -0.239680 0.055508
v 0.496726 -0.276114 0.071067
v 0.604970 -0.238575 0.086553
v 0.683900 -0.137514 0.097845
v 0.118391 0.856828 0.813319
v 0.187277 1.216622 0.660334
v 0.094916 1.016063 1.199651
v 0.100358 0.838827 1.223975
v 0.000000 0.785323 0.847693
v 0.000000 1.046137 1.261924
v 0.000000 0.800452 1.286521
v 0.106037 1.082352 0.828353
v 0.116879 0.852680 0.894775
v 0.000000 0.777044 0.921491
v 0.000000 1.161043 0.852662
v 0.053202 1.165071 0.794483
v 0.000000 1.189967 0.740022
v 0.106753 1.133713 0.722195
v 0.124506 1.051384 0.711521
v 0.106584 1.082510 0.642207
v 0.083575 1.148564 0.657548
v 0.191377 1.198149 0.653584
v 0.186121 1.200321 0.635987
v 0.177085 1.218343 0.641384
v 0.000000 1.370503 0.825193
v 0.000000 1.365648 0.849666
v 0.015779 1.349550 0.834640
v 0.000000 0.520617 0.424415
v 0.000000 1.195715 0.699684
v 0.063354 1.165470 0.641245
v 0.045708 1.179857 0.693605
v 0.083741 0.656579 0.479181
v 0.149081 0.453461 0.744227
v 0.148436 0.580366 0.557838
v 0.000000 0.412188 0.801794
v 0.076094 1.108187 0.610931
v 0.094116 0.953755 0.562340
v 0.128989 0.907300 0.627281
v 0.127217 0.748394 0.774505
v 0.000000 0.684122 0.817325
v 0.102532 1.064509 0.968980
v 0.000000 0.748005 1.071216
v 0.116321 0.823137 1.037984
v 0.000000 1.137313 0.968224
v 0.000000 1.241719 0.771168
v 0.036178 1.226665 0.812784
v 0.000000 1.221439 0.846674
v 0.057040 1.202227 0.623672
v 0.000000 1.236532 0.605616
v 0.000000 0.978112 0.468606
v 0.000000 0.675261 0.402065
v 0.000000 1.245904 0.683072
v 0.034320 1.228163 0.675481
v 0.082667 0.968533 0.515382
v 0.075085 0.719237 0.449032
v 0.069663 1.129910 0.572675
v 0.000000 1.151246 0.535820
v 0.115737 1.169899 0.654604
v 0.130939 1.135712 0.642686
v 0.141325 1.127982 0.679201
v 0.136701 1.165305 0.692984
v 0.187198 1.207535 0.635016
v 0.185900 1.214555 0.635538
v 0.181714 1.218093 0.638124
v 0.193937 1.201025 0.648456
v 0.194344 1.202895 0.642608
v 0.191009 1.202286 0.638200
v 0.191834 1.216208 0.658736
v 0.194810 1.212499 0.656608
v 0.194136 1.205359 0.654755
v 0.157681 0.366443 0.730905
v 0.162201 0.244025 0.724988
v 0.175910 0.195017 0.712663
v 0.030867 1.045047 1.256491
v 0.058862 1.039945 1.241517
v 0.081239 1.029003 1.219804
v 0.100676 0.979254 1.213540
v 0.104651 0.926597 1.224777
v 0.103938 0.874501 1.227444
v 0.103138 1.057979 1.030993
v 0.102358 1.047758 1.097936
v 0.099192 1.032253 1.158725
v 0.116776 0.860829 0.869181
v 0.116950 0.865390 0.846936
v 0.117544 0.863583 0.828730
v 0.098790 0.821446 0.831070
v 0.070621 0.799556 0.841510
v 0.036738 0.788426 0.846448
v 0.086388 0.823161 1.244839
v 0.062872 0.809330 1.266550
v 0.033050 0.802254 1.281247
v 0.000000 0.745121 1.128039
v 0.000000 0.749535 1.187570
v 0.000000 0.766297 1.242751
v 0.000000 0.987800 1.302238
v 0.000000 0.920408 1.318544
v 0.000000 0.854459 1.312690
v 0.000000 0.333822 0.794172
v 0.000000 0.234827 0.781819
v 0.000000 0.176119 0.773745
v 0.000000 0.460757 0.422215
v 0.000000 0.377986 0.409727
v 0.000000 0.271789 0.386136
v 0.181912 1.222428 0.644424
v 0.186367 1.224159 0.649539
v 0.188022 1.221458 0.655551
v 0.116930 0.829124 0.992911
v 0.117120 0.836240 0.955163
v 0.117050 0.844190 0.923024
v 0.000000 0.789475 0.861254
v 0.000000 0.788549 0.877865
v 0.000000 0.783940 0.897839
v 0.097730 0.814325 0.907779
v 0.069949 0.791274 0.915981
v 0.036413 0.780016 0.920260
v 0.117707 1.031397 0.841377
v 0.124884 0.970438 0.857928
v 0.125407 0.907486 0.876976
v 0.020102 1.160693 0.849329
v 0.037327 1.160480 0.839117
v 0.049079 1.161551 0.821725
v 0.042183 1.175040 0.771118
v 0.029280 1.182809 0.754501
v 0.014984 1.188077 0.743726
v 0.091996 1.117793 0.818811
v 0.077790 1.140109 0.811137
v 0.065154 1.153839 0.803578
v 0.000000 1.128632 1.039462
v 0.000000 1.113442 1.119961
v 0.000000 1.087393 1.198017
v 0.000000 1.188754 0.707390
v 0.000000 1.186063 0.718074
v 0.000000 1.186751 0.729621
v 0.085649 1.153507 0.669558
v 0.090801 1.154161 0.683975
v 0.097942 1.149526 0.700740
v 0.117111 1.105607 0.731695
v 0.122078 1.080997 0.731579
v 0.124091 1.062934 0.724069
v 0.124021 1.045860 0.696266
v 0.121657 1.048453 0.678873
v 0.116525 1.060897 0.660012
v 0.096562 1.109845 0.639121
v 0.089635 1.127092 0.642054
v 0.085107 1.139764 0.648321
v 0.107357 1.088760 0.801867
v 0.107705 1.099106 0.774857
v 0.107336 1.114614 0.748262
v 0.079118 0.671609 0.470090
v 0.077869 0.685791 0.461151
v 0.076830 0.702673 0.453618
v 0.154656 0.483503 0.531897
v 0.183050 0.328444 0.514957
v 0.127641 1.010960 0.732560
v 0.129365 0.960797 0.759024
v 0.127679 0.906160 0.787746
v 0.139560 1.189945 0.649011
v 0.165861 1.210925 0.643124
v 0.113311 1.110271 0.645253
v 0.109239 1.098349 0.645153
v 0.161280 1.156188 0.668887
v 0.183065 1.185900 0.658165
v 0.119020 1.145958 0.704982
v 0.113344 1.139171 0.711584
v 0.000000 1.387720 0.835382
v 0.000000 1.392863 0.842649
v 0.000000 1.385567 0.847277
v 0.005067 1.365195 0.848528
v 0.009712 1.362633 0.845144
v 0.013496 1.356715 0.839833
v 0.013496 1.358272 0.832111
v 0.009712 1.365885 0.828810
v 0.005067 1.369622 0.826219
v 0.000000 1.272704 0.783452
v 0.000000 1.308059 0.797667
v 0.000000 1.342441 0.812155
v 0.042833 1.185633 0.804642
v 0.046505 1.174304 0.801052
v 0.000000 1.179660 0.845636
v 0.000000 1.168726 0.847733
v 0.077460 1.150099 0.654514
v 0.071424 1.153673 0.650425
v 0.066409 1.158926 0.645822
v 0.010349 1.194812 0.699805
v 0.020967 1.192040 0.699564
v 0.032212 1.187351 0.698027
v 0.052063 1.178974 0.676937
v 0.056580 1.176468 0.663369
v 0.060256 1.172089 0.651439
v 0.095221 0.808138 0.523180
v 0.071163 0.595468 0.457989
v 0.053279 0.551401 0.440266
v 0.028580 0.527516 0.428580
v 0.136118 0.617170 0.762542
v 0.138524 0.761013 0.598915
v 0.161765 0.551554 0.602496
v 0.167381 0.517403 0.652892
v 0.163686 0.483007 0.702357
v 0.094759 0.637674 0.488295
v 0.111166 0.618151 0.501739
v 0.130134 0.600814 0.524250
v 0.000000 0.562907 0.810796
v 0.122755 0.432712 0.773387
v 0.087049 0.420113 0.790935
v 0.045088 0.413870 0.799521
v 0.054416 1.164979 0.767113
v 0.052385 1.167678 0.741792
v 0.049045 1.172401 0.717492
v 0.061760 1.167681 0.701769
v 0.076820 1.157979 0.709917
v 0.091691 1.147256 0.717280
v 0.066136 1.156286 0.632817
v 0.068848 1.144033 0.625520
v 0.071947 1.128160 0.618541
v 0.000000 0.562040 0.418979
v 0.000000 0.594486 0.410259
v 0.000000 0.628658 0.403029
v 0.096409 1.089094 0.631326
v 0.087472 1.095995 0.623728
v 0.080335 1.102406 0.617355
v 0.061623 1.191292 0.628773
v 0.062817 1.181596 0.633082
v 0.062696 1.173024 0.637084
v 0.038757 1.195479 0.683413
v 0.036011 1.209520 0.680014
v 0.034873 1.221036 0.677765
v 0.081304 1.083230 0.601908
v 0.086222 1.050941 0.591078
v 0.090706 1.008668 0.578027
v 0.112817 1.045666 0.643964
v 0.118482 1.006439 0.643073
v 0.123650 0.961677 0.637231
v 0.075333 1.113392 0.603411
v 0.075890 1.118422 0.594554
v 0.074927 1.123765 0.584322
v 0.100008 0.949455 0.572279
v 0.108887 0.942206 0.584590
v 0.119085 0.929118 0.602011
v 0.119389 0.846201 0.799506
v 0.121008 0.827187 0.788219
v 0.123692 0.794880 0.780351
v 0.136923 0.874899 0.661791
v 0.140796 0.834218 0.701552
v 0.138416 0.789473 0.741108
v 0.000000 0.774604 0.836861
v 0.000000 0.755463 0.828419
v 0.000000 0.725951 0.822022
v 0.105457 0.717890 0.797110
v 0.075089 0.698070 0.810061
v 0.038980 0.687344 0.815939
v 0.103885 1.077779 0.854470
v 0.102127 1.073811 0.883728
v 0.101855 1.069543 0.920465
v 0.000000 0.769156 0.949324
v 0.000000 0.761163 0.982593
v 0.000000 0.753851 1.022743
v 0.106461 0.827506 1.192431
v 0.111928 0.819750 1.144587
v 0.114974 0.819074 1.090551
v 0.096712 0.784649 1.052632
v 0.068985 0.761795 1.063005
v 0.035845 0.750828 1.069175
v 0.117554 1.009177 0.981917
v 0.125747 0.944013 0.999794
v 0.125780 0.878754 1.019515
v 0.000000 1.154497 0.862112
v 0.000000 1.148675 0.881256
v 0.000000 1.143350 0.915564
v 0.081994 1.102518 0.963184
v 0.057178 1.124696 0.963143
v 0.029354 1.134882 0.966202
v 0.000000 1.195356 0.747985
v 0.000000 1.204443 0.754627
v 0.019815 1.328584 0.830900
v 0.025366 1.296204 0.825120
v 0.031150 1.259873 0.818706
v 0.000000 1.333971 0.850263
v 0.000000 1.295438 0.849598
v 0.000000 1.255957 0.848219
v 0.033069 1.223709 0.826111
v 0.024873 1.222151 0.836846
v 0.013284 1.221543 0.844044
v 0.013284 1.240080 0.774891
v 0.024873 1.236093 0.784683
v 0.033069 1.231156 0.798166
v 0.047589 1.214095 0.617694
v 0.034025 1.225165 0.611838
v 0.017702 1.233342 0.607385
v 0.000000 0.820833 0.427066
v 0.000000 1.246802 0.627499
v 0.000000 1.251880 0.649369
v 0.000000 1.251627 0.668725
v 0.010364 1.244599 0.682803
v 0.020137 1.240630 0.681521
v 0.028626 1.234300 0.678751
v 0.039012 1.226902 0.667674
v 0.045228 1.222326 0.654911
v 0.051523 1.213832 0.639485
v 0.083477 0.826121 0.477142
v 0.065251 0.702237 0.435345
v 0.048006 0.686519 0.419311
v 0.025403 0.677779 0.406965
v 0.061235 1.188367 0.609404
v 0.064353 1.172024 0.596567
v 0.066904 1.152704 0.584533
v 0.000000 1.221289 0.585756
v 0.000000 1.201593 0.567876
v 0.000000 1.178046 0.551418
v 0.058233 1.137018 0.559960
v 0.041724 1.143933 0.548064
v 0.021736 1.149171 0.539260
v 0.000000 1.121084 0.520487
v 0.000000 1.084613 0.504685
v 0.000000 1.038175 0.487648
v 0.073246 1.102747 0.560380
v 0.076655 1.068724 0.547093
v 0.079994 1.024948 0.532274
v 0.068834 0.972065 0.499546
v 0.049127 0.975132 0.484415
v 0.025538 0.977294 0.473073
v 0.089492 0.964898 0.529434
v 0.091587 0.961229 0.541608
v 0.092086 0.957517 0.552409
v 0.000000 1.235044 0.690833
v 0.000000 1.221264 0.694168
v 0.000000 1.207255 0.696086
v 0.089258 1.149402 0.659037
v 0.095543 1.153008 0.658964
v 0.177024 1.188908 0.636449
v 0.153190 1.161337 0.639517
v 0.123863 1.078804 0.698120
v 0.126238 1.097475 0.690110
v 0.178978 1.208603 0.666759
v 0.157204 1.186425 0.680624
v 0.130938 1.171448 0.686207
v 0.124359 1.174282 0.676266
v 0.118719 1.173765 0.665074
v 0.135054 1.129048 0.649140
v 0.137999 1.125111 0.658436
v 0.140014 1.124541 0.669002
v 0.142064 1.135568 0.687532
v 0.141883 1.145652 0.693086
v 0.140291 1.156184 0.695158
v 0.116636 1.162892 0.646562
v 0.120435 1.153931 0.641643
v 0.125677 1.144414 0.640220
v 0.171101 0.456143 0.579347
v 0.191125 0.283564 0.632993
v 0.177780 0.424306 0.633044
v 0.173653 0.392803 0.685920
v 0.125530 0.995949 0.794008
v 0.126567 0.915976 0.804758
v 0.128126 0.974049 0.776286
v 0.126297 1.024292 0.747550
v 0.123406 1.046798 0.756530
v 0.117150 1.081170 0.755050
v 0.118019 1.055820 0.784072
v 0.118104 1.040429 0.813345
v 0.124868 0.980747 0.828715
v 0.125247 0.916680 0.849435
v 0.125576 0.921646 0.824370
v 0.124781 0.874182 1.073052
v 0.125326 0.938875 1.055514
v 0.117736 1.003401 1.040502
v 0.121740 0.872329 1.129611
v 0.122814 0.934133 1.115822
v 0.116045 0.995802 1.103934
v 0.115217 0.873972 1.182496
v 0.116486 0.930011 1.173838
v 0.110867 0.986148 1.163577
v 0.035310 0.747851 1.125337
v 0.067984 0.758564 1.117689
v 0.095394 0.781044 1.105811
v 0.034606 0.752093 1.184041
v 0.066475 0.762208 1.174403
v 0.092978 0.783541 1.160342
v 0.033801 0.768558 1.238319
v 0.064525 0.777518 1.226218
v 0.089336 0.796238 1.208948
v 0.090213 0.421296 0.438768
v 0.051266 0.277560 0.390942
v 0.044444 0.387064 0.415682
v 0.035657 0.469620 0.427207
v 0.065757 0.501427 0.441824
v 0.084077 0.562010 0.463897
v 0.105235 0.527049 0.473836
v 0.130623 0.504112 0.496409
v 0.136211 0.362607 0.455022
v 0.144101 0.286029 0.431490
v 0.100866 0.287444 0.405534
v 0.083675 0.980991 1.251316
v 0.060116 0.985300 1.278858
v 0.031406 0.987425 1.296196
v 0.086084 0.923928 1.265120
v 0.061412 0.922002 1.294306
v 0.031960 0.920815 1.312342
v 0.086295 0.867905 1.263099
v 0.062086 0.860008 1.289844
v 0.032470 0.855621 1.306780
v 0.129535 0.348867 0.762550
v 0.130731 0.182812 0.748550
v 0.107363 0.236560 0.767793
v 0.091725 0.339040 0.781880
v 0.054614 0.182119 0.774535
v 0.051523 0.236218 0.780131
v 0.047473 0.334759 0.791539
v 0.036551 0.792543 0.860009
v 0.070236 0.803831 0.855225
v 0.098189 0.826468 0.845324
v 0.036452 0.791605 0.876617
v 0.070019 0.803103 0.871961
v 0.097813 0.826534 0.862524
v 0.036417 0.786960 0.896601
v 0.069944 0.798400 0.892150
v 0.097694 0.821833 0.883378
v 0.196266 1.224080 0.651295
v 0.200337 1.221179 0.648743
v 0.199578 1.213264 0.647615
v 0.195873 1.227188 0.645085
v 0.200619 1.224373 0.642403
v 0.200215 1.216117 0.641562
v 0.190977 1.224980 0.640496
v 0.195751 1.222125 0.637904
v 0.195920 1.214313 0.637262
v 0.028468 1.263677 0.806372
v 0.021404 1.267925 0.795017
v 0.011428 1.271320 0.786689
v 0.023141 1.299652 0.815395
v 0.017338 1.303845 0.806607
v 0.009237 1.306916 0.800172
v 0.017930 1.332735 0.824200
v 0.013271 1.338164 0.818286
v 0.007017 1.341457 0.813890
v 0.057250 1.138690 0.866719
v 0.087450 1.114897 0.844595
v 0.070831 1.138419 0.836644
v 0.058107 1.152273 0.827970
v 0.044618 1.152125 0.847495
v 0.023916 1.153638 0.858652
v 0.027733 1.146854 0.877994
v 0.029045 1.140982 0.913339
v 0.056839 1.130812 0.910154
v 0.081516 1.107930 0.912280
v 0.082841 1.112205 0.874066
v 0.148898 1.168689 0.637449
v 0.144451 1.176887 0.638515
v 0.140764 1.184264 0.642501
v 0.174452 1.195089 0.634807
v 0.171540 1.202090 0.635420
v 0.167812 1.207257 0.638392
v 0.094173 1.137657 0.740811
v 0.079301 1.152846 0.732917
v 0.063964 1.163777 0.724695
v 0.095007 1.128603 0.766404
v 0.080942 1.147269 0.758399
v 0.066537 1.159233 0.750322
v 0.094451 1.122087 0.792760
v 0.080793 1.143062 0.784909
v 0.067456 1.155925 0.777067
v 0.160464 1.179307 0.682176
v 0.162039 1.170985 0.680193
v 0.162032 1.162614 0.675583
v 0.182243 1.204219 0.667456
v 0.184301 1.198648 0.665621
v 0.184023 1.191580 0.662554
v 0.160589 1.153471 0.660634
v 0.159321 1.153813 0.652103
v 0.156816 1.156410 0.644681
v 0.183423 1.184630 0.651999
v 0.183114 1.185415 0.645457
v 0.180533 1.186356 0.640066
v 0.142207 1.193407 0.657450
v 0.147169 1.194058 0.666605
v 0.152547 1.191587 0.674943
v 0.168413 1.214207 0.648946
v 0.172728 1.215322 0.655584
v 0.176162 1.212952 0.662197
v 0.005631 1.388412 0.841707
v 0.003672 1.384939 0.846549
v 0.007091 1.381583 0.843952
v 0.010137 1.373799 0.838961
v 0.007091 1.382846 0.837017
v 0.003672 1.386884 0.835807
v 0.003123 1.391990 0.842444
v 0.011428 1.256013 0.845890
v 0.021404 1.256412 0.839545
v 0.028468 1.257528 0.830153
v 0.009237 1.295379 0.847641
v 0.017338 1.295168 0.842310
v 0.023141 1.295018 0.834463
v 0.007017 1.333716 0.848715
v 0.013271 1.332351 0.844424
v 0.017930 1.329648 0.838062
v 0.080195 1.088055 0.593666
v 0.084669 1.055376 0.582190
v 0.088848 1.012737 0.568574
v 0.080413 1.092625 0.584044
v 0.084558 1.059588 0.572003
v 0.088487 1.016670 0.558002
v 0.079053 1.097378 0.572971
v 0.082869 1.063923 0.560357
v 0.086547 1.020672 0.546004
v 0.065469 0.620364 0.450315
v 0.047371 0.585756 0.433933
v 0.024898 0.567345 0.422962
v 0.064009 0.641635 0.441952
v 0.045745 0.613411 0.425710
v 0.023867 0.598694 0.414463
v 0.064094 0.666434 0.435664
v 0.046391 0.643788 0.419435
v 0.024376 0.632013 0.407607
v 0.148870 0.652100 0.725951
v 0.152048 0.691506 0.682443
v 0.147873 0.729594 0.638093
v 0.114379 0.982972 0.613883
v 0.104779 0.996161 0.598102
v 0.096307 1.003867 0.587079
v 0.109371 1.025634 0.622522
v 0.099672 1.037916 0.608836
v 0.091454 1.045678 0.599232
v 0.103158 1.060517 0.627852
v 0.093735 1.070426 0.617110
v 0.086005 1.077634 0.609161
v 0.041410 0.565624 0.809088
v 0.079868 0.574676 0.802220
v 0.112421 0.591408 0.787577
v 0.041333 1.173358 0.753586
v 0.038838 1.174950 0.733052
v 0.035584 1.179278 0.713422
v 0.027904 1.180429 0.740989
v 0.025737 1.180853 0.725432
v 0.023268 1.184427 0.710663
v 0.014066 1.185120 0.732590
v 0.012829 1.184731 0.720105
v 0.011511 1.187670 0.708389
v 0.062022 1.168923 0.683317
v 0.074341 1.160920 0.690425
v 0.086897 1.154069 0.696937
v 0.063305 1.167871 0.668428
v 0.072293 1.161291 0.674359
v 0.081937 1.156595 0.679995
v 0.064708 1.164664 0.656025
v 0.071179 1.158954 0.661122
v 0.078514 1.155176 0.665936
v 0.092519 0.813043 0.512811
v 0.091924 0.818062 0.502255
v 0.089996 0.823103 0.490796
v 0.089281 1.111634 0.634586
v 0.081669 1.116563 0.629451
v 0.075474 1.122331 0.624242
v 0.083273 1.128739 0.639114
v 0.076857 1.132818 0.635199
v 0.071678 1.138160 0.630662
v 0.079173 1.141387 0.645658
v 0.073382 1.145077 0.641966
v 0.068715 1.150224 0.637589
v 0.066068 1.162881 0.627840
v 0.068839 1.149997 0.619694
v 0.071617 1.133704 0.611853
v 0.066754 1.170192 0.622488
v 0.069741 1.156330 0.613051
v 0.072438 1.139300 0.604012
v 0.065900 1.178565 0.616458
v 0.069069 1.163511 0.605408
v 0.071741 1.145470 0.594921
v 0.126204 0.782003 0.569499
v 0.113515 0.794746 0.548813
v 0.102576 0.802658 0.534328
v 0.130718 0.942457 0.714081
v 0.133946 0.840170 0.747568
v 0.135559 0.889354 0.708517
v 0.131357 0.930363 0.669828
v 0.126310 0.978808 0.672667
v 0.121059 1.024305 0.667162
v 0.126691 1.006562 0.692935
v 0.128190 1.003842 0.714640
v 0.130048 0.951242 0.739867
v 0.128718 0.895270 0.771053
v 0.130499 0.876473 0.756429
v 0.038133 0.729262 0.820700
v 0.073381 0.740525 0.815025
v 0.102862 0.761732 0.802431
v 0.037495 0.758762 0.827129
v 0.072093 0.770237 0.821628
v 0.100896 0.792256 0.809473
v 0.037042 0.777807 0.835599
v 0.071205 0.789112 0.830382
v 0.099614 0.811062 0.819066
v 0.036408 0.772094 0.948068
v 0.069956 0.783244 0.943783
v 0.097790 0.806108 0.935694
v 0.036347 0.764074 0.981231
v 0.069867 0.775182 0.976676
v 0.097734 0.798050 0.968222
v 0.036178 0.756728 1.021137
v 0.069578 0.767797 1.015977
v 0.097421 0.790710 1.006741
v 0.125704 0.898760 0.905712
v 0.125028 0.962171 0.886556
v 0.117096 1.024764 0.868783
v 0.125961 0.891124 0.937446
v 0.125251 0.955312 0.917617
v 0.116733 1.019291 0.898787
v 0.126042 0.884484 0.974581
v 0.125556 0.949397 0.954301
v 0.116990 1.014270 0.935226
v 0.082700 1.095123 1.028982
v 0.057743 1.116551 1.032142
v 0.029662 1.126319 1.036955
v 0.082710 1.082680 1.100891
v 0.058188 1.102487 1.108883
v 0.030034 1.111379 1.116578
v 0.081635 1.061796 1.167670
v 0.058371 1.078370 1.182145
v 0.030421 1.085736 1.193560
v 0.017515 1.168635 0.844560
v 0.032681 1.168934 0.835235
v 0.043164 1.170490 0.820239
v 0.015868 1.179712 0.842631
v 0.029678 1.180293 0.834160
v 0.039365 1.182042 0.821093
v 0.040848 1.180982 0.781010
v 0.029504 1.188078 0.763737
v 0.015384 1.193347 0.752058
v 0.038737 1.191308 0.786632
v 0.028764 1.197547 0.770234
v 0.015240 1.202463 0.758745
v 0.011906 1.249800 0.668883
v 0.023003 1.244579 0.668877
v 0.032420 1.236535 0.668235
v 0.013853 1.249476 0.650050
v 0.026701 1.242975 0.651583
v 0.037522 1.233487 0.653298
v 0.015888 1.243895 0.628731
v 0.030576 1.236300 0.631776
v 0.042858 1.225706 0.635667
v 0.051144 1.199483 0.601415
v 0.053816 1.181888 0.586761
v 0.055999 1.161127 0.573140
v 0.036615 1.210137 0.593763
v 0.038532 1.191470 0.577490
v 0.040119 1.169342 0.562448
v 0.019066 1.218135 0.588019
v 0.020076 1.198720 0.570585
v 0.020908 1.175573 0.554519
v 0.022694 1.119311 0.524213
v 0.043619 1.114828 0.533747
v 0.061003 1.108888 0.546625
v 0.023725 1.083096 0.508663
v 0.045644 1.079242 0.518826
v 0.063886 1.074102 0.532521
v 0.024704 1.036948 0.491865
v 0.047552 1.033803 0.502612
v 0.066628 1.029536 0.517034
v 0.026351 0.821407 0.432006
v 0.050419 0.823118 0.444432
v 0.070030 0.825478 0.460721
v 0.009556 1.206457 0.695686
v 0.019258 1.204053 0.694021
v 0.029172 1.200106 0.690324
v 0.009238 1.220484 0.693580
v 0.018404 1.218094 0.691424
v 0.027392 1.214195 0.687107
v 0.009480 1.234099 0.690301
v 0.018625 1.231153 0.688289
v 0.027127 1.226336 0.684238
v 0.046620 1.191543 0.672420
v 0.053023 1.187063 0.660014
v 0.058378 1.181009 0.647958
v 0.044016 1.204624 0.669900
v 0.051222 1.198782 0.657894
v 0.057586 1.191123 0.645217
v 0.042181 1.216455 0.668372
v 0.049270 1.210645 0.656336
v 0.055933 1.202147 0.642571
v 0.091971 1.154187 0.671225
v 0.097934 1.154619 0.685210
v 0.105622 1.150077 0.699593
v 0.098564 1.157576 0.670924
v 0.104700 1.158078 0.684017
v 0.112159 1.154294 0.696202
v 0.122710 1.074233 0.684774
v 0.120328 1.076010 0.670259
v 0.115856 1.084635 0.655926
v 0.124812 1.093486 0.677996
v 0.122369 1.094714 0.665237
v 0.118539 1.100712 0.653550
v 0.119421 1.121868 0.717259
v 0.122979 1.103551 0.716154
v 0.124190 1.088794 0.709172
v 0.123694 1.133386 0.708437
v 0.126202 1.119189 0.706584
v 0.126860 1.106527 0.700083
v 0.101763 1.114241 0.641568
v 0.095123 1.128886 0.643661
v 0.090599 1.140779 0.649668
v 0.107005 1.121955 0.642207
v 0.100979 1.134024 0.643979
v 0.096705 1.144783 0.649727
v 0.129466 0.384467 -0.674072
v 0.130838 0.097943 -0.825016
v 0.122804 0.132791 -0.955471
v 0.116033 0.454908 -0.888535
v 0.098550 0.135222 -1.116840
v 0.083127 0.325936 -1.101865
v 0.050912 0.276097 -1.277142
v 0.045332 0.340904 -1.242369
v 0.000000 0.044219 -0.853319
v 0.071649 0.057650 -0.846243
v 0.130232 0.078788 -0.795907
v 0.124949 0.061798 -0.768317
v 0.112318 0.052003 -0.742663
v 0.167229 0.162858 -0.790818
v 0.178959 0.241205 -0.749544
v 0.166285 0.319551 -0.708270
v 0.128752 0.337033 -0.640036
v 0.123351 0.286459 -0.618354
v 0.114240 0.251299 -0.611723
v 0.070705 0.424759 -0.652845
v 0.000000 0.438190 -0.645770
v 0.000000 0.072395 -0.968022
v 0.067635 0.087494 -0.964884
v 0.155332 0.205771 -0.940305
v 0.164200 0.293850 -0.922003
v 0.150677 0.381929 -0.903700
v 0.062979 0.500206 -0.879122
v 0.000000 0.515305 -0.875985
v 0.125997 0.132638 -0.921073
v 0.128398 0.126176 -0.887750
v 0.130011 0.114310 -0.855674
v 0.121680 0.462151 -0.829664
v 0.125737 0.450578 -0.772054
v 0.128299 0.423560 -0.719068
v 0.000000 0.099691 -1.119648
v 0.055020 0.108574 -1.118945
v 0.121518 0.178155 -1.113447
v 0.124720 0.229970 -1.109352
v 0.111094 0.281786 -1.105258
v 0.044291 0.353856 -1.099759
v 0.000000 0.362736 -1.099058
v 0.118763 0.127028 -0.991030
v 0.113595 0.120929 -1.028863
v 0.106968 0.121368 -1.070343
v 0.091697 0.352022 -1.052791
v 0.100442 0.389789 -1.000667
v 0.108804 0.427892 -0.945811
v 0.000000 0.282642 -1.294441
v 0.030076 0.280329 -1.288584
v 0.055553 0.296319 -1.277856
v 0.056474 0.318376 -1.271037
v 0.051955 0.333829 -1.256674
v 0.026479 0.349819 -1.245945
v 0.000000 0.354110 -1.247632
v 0.074143 0.317869 -1.147332
v 0.064684 0.322785 -1.187661
v 0.054405 0.333005 -1.220847
v 0.062515 0.247773 -1.255288
v 0.075912 0.207422 -1.216872
v 0.088122 0.166460 -1.168038
v 0.000000 0.016956 -0.764701
v 0.000000 0.019420 -0.795828
v 0.000000 0.030336 -0.825058
v 0.062092 0.026193 -0.759570
v 0.068434 0.030152 -0.789087
v 0.071323 0.042466 -0.817788
v 0.159653 0.112119 -0.734125
v 0.166425 0.137225 -0.760566
v 0.171191 0.172286 -0.695215
v 0.178059 0.207793 -0.717912
v 0.165407 0.278480 -0.675318
v 0.067336 0.317167 -0.597109
v 0.070306 0.373238 -0.618096
v 0.000000 0.326959 -0.589894
v 0.000000 0.385251 -0.610766
v 0.071220 0.070821 -0.874884
v 0.000000 0.056325 -0.881288
v 0.070404 0.080557 -0.904020
v 0.000000 0.065351 -0.909443
v 0.069207 0.086301 -0.933927
v 0.000000 0.070855 -0.938212
v 0.142361 0.359727 -0.956056
v 0.156452 0.277460 -0.968420
v 0.149208 0.195193 -0.980784
v 0.132596 0.328875 -1.007056
v 0.147151 0.255359 -1.014765
v 0.141639 0.181842 -1.022475
v 0.122055 0.299514 -1.056767
v 0.136546 0.236533 -1.061566
v 0.132463 0.173552 -1.066366
v 0.164891 0.353496 -0.750018
v 0.177588 0.268935 -0.787371
v 0.166068 0.184374 -0.824724
v 0.161891 0.377081 -0.798266
v 0.174718 0.288377 -0.829902
v 0.163720 0.199674 -0.861538
v 0.157184 0.387496 -0.850374
v 0.170278 0.297395 -0.875368
v 0.160151 0.207294 -0.900363
v 0.000000 0.481545 -0.693455
v 0.070043 0.467049 -0.699858
v 0.000000 0.511404 -0.750360
v 0.068576 0.496197 -0.755784
v 0.000000 0.523935 -0.812525
v 0.066240 0.508489 -0.816810
v 0.000000 0.347185 -1.143527
v 0.039542 0.340123 -1.144452
v 0.000000 0.344857 -1.182801
v 0.034647 0.339279 -1.183808
v 0.000000 0.349682 -1.217111
v 0.029618 0.345083 -1.217419
v 0.000000 0.484303 -0.937332
v 0.058801 0.470200 -0.939452
v 0.000000 0.440200 -0.995381
v 0.054004 0.427597 -0.996703
v 0.000000 0.395375 -1.049500
v 0.048963 0.384604 -1.050323
v 0.065649 0.084720 -0.997388
v 0.000000 0.070617 -0.999508
v 0.063047 0.083120 -1.032827
v 0.000000 0.070517 -1.034150
v 0.059586 0.088978 -1.072811
v 0.000000 0.078181 -1.073634
v 0.029571 0.311707 -1.296116
v 0.000000 0.316483 -1.302799
v 0.029637 0.333902 -1.288772
v 0.000000 0.339101 -1.294711
v 0.027728 0.346572 -1.270548
v 0.000000 0.351321 -1.274745
v 0.049202 0.145456 -1.171057
v 0.000000 0.138513 -1.172122
v 0.042369 0.192230 -1.221837
v 0.000000 0.187636 -1.223957
v 0.035188 0.239388 -1.262873
v 0.000000 0.237976 -1.266817
v 0.099107 0.282762 -1.152103
v 0.111425 0.241684 -1.157825
v 0.108643 0.200536 -1.163406
v 0.085961 0.296878 -1.194915
v 0.096253 0.265789 -1.203379
v 0.093683 0.233793 -1.210731
v 0.070787 0.315902 -1.230789
v 0.078426 0.293755 -1.241964
v 0.076357 0.268425 -1.249503
v -0.718876 0.000000 0.000000
v -0.689801 0.137514 -0.000000
v -0.610189 0.238575 -0.000000
v -0.501013 0.276114 -0.000000
v -0.391329 0.239680 -0.000000
v -0.310705 0.138620 -0.000000
v -0.281123 0.000000 0.000000
v -0.310705 -0.138620 0.000000
v -0.391329 -0.239680 0.000000
v -0.501013 -0.276114 0.000000
v -0.610189 -0.238575 0.000000
v -0.689801 -0.137514 0.000000
v -0.712726 -0.000000 -0.101970
v -0.683900 0.137514 -0.097845
v -0.604970 0.238575 -0.086553
v -0.496726 0.276114 -0.071067
v -0.387981 0.239680 -0.055508
v -0.308046 0.138620 -0.044072
v -0.278718 -0.000000 -0.039876
v -0.308046 -0.138620 -0.044072
v -0.387981 -0.239680 -0.055508
v -0.496726 -0.276114 -0.071066
v -0.604970 -0.238575 -0.086552
v -0.683900 -0.137514 -0.097845
v -0.694381 -0.000000 -0.202194
v -0.666297 0.137514 -0.194016
v -0.589398 0.238574 -0.171625
v -0.483941 0.276114 -0.140917
v -0.377995 0.239680 -0.110067
v -0.300118 0.138620 -0.087390
v -0.271544 -0.000000 -0.079070
v -0.300118 -0.138620 -0.087390
v -0.377995 -0.239681 -0.110066
v -0.483941 -0.276114 -0.140916
v -0.589398 -0.238575 -0.171624
v -0.666297 -0.137514 -0.194016
v -0.664155 -0.000000 -0.298959
v -0.637294 0.137514 -0.286867
v -0.563742 0.238574 -0.253760
v -0.462875 0.276113 -0.208356
v -0.361540 0.239680 -0.162742
v -0.287054 0.138620 -0.129213
v -0.259724 -0.000000 -0.116911
v -0.287054 -0.138620 -0.129213
v -0.361540 -0.239681 -0.162742
v -0.462875 -0.276114 -0.208356
v -0.563742 -0.238575 -0.253759
v -0.637294 -0.137514 -0.286867
v -0.622566 -0.000000 -0.390609
v -0.597386 0.137514 -0.374810
v -0.528440 0.238574 -0.331553
v -0.433890 0.276113 -0.272231
v -0.338901 0.239680 -0.212633
v -0.269078 0.138620 -0.168825
v -0.243460 -0.000000 -0.152752
v -0.269078 -0.138620 -0.168824
v -0.338901 -0.239681 -0.212632
v -0.433890 -0.276114 -0.272230
v -0.528440 -0.238575 -0.331553
v -0.597386 -0.137514 -0.374810
v -0.570324 -0.000000 -0.475576
v -0.547256 0.137514 -0.456340
v -0.484096 0.238574 -0.403673
v -0.397480 0.276114 -0.331447
v -0.310462 0.239680 -0.258885
v -0.246499 0.138620 -0.205548
v -0.223030 -0.000000 -0.185978
v -0.246499 -0.138620 -0.205548
v -0.310462 -0.239681 -0.258885
v -0.397480 -0.276114 -0.331446
v -0.484096 -0.238575 -0.403673
v -0.547256 -0.137514 -0.456340
v -0.508322 -0.000000 -0.552405
v -0.487763 0.137514 -0.530062
v -0.431469 0.238574 -0.468887
v -0.354269 0.276114 -0.384992
v -0.276711 0.239680 -0.300708
v -0.219701 0.138620 -0.238754
v -0.198784 -0.000000 -0.216023
v -0.219701 -0.138620 -0.238754
v -0.276711 -0.239681 -0.300708
v -0.354269 -0.276114 -0.384991
v -0.431469 -0.238575 -0.468886
v -0.487763 -0.137514 -0.530062
v -0.437625 -0.000000 -0.619782
v -0.419924 0.137514 -0.594715
v -0.371460 0.238574 -0.526077
v -0.304997 0.276113 -0.431950
v -0.238226 0.239680 -0.337386
v -0.189145 0.138620 -0.267875
v -0.171137 -0.000000 -0.242371
v -0.189145 -0.138620 -0.267875
v -0.238226 -0.239681 -0.337385
v -0.304997 -0.276114 -0.431949
v -0.371460 -0.238575 -0.526077
v -0.419924 -0.137514 -0.594715
v -0.359439 -0.000000 -0.676555
v -0.344900 0.137514 -0.649191
v -0.305095 0.238574 -0.574266
v -0.250506 0.276114 -0.471517
v -0.195664 0.239680 -0.368291
v -0.155353 0.138620 -0.292413
v -0.140562 -0.000000 -0.264573
v -0.155353 -0.138620 -0.292413
v -0.195664 -0.239681 -0.368290
v -0.250506 -0.276114 -0.471516
v -0.305095 -0.238575 -0.574266
v -0.344900 -0.137514 -0.649191
v -0.275102 -0.000000 -0.721752
v -0.263976 0.137514 -0.692559
v -0.233509 0.238574 -0.612629
v -0.191729 0.276113 -0.503016
v -0.149755 0.239680 -0.392894
v -0.118901 0.138620 -0.311947
v -0.107582 -0.000000 -0.282248
v -0.118901 -0.138620 -0.311947
v -0.149755 -0.239681 -0.392893
v -0.191729 -0.276114 -0.503016
v -0.233509 -0.238575 -0.612629
v -0.263976 -0.137514 -0.692559
v -0.186059 -0.000000 -0.754599
v -0.180332 0.121956 -0.715925
v -0.158241 0.236887 -0.646291
v -0.129671 0.276113 -0.525909
v -0.101283 0.239680 -0.410775
v -0.080417 0.138620 -0.326144
v -0.072760 -0.000000 -0.295092
v -0.080417 -0.138620 -0.326144
v -0.101283 -0.239681 -0.410774
v -0.129671 -0.276114 -0.525909
v -0.157928 -0.238575 -0.640511
v -0.178533 -0.137514 -0.724078
v -0.092438 -0.000000 -0.766938
v -0.066162 0.260930 -0.589041
v -0.065395 0.276113 -0.539802
v -0.051078 0.239680 -0.421627
v -0.040555 0.138620 -0.334761
v -0.036694 -0.000000 -0.302889
v -0.040555 -0.138620 -0.334761
v -0.051078 -0.239681 -0.421627
v -0.065395 -0.276114 -0.539802
v -0.079645 -0.238575 -0.657432
v -0.090037 -0.137514 -0.743208
v -0.093832 0.000000 0.774535
v -0.092277 0.114339 0.753792
v -0.055296 0.176727 0.363748
v -0.040501 0.138899 0.334619
v -0.036694 0.000000 0.302889
v -0.040555 -0.138620 0.334761
v -0.051078 -0.239680 0.421627
v -0.065395 -0.276113 0.539802
v -0.079645 -0.238574 0.657432
v -0.090037 -0.137514 0.743208
v -0.186059 0.000000 0.754599
v -0.184749 0.149933 0.720725
v -0.197916 0.238575 0.625760
v -0.114133 0.202685 0.381964
v -0.080411 0.138647 0.326131
v -0.072760 0.000000 0.295093
v -0.080416 -0.138620 0.326144
v -0.101283 -0.239680 0.410775
v -0.129671 -0.276113 0.525909
v -0.157928 -0.238574 0.640511
v -0.178533 -0.137514 0.724078
v -0.275102 0.000000 0.721752
v -0.263976 0.137514 0.692559
v -0.233509 0.238575 0.612629
v -0.194526 0.277810 0.499735
v -0.141465 0.237391 0.404000
v -0.118901 0.138620 0.311947
v -0.107582 0.000000 0.282248
v -0.118901 -0.138620 0.311947
v -0.149755 -0.239680 0.392894
v -0.191729 -0.276113 0.503016
v -0.233509 -0.238574 0.612629
v -0.263976 -0.137514 0.692559
v -0.359439 0.000000 0.676555
v -0.344900 0.137514 0.649191
v -0.305095 0.238575 0.574266
v -0.251689 0.276831 0.470129
v -0.196762 0.240346 0.367002
v -0.155353 0.138620 0.292413
v -0.140562 0.000000 0.264573
v -0.155353 -0.138620 0.292413
v -0.195664 -0.239680 0.368291
v -0.250506 -0.276114 0.471517
v -0.305095 -0.238574 0.574266
v -0.344900 -0.137514 0.649191
v -0.437625 0.000000 0.619783
v -0.419924 0.137514 0.594715
v -0.371460 0.238575 0.526077
v -0.304997 0.276114 0.431949
v -0.238226 0.239681 0.337385
v -0.189145 0.138620 0.267875
v -0.171137 0.000000 0.242371
v -0.189145 -0.138620 0.267875
v -0.238226 -0.239680 0.337386
v -0.304997 -0.276113 0.431950
v -0.371460 -0.238574 0.526077
v -0.419924 -0.137514 0.594715
v -0.508322 0.000000 0.552405
v -0.487763 0.137514 0.530062
v -0.431469 0.238575 0.468886
v -0.354269 0.276114 0.384992
v -0.276711 0.239681 0.300708
v -0.219701 0.138620 0.238754
v -0.198784 0.000000 0.216023
v -0.219701 -0.138620 0.238755
v -0.276711 -0.239680 0.300708
v -0.354269 -0.276113 0.384992
v -0.431469 -0.238574 0.468887
v -0.487763 -0.137514 0.530062
v -0.570324 0.000000 0.475576
v -0.547256 0.137514 0.456340
v -0.484096 0.238575 0.403673
v -0.397480 0.276114 0.331446
v -0.310462 0.239681 0.258885
v -0.246499 0.138620 0.205548
v -0.223030 0.000000 0.185978
v -0.246499 -0.138620 0.205548
v -0.310462 -0.239680 0.258885
v -0.397480 -0.276114 0.331447
v -0.484096 -0.238574 0.403673
v -0.547256 -0.137514 0.456340
v -0.622566 0.000000 0.390609
v -0.597386 0.137514 0.374810
v -0.528440 0.238575 0.331553
v -0.433890 0.276114 0.272230
v -0.338901 0.239681 0.212632
v -0.269078 0.138620 0.168824
v -0.243460 0.000000 0.152752
v -0.269078 -0.138620 0.168825
v -0.338901 -0.239680 0.212633
v -0.433890 -0.276113 0.272231
v -0.528440 -0.238574 0.331553
v -0.597386 -0.137514 0.374810
v -0.664155 0.000000 0.298959
v -0.637293 0.137514 0.286868
v -0.563742 0.238575 0.253759
v -0.462875 0.276114 0.208356
v -0.361540 0.239681 0.162742
v -0.287054 0.138620 0.129213
v -0.259724 0.000000 0.116911
v -0.287054 -0.138620 0.129213
v -0.361540 -0.239680 0.162742
v -0.462875 -0.276113 0.208356
v -0.563742 -0.238574 0.253760
v -0.637293 -0.137514 0.286868
v -0.694381 0.000000 0.202194
v -0.666297 0.137514 0.194016
v -0.589398 0.238575 0.171624
v -0.483941 0.276114 0.140916
v -0.377995 0.239681 0.110066
v -0.300118 0.138620 0.087390
v -0.271544 0.000000 0.079070
v -0.300118 -0.138620 0.087390
v -0.377995 -0.239680 0.110067
v -0.483941 -0.276114 0.140917
v -0.589398 -0.238574 0.171624
v -0.666297 -0.137514 0.194016
v -0.712726 0.000000 0.101970
v -0.683900 0.137514 0.097845
v -0.604970 0.238575 0.086552
v -0.496726 0.276114 0.071066
v -0.387981 0.239680 0.055508
v -0.308046 0.138620 0.044072
v -0.278718 0.000000 0.039876
v -0.308046 -0.138620 0.044072
v -0.387981 -0.239680 0.055508
v -0.496726 -0.276114 0.071067
v -0.604970 -0.238575 0.086553
v -0.683900 -0.137514 0.097845
v -0.118391 0.856828 0.813319
v -0.187277 1.216622 0.660334
v -0.094916 1.016063 1.199651
v -0.100358 0.838827 1.223975
v -0.106037 1.082352 0.828353
v -0.116879 0.852680 0.894775
v -0.053202 1.165071 0.794483
v -0.106753 1.133713 0.722195
v -0.124506 1.051384 0.711521
v -0.106584 1.082510 0.642207
v -0.083575 1.148564 0.657548
v -0.191377 1.198149 0.653584
v -0.186121 1.200321 0.635987
v -0.177085 1.218343 0.641384
v -0.015779 1.349550 0.834640
v -0.063354 1.165470 0.641245
v -0.045708 1.179857 0.693605
v -0.083741 0.656579 0.479181
v -0.149081 0.453461 0.744227
v -0.148436 0.580366 0.557838
v -0.076094 1.108187 0.610931
v -0.094116 0.953755 0.562340
v -0.128989 0.907300 0.627281
v -0.127217 0.748394 0.774505
v -0.102532 1.064509 0.968980
v -0.116321 0.823137 1.037984
v -0.036178 1.226665 0.812784
v -0.057040 1.202227 0.623672
v -0.034320 1.228163 0.675481
v -0.082667 0.968533 0.515382
v -0.075085 0.719237 0.449032
v -0.069663 1.129910 0.572675
v -0.115737 1.169899 0.654604
v -0.130939 1.135712 0.642686
v -0.141325 1.127982 0.679201
v -0.136701 1.165305 0.692984
v -0.187198 1.207535 0.635016
v -0.185900 1.214555 0.635538
v -0.181714 1.218093 0.638124
v -0.193937 1.201025 0.648456
v -0.194344 1.202895 0.642608
v -0.191009 1.202286 0.638200
v -0.191834 1.216208 0.658736
v -0.194810 1.212499 0.656608
v -0.194136 1.205359 0.654755
v -0.157681 0.366443 0.730905
v -0.162201 0.244025 0.724988
v -0.175910 0.195017 0.712663
v -0.030867 1.045047 1.256491
v -0.058862 1.039945 1.241517
v -0.081239 1.029003 1.219804
v -0.100676 0.979254 1.213540
v -0.104651 0.926597 1.224777
v -0.103938 0.874501 1.227444
v -0.103138 1.057979 1.030993
v -0.102358 1.047758 1.097936
v -0.099192 1.032253 1.158725
v -0.116776 0.860829 0.869181
v -0.116950 0.865390 0.846936
v -0.117544 0.863583 0.828730
v -0.098790 0.821446 0.831070
v -0.070621 0.799556 0.841510
v -0.036738 0.788426 0.846448
v -0.086388 0.823161 1.244839
v -0.062872 0.809330 1.266550
v -0.033050 0.802254 1.281247
v -0.181912 1.222428 0.644424
v -0.186367 1.224159 0.649539
v -0.188022 1.221458 0.655551
v -0.116930 0.829124 0.992911
v -0.117120 0.836240 0.955163
v -0.117050 0.844190 0.923024
v -0.097730 0.814325 0.907779
v -0.069949 0.791274 0.915981
v -0.036413 0.780016 0.920260
v -0.117707 1.031397 0.841377
v -0.124884 0.970438 0.857928
v -0.125407 0.907486 0.876976
v -0.020102 1.160693 0.849329
v -0.037327 1.160480 0.839117
v -0.049079 1.161551 0.821725
v -0.042183 1.175040 0.771118
v -0.029280 1.182809 0.754501
v -0.014984 1.188077 0.743726
v -0.091996 1.117793 0.818811
v -0.077790 1.140109 0.811137
v -0.065154 1.153839 0.803578
v -0.085649 1.153507 0.669558
v -0.090801 1.154161 0.683975
v -0.097942 1.149526 0.700740
v -0.117111 1.105607 0.731695
v -0.122078 1.080997 0.731579
v -0.124091 1.062934 0.724069
v -0.124021 1.045860 0.696266
v -0.121657 1.048453 0.678873
v -0.116525 1.060897 0.660012
v -0.096562 1.109845 0.639121
v -0.089635 1.127092 0.642054
v -0.085107 1.139764 0.648321
v -0.107357 1.088760 0.801867
v -0.107705 1.099106 0.774857
v -0.107336 1.114614 0.748262
v -0.079118 0.671609 0.470090
v -0.077869 0.685791 0.461151
v -0.076830 0.702673 0.453618
v -0.154656 0.483503 0.531897
v -0.183050 0.328444 0.514957
v -0.127641 1.010960 0.732560
v -0.129365 0.960797 0.759024
v -0.127679 0.906160 0.787746
v -0.139560 1.189945 0.649011
v -0.165861 1.210925 0.643124
v -0.113311 1.110271 0.645253
v -0.109239 1.098349 0.645153
v -0.161280 1.156188 0.668887
v -0.183065 1.185900 0.658165
v -0.119020 1.145958 0.704982
v -0.113344 1.139171 0.711584
v -0.005067 1.365195 0.848528
v -0.009712 1.362633 0.845144
v -0.013496 1.356715 0.839833
v -0.013496 1.358272 0.832111
v -0.009712 1.365885 0.828810
v -0.005067 1.369622 0.826219
v -0.042833 1.185633 0.804642
v -0.046505 1.174304 0.801052
v -0.077460 1.150099 0.654514
v -0.071424 1.153673 0.650425
v -0.066409 1.158926 0.645822
v -0.010349 1.194812 0.699805
v -0.020967 1.192040 0.699564
v -0.032212 1.187351 0.698027
v -0.052063 1.178974 0.676937
v -0.056580 1.176468 0.663369
v -0.060256 1.172089 0.651439
v -0.095221 0.808138 0.523180
v -0.071163 0.595468 0.457989
v -0.053279 0.551401 0.440266
v -0.028580 0.527516 0.428580
v -0.136118 0.617170 0.762542
v -0.138524 0.761013 0.598915
v -0.161765 0.551554 0.602496
v -0.167381 0.517403 0.652892
v -0.163686 0.483007 0.702357
v -0.094759 0.637674 0.488295
v -0.111166 0.618151 0.501739
v -0.130134 0.600814 0.524250
v -0.122755 0.432712 0.773387
v -0.087049 0.420113 0.790935
v -0.045088 0.413870 0.799521
v -0.054416 1.164979 0.767113
v -0.052385 1.167678 0.741792
v -0.049045 1.172401 0.717492
v -0.061760 1.167681 0.701769
v -0.076820 1.157979 0.709917
v -0.091691 1.147256 0.717280
v -0.066136 1.156286 0.632817
v -0.068848 1.144033 0.625520
v -0.071947 1.128160 0.618541
v -0.096409 1.089094 0.631326
v -0.087472 1.095995 0.623728
v -0.080335 1.102406 0.617355
v -0.061623 1.191292 0.628773
v -0.062817 1.181596 0.633082
v -0.062696 1.173024 0.637084
v -0.038757 1.195479 0.683413
v -0.036011 1.209520 0.680014
v -0.034873 1.221036 0.677765
v -0.081304 1.083230 0.601908
v -0.086222 1.050941 0.591078
v -0.090706 1.008668 0.578027
v -0.112817 1.045666 0.643964
v -0.118482 1.006439 0.643073
v -0.123650 0.961677 0.637231
v -0.075333 1.113392 0.603411
v -0.075890 1.118422 0.594554
v -0.074927 1.123765 0.584322
v -0.100008 0.949455 0.572279
v -0.108887 0.942206 0.584590
v -0.119085 0.929118 0.602011
v -0.119389 0.846201 0.799506
v -0.121008 0.827187 0.788219
v -0.123692 0.794880 0.780351
v -0.136923 0.874899 0.661791
v -0.140796 0.834218 0.701552
v -0.138416 0.789473 0.741108
v -0.105457 0.717890 0.797110
v -0.075089 0.698070 0.810061
v -0.038980 0.687344 0.815939
v -0.103885 1.077779 0.854470
v -0.102127 1.073811 0.883728
v -0.101855 1.069543 0.920465
v -0.106461 0.827506 1.192431
v -0.111928 0.819750 1.144587
v -0.114974 0.819074 1.090551
v -0.096712 0.784649 1.052632
v -0.068985 0.761795 1.063005
v -0.035845 0.750828 1.069175
v -0.117554 1.009177 0.981917
v -0.125747 0.944013 0.999794
v -0.125780 0.878754 1.019515
v -0.081994 1.102518 0.963184
v -0.057178 1.124696 0.963143
v -0.029354 1.134882 0.966202
v -0.019815 1.328584 0.830900
v -0.025366 1.296204 0.825120
v -0.031150 1.259873 0.818706
v -0.033069 1.223709 0.826111
v -0.024873 1.222151 0.836846
v -0.013284 1.221543 0.844044
v -0.013284 1.240080 0.774891
v -0.024873 1.236093 0.784683
v -0.033069 1.231156 0.798166
v -0.047589 1.214095 0.617694
v -0.034025 1.225165 0.611838
v -0.017702 1.233342 0.607385
v -0.010364 1.244599 0.682803
v -0.020137 1.240630 0.681521
v -0.028626 1.234300 0.678751
v -0.039012 1.226902 0.667674
v -0.045228 1.222326 0.654911
v -0.051523 1.213832 0.639485
v -0.083477 0.826121 0.477142
v -0.065251 0.702237 0.435345
v -0.048006 0.686519 0.419311
v -0.025403 0.677779 0.406965
v -0.061235 1.188367 0.609404
v -0.064353 1.172024 0.596567
v -0.066904 1.152704 0.584533
v -0.058233 1.137018 0.559960
v -0.041724 1.143933 0.548064
v -0.021736 1.149171 0.539260
v -0.073246 1.102747 0.560380
v -0.076655 1.068724 0.547093
v -0.079994 1.024948 0.532274
v -0.068834 0.972065 0.499546
v -0.049127 0.975132 0.484415
v -0.025538 0.977294 0.473073
v -0.089492 0.964898 0.529434
v -0.091587 0.961229 0.541608
v -0.092086 0.957517 0.552409
v -0.089258 1.149402 0.659037
v -0.095543 1.153008 0.658964
v -0.177024 1.188908 0.636449
v -0.153190 1.161337 0.639517
v -0.123863 1.078804 0.698120
v -0.126238 1.097475 0.690110
v -0.178978 1.208603 0.666759
v -0.157204 1.186425 0.680624
v -0.130938 1.171448 0.686207
v -0.124359 1.174282 0.676266
v -0.118719 1.173765 0.665074
v -0.135054 1.129048 0.649140
v -0.137999 1.125111 0.658436
v -0.140014 1.124541 0.669002
v -0.142064 1.135568 0.687532
v -0.141883 1.145652 0.693086
v -0.140291 1.156184 0.695158
v -0.116636 1.162892 0.646562
v -0.120435 1.153931 0.641643
v -0.125677 1.144414 0.640220
v -0.171101 0.456143 0.579347
v -0.191125 0.283564 0.632993
v -0.177780 0.424306 0.633044
v -0.173653 0.392803 0.685920
v -0.125530 0.995949 0.794008
v -0.126567 0.915976 0.804758
v -0.128126 0.974049 0.776286
v -0.126297 1.024292 0.747550
v -0.123406 1.046798 0.756530
v -0.117150 1.081170 0.755050
v -0.118019 1.055820 0.784072
v -0.118104 1.040429 0.813345
v -0.124868 0.980747 0.828715
v -0.125247 0.916680 0.849435
v -0.125576 0.921646 0.824370
v -0.124781 0.874182 1.073052
v -0.125326 0.938875 1.055514
v -0.117736 1.003401 1.040502
v -0.121740 0.872329 1.129611
v -0.122814 0.934133 1.115822
v -0.116045 0.995802 1.103934
v -0.115217 0.873972 1.182496
v -0.116486 0.930011 1.173838
v -0.110867 0.986148 1.163577
v -0.035310 0.747851 1.125337
v -0.067984 0.758564 1.117689
v -0.095394 0.781044 1.105811
v -0.034606 0.752093 1.184041
v -0.066475 0.762208 1.174403
v -0.092978 0.783541 1.160342
v -0.033801 0.768558 1.238319
v -0.064525 0.777518 1.226218
v -0.089336 0.796238 1.208948
v -0.090213 0.421296 0.438768
v -0.051266 0.277560 0.390942
v -0.044444 0.387064 0.415682
v -0.035657 0.469620 0.427207
v -0.065757 0.501427 0.441824
v -0.084077 0.562010 0.463897
v -0.105235 0.527049 0.473836
v -0.130623 0.504112 0.496409
v -0.136211 0.362607 0.455022
v -0.144101 0.286029 0.431490
v -0.100866 0.287444 0.405534
v -0.083675 0.980991 1.251316
v -0.060116 0.985300 1.278858
v -0.031406 0.987425 1.296196
v -0.086084 0.923928 1.265120
v -0.061412 0.922002 1.294306
v -0.031960 0.920815 1.312342
v -0.086295 0.867905 1.263099
v -0.062086 0.860008 1.289844
v -0.032470 0.855621 1.306780
v -0.129535 0.348867 0.762550
v -0.130731 0.182812 0.748550
v -0.107363 0.236560 0.767793
v -0.091725 0.339040 0.781880
v -0.054614 0.182119 0.774535
v -0.051523 0.236218 0.780131
v -0.047473 0.334759 0.791539
v -0.036551 0.792543 0.860009
v -0.070236 0.803831 0.855225
v -0.098189 0.826468 0.845324
v -0.036452 0.791605 0.876617
v -0.070019 0.803103 0.871961
v -0.097813 0.826534 0.862524
v -0.036417 0.786960 0.896601
v -0.069944 0.798400 0.892150
v -0.097694 0.821833 0.883378
v -0.196266 1.224080 0.651295
v -0.200337 1.221179 0.648743
v -0.199578 1.213264 0.647615
v -0.195873 1.227188 0.645085
v -0.200619 1.224373 0.642403
v -0.200215 1.216117 0.641562
v -0.190977 1.224980 0.640496
v -0.195751 1.222125 0.637904
v -0.195920 1.214313 0.637262
v -0.028468 1.263677 0.806372
v -0.021404 1.267925 0.795017
v -0.011428 1.271320 0.786689
v -0.023141 1.299652 0.815395
v -0.017338 1.303845 0.806607
v -0.009237 1.306916 0.800172
v -0.017930 1.332735 0.824200
v -0.013271 1.338164 0.818286
v -0.007017 1.341457 0.813890
v -0.057250 1.138690 0.866719
v -0.087450 1.114897 0.844595
v -0.070831 1.138419 0.836644
v -0.058107 1.152273 0.827970
v -0.044618 1.152125 0.847495
v -0.023916 1.153638 0.858652
v -0.027733 1.146854 0.877994
v -0.029045 1.140982 0.913339
v -0.056839 1.130812 0.910154
v -0.081516 1.107930 0.912280
v -0.082841 1.112205 0.874066
v -0.148898 1.168689 0.637449
v -0.144451 1.176887 0.638515
v -0.140764 1.184264 0.642501
v -0.174452 1.195089 0.634807
v -0.171540 1.202090 0.635420
v -0.167812 1.207257 0.638392
v -0.094173 1.137657 0.740811
v -0.079301 1.152846 0.732917
v -0.063964 1.163777 0.724695
v -0.095007 1.128603 0.766404
v -0.080942 1.147269 0.758399
v -0.066537 1.159233 0.750322
v -0.094451 1.122087 0.792760
v -0.080793 1.143062 0.784909
v -0.067456 1.155925 0.777067
v -0.160464 1.179307 0.682176
v -0.162039 1.170985 0.680193
v -0.162032 1.162614 0.675583
v -0.182243 1.204219 0.667456
v -0.184301 1.198648 0.665621
v -0.184023 1.191580 0.662554
v -0.160589 1.153471 0.660634
v -0.159321 1.153813 0.652103
v -0.156816 1.156410 0.644681
v -0.183423 1.184630 0.651999
v -0.183114 1.185415 0.645457
v -0.180533 1.186356 0.640066
v -0.142207 1.193407 0.657450
v -0.147169 1.194058 0.666605
v -0.152547 1.191587 0.674943
v -0.168413 1.214207 0.648946
v -0.172728 1.215322 0.655584
v -0.176162 1.212952 0.662197
v -0.005631 1.388412 0.841707
v -0.003672 1.384939 0.846549
v -0.007091 1.381583 0.843952
v -0.010137 1.373799 0.838961
v -0.007091 1.382846 0.837017
v -0.003672 1.386884 0.835807
v -0.003123 1.391990 0.842444
v -0.011428 1.256013 0.845890
v -0.021404 1.256412 0.839545
v -0.028468 1.257528 0.830153
v -0.009237 1.295379 0.847641
v -0.017338 1.295168 0.842310
v -0.023141 1.295018 0.834463
v -0.007017 1.333716 0.848715
v -0.013271 1.332351 0.844424
v -0.017930 1.329648 0.838062
v -0.080195 1.088055 0.593666
v -0.084669 1.055376 0.582190
v -0.088848 1.012737 0.568574
v -0.080413 1.092625 0.584044
v -0.084558 1.059588 0.572003
v -0.088487 1.016670 0.558002
v -0.079053 1.097378 0.572971
v -0.082869 1.063923 0.560357
v -0.086547 1.020672 0.546004
v -0.065469 0.620364 0.450315
v -0.047371 0.585756 0.433933
v -0.024898 0.567345 0.422962
v -0.064009 0.641635 0.441952
v -0.045745 0.613411 0.425710
v -0.023867 0.598694 0.414463
v -0.064094 0.666434 0.435664
v -0.046391 0.643788 0.419435
v -0.024376 0.632013 0.407607
v -0.148870 0.652100 0.725951
v -0.152048 0.691506 0.682443
v -0.147873 0.729594 0.638093
v -0.114379 0.982972 0.613883
v -0.104779 0.996161 0.598102
v -0.096307 1.003867 0.587079
v -0.109371 1.025634 0.622522
v -0.099672 1.037916 0.608836
v -0.091454 1.045678 0.599232
v -0.103158 1.060517 0.627852
v -0.093735 1.070426 0.617110
v -0.086005 1.077634 0.609161
v -0.041410 0.565624 0.809088
v -0.079868 0.574676 0.802220
v -0.112421 0.591408 0.787577
v -0.041333 1.173358 0.753586
v -0.038838 1.174950 0.733052
v -0.035584 1.179278 0.713422
v -0.027904 1.180429 0.740989
v -0.025737 1.180853 0.725432
v -0.023268 1.184427 0.710663
v -0.014066 1.185120 0.732590
v -0.012829 1.184731 0.720105
v -0.011511 1.187670 0.708389
v -0.062022 1.168923 0.683317
v -0.074341 1.160920 0.690425
v -0.086897 1.154069 0.696937
v -0.063305 1.167871 0.668428
v -0.072293 1.161291 0.674359
v -0.081937 1.156595 0.679995
v -0.064708 1.164664 0.656025
v -0.071179 1.158954 0.661122
v -0.078514 1.155176 0.665936
v -0.092519 0.813043 0.512811
v -0.091924 0.818062 0.502255
v -0.089996 0.823103 0.490796
v -0.089281 1.111634 0.634586
v -0.081669 1.116563 0.629451
v -0.075474 1.122331 0.624242
v -0.083273 1.128739 0.639114
v -0.076857 1.132818 0.635199
v -0.071678 1.138160 0.630662
v -0.079173 1.141387 0.645658
v -0.073382 1.145077 0.641966
v -0.068715 1.150224 0.637589
v -0.066068 1.162881 0.627840
v -0.068839 1.149997 0.619694
v -0.071617 1.133704 0.611853
v -0.066754 1.170192 0.622488
v -0.069741 1.156330 0.613051
v -0.072438 1.139300 0.604012
v -0.065900 1.178565 0.616458
v -0.069069 1.163511 0.605408
v -0.071741 1.145470 0.594921
v -0.126204 0.782003 0.569499
v -0.113515 0.794746 0.548813
v -0.102576 0.802658 0.534328
v -0.130718 0.942457 0.714081
v -0.133946 0.840170 0.747568
v -0.135559 0.889354 0.708517
v -0.131357 0.930363 0.669828
v -0.126310 0.978808 0.672667
v -0.121059 1.024305 0.667162
v -0.126691 1.006562 0.692935
v -0.128190 1.003842 0.714640
v -0.130048 0.951242 0.739867
v -0.128718 0.895270 0.771053
v -0.130499 0.876473 0.756429
v -0.038133 0.729262 0.820700
v -0.073381 0.740525 0.815025
v -0.102862 0.761732 0.802431
v -0.037495 0.758762 0.827129
v -0.072093 0.770237 0.821628
v -0.100896 0.792256 0.809473
v -0.037042 0.777807 0.835599
v -0.071205 0.789112 0.830382
v -0.099614 0.811062 0.819066
v -0.036408 0.772094 0.948068
v -0.069956 0.783244 0.943783
v -0.097790 0.806108 0.935694
v -0.036347 0.764074 0.981231
v -0.069867 0.775182 0.976676
v -0.097734 0.798050 0.968222
v -0.036178 0.756728 1.021137
v -0.069578 0.767797 1.015977
v -0.097421 0.790710 1.006741
v -0.125704 0.898760 0.905712
v -0.125028 0.962171 0.886556
v -0.117096 1.024764 0.868783
v -0.125961 0.891124 0.937446
v -0.125251 0.955312 0.917617
v -0.116733 1.019291 0.898787
v -0.126042 0.884484 0.974581
v -0.125556 0.949397 0.954301
v -0.116990 1.014270 0.935226
v -0.082700 1.095123 1.028982
v -0.057743 1.116551 1.032142
v -0.029662 1.126319 1.036955
v -0.082710 1.082680 1.100891
v -0.058188 1.102487 1.108883
v -0.030034 1.111379 1.116578
v -0.081635 1.061796 1.167670
v -0.058371 1.078370 1.182145
v -0.030421 1.085736 1.193560
v -0.017515 1.168635 0.844560
v -0.032681 1.168934 0.835235
v -0.043164 1.170490 0.820239
v -0.015868 1.179712 0.842631
v -0.029678 1.180293 0.834160
v -0.039365 1.182042 0.821093
v -0.040848 1.180982 0.781010
v -0.029504 1.188078 0.763737
v -0.015384 1.193347 0.752058
v -0.038737 1.191308 0.786632
v -0.028764 1.197547 0.770234
v -0.015240 1.202463 0.758745
v -0.011906 1.249800 0.668883
v -0.023003 1.244579 0.668877
v -0.032420 1.236535 0.668235
v -0.013853 1.249476 0.650050
v -0.026701 1.242975 0.651583
v -0.037522 1.233487 0.653298
v -0.015888 1.243895 0.628731
v -0.030576 1.236300 0.631776
v -0.042858 1.225706 0.635667
v -0.051144 1.199483 0.601415
v -0.053816 1.181888 0.586761
v -0.055999 1.161127 0.573140
v -0.036615 1.210137 0.593763
v -0.038532 1.191470 0.577490
v -0.040119 1.169342 0.562448
v -0.019066 1.218135 0.588019
v -0.020076 1.198720 0.570585
v -0.020908 1.175573 0.554519
v -0.022694 1.119311 0.524213
v -0.043619 1.114828 0.533747
v -0.061003 1.108888 0.546625
v -0.023725 1.083096 0.508663
v -0.045644 1.079242 0.518826
v -0.063886 1.074102 0.532521
v -0.024704 1.036948 0.491865
v -0.047552 1.033803 0.502612
v -0.066628 1.029536 0.517034
v -0.026351 0.821407 0.432006
v -0.050419 0.823118 0.444432
v -0.070030 0.825478 0.460721
v -0.009556 1.206457 0.695686
v -0.019258 1.204053 0.694021
v -0.029172 1.200106 0.690324
v -0.009238 1.220484 0.693580
v -0.018404 1.218094 0.691424
v -0.027392 1.214195 0.687107
v -0.009480 1.234099 0.690301
v -0.018625 1.231153 0.688289
v -0.027127 1.226336 0.684238
v -0.046620 1.191543 0.672420
v -0.053023 1.187063 0.660014
v -0.058378 1.181009 0.647958
v -0.044016 1.204624 0.669900
v -0.051222 1.198782 0.657894
v -0.057586 1.191123 0.645217
v -0.042181 1.216455 0.668372
v -0.049270 1.210645 0.656336
v -0.055933 1.202147 0.642571
v -0.091971 1.154187 0.671225
v -0.097934 1.154619 0.685210
v -0.105622 1.150077 0.699593
v -0.098564 1.157576 0.670924
v -0.104700 1.158078 0.684017
v -0.112159 1.154294 0.696202
v -0.122710 1.074233 0.684774
v -0.120328 1.076010 0.670259
v -0.115856 1.084635 0.655926
v -0.124812 1.093486 0.677996
v -0.122369 1.094714 0.665237
v -0.118539 1.100712 0.653550
v -0.119421 1.121868 0.717259
v -0.122979 1.103551 0.716154
v -0.124190 1.088794 0.709172
v -0.123694 1.133386 0.708437
v -0.126202 1.119189 0.706584
v -0.126860 1.106527 0.700083
v -0.101763 1.114241 0.641568
v -0.095123 1.128886 0.643661
v -0.090599 1.140779 0.649668
v -0.107005 1.121955 0.642207
v -0.100979 1.134024 0.643979
v -0.096705 1.144783 0.649727
v -0.129466 0.384467 -0.674072
v -0.130838 0.097943 -0.825016
v -0.122804 0.132791 -0.955471
v -0.116033 0.454908 -0.888535
v -0.098550 0.135222 -1.116840
v -0.083127 0.325936 -1.101865
v -0.050912 0.276097 -1.277142
v -0.045332 0.340904 -1.242369
v -0.071649 0.057650 -0.846243
v -0.130232 0.078788 -0.795907
v -0.124949 0.061798 -0.768317
v -0.112318 0.052003 -0.742663
v -0.167229 0.162858 -0.790818
v -0.178959 0.241205 -0.749544
v -0.166285 0.319551 -0.708270
v -0.128752 0.337033 -0.640036
v -0.123351 0.286459 -0.618354
v -0.114240 0.251299 -0.611723
v -0.070705 0.424759 -0.652845
v -0.067635 0.087494 -0.964884
v -0.155332 0.205771 -0.940305
v -0.164200 0.293850 -0.922003
v -0.150677 0.381929 -0.903700
v -0.062979 0.500206 -0.879122
v -0.125997 0.132638 -0.921073
v -0.128398 0.126176 -0.887750
v -0.130011 0.114310 -0.855674
v -0.121680 0.462151 -0.829664
v -0.125737 0.450578 -0.772054
v -0.128299 0.423560 -0.719068
v -0.055020 0.108574 -1.118945
v -0.121518 0.178155 -1.113447
v -0.124720 0.229970 -1.109352
v -0.111094 0.281786 -1.105258
v -0.044291 0.353856 -1.099759
v -0.118763 0.127028 -0.991030
v -0.113595 0.120929 -1.028863
v -0.106968 0.121368 -1.070343
v -0.091697 0.352022 -1.052791
v -0.100442 0.389789 -1.000667
v -0.108804 0.427892 -0.945811
v -0.030076 0.280329 -1.288584
v -0.055553 0.296319 -1.277856
v -0.056474 0.318376 -1.271037
v -0.051955 0.333829 -1.256674
v -0.026479 0.349819 -1.245945
v -0.074143 0.317869 -1.147332
v -0.064684 0.322785 -1.187661
v -0.054405 0.333005 -1.220847
v -0.062515 0.247773 -1.255288
v -0.075912 0.207422 -1.216872
v -0.088122 0.166460 -1.168038
v -0.062092 0.026193 -0.759570
v -0.068434 0.030152 -0.789087
v -0.071323 0.042466 -0.817788
v -0.159653 0.112119 -0.734125
v -0.166425 0.137225 -0.760566
v -0.171191 0.172286 -0.695215
v -0.178059 0.207793 -0.717912
v -0.165407 0.278480 -0.675318
v -0.067336 0.317167 -0.597109
v -0.070306 0.373238 -0.618096
v -0.071220 0.070821 -0.874884
v -0.070404 0.080557 -0.904020
v -0.069207 0.086301 -0.933927
v -0.142361 0.359727 -0.956056
v -0.156452 0.277460 -0.968420
v -0.149208 0.195193 -0.980784
v -0.132596 0.328875 -1.007056
v -0.147151 0.255359 -1.014765
v -0.141639 0.181842 -1.022475
v -0.122055 0.299514 -1.056767
v -0.136546 0.236533 -1.061566
v -0.132463 0.173552 -1.066366
v -0.164891 0.353496 -0.750018
v -0.177588 0.268935 -0.787371
v -0.166068 0.184374 -0.824724
v -0.161891 0.377081 -0.798266
v -0.174718 0.288377 -0.829902
v -0.163720 0.199674 -0.861538
v -0.157184 0.387496 -0.850374
v -0.170278 0.297395 -0.875368
v -0.160151 0.207294 -0.900363
v -0.070043 0.467049 -0.699858
v -0.068576 0.496197 -0.755784
v -0.066240 0.508489 -0.816810
v -0.039542 0.340123 -1.144452
v -0.034647 0.339279 -1.183808
v -0.029618 0.345083 -1.217419
v -0.058801 0.470200 -0.939452
v -0.054004 0.427597 -0.996703
v -0.048963 0.384604 -1.050323
v -0.065649 0.084720 -0.997388
v -0.063047 0.083120 -1.032827
v -0.059586 0.088978 -1.072811
v -0.029571 0.311707 -1.296116
v -0.029637 0.333902 -1.288772
v -0.027728 0.346572 -1.270548
v -0.049202 0.145456 -1.171057
v -0.042369 0.192230 -1.221837
v -0.035188 0.239388 -1.262873
v -0.099107 0.282762 -1.152103
v -0.111425 0.241684 -1.157825
v -0.108643 0.200536 -1.163406
v -0.085961 0.296878 -1.194915
v -0.096253 0.265789 -1.203379
v -0.093683 0.233793 -1.210731
v -0.070787 0.315902 -1.230789
v -0.078426 0.293755 -1.241964
v -0.076357 0.268425 -1.249503
vn 1.0000 -0.0000 -0.0000
vn 0.9927 -0.0000 -0.1205
vn 0.9004 0.4210 -0.1093
vn 0.9072 0.4206 -0.0000
vn 0.5813 0.8106 -0.0704
vn 0.5860 0.8103 -0.0000
vn 0.0174 0.9998 -0.0018
vn 0.0175 0.9998 -0.0000
vn -0.5601 0.8256 0.0680
vn -0.5647 0.8253 -0.0000
vn -0.8956 0.4314 0.1084
vn -0.9023 0.4310 -0.0000
vn -0.9928 -0.0000 0.1202
vn -1.0000 -0.0000 -0.0000
vn -0.8956 -0.4314 0.1084
vn -0.9023 -0.4310 -0.0000
vn -0.5601 -0.8256 0.0680
vn -0.5647 -0.8253 -0.0000
vn 0.0174 -0.9998 -0.0018
vn 0.0175 -0.9998 -0.0000
vn 0.5813 -0.8106 -0.0704
vn 0.5860 -0.8103 -0.0000
vn 0.9004 -0.4210 -0.1093
vn 0.9072 -0.4206 -0.0000
vn 0.9708 -0.0000 -0.2399
vn 0.8801 0.4222 -0.2174
vn 0.5674 0.8115 -0.1398
vn 0.0172 0.9998 -0.0037
vn -0.5465 0.8265 0.1350
vn -0.8754 0.4327 0.2157
vn -0.9710 -0.0000 0.2392
vn -0.8754 -0.4327 0.2157
vn -0.5465 -0.8265 0.1350
vn 0.0172 -0.9998 -0.0037
vn 0.5674 -0.8115 -0.1398
vn 0.8801 -0.4222 -0.2174
vn 0.9342 -0.0000 -0.3568
vn 0.8461 0.4241 -0.3230
vn 0.5444 0.8128 -0.2073
vn 0.0168 0.9998 -0.0056
vn -0.5239 0.8279 0.2000
vn -0.8416 0.4347 0.3206
vn -0.9345 -0.0000 0.3559
vn -0.8416 -0.4347 0.3206
vn -0.5239 -0.8279 0.2000
vn 0.0168 -0.9998 -0.0056
vn 0.5444 -0.8128 -0.2073
vn 0.8461 -0.4241 -0.3230
vn 0.8827 -0.0000 -0.4699
vn 0.7984 0.4266 -0.4249
vn 0.5123 0.8146 -0.2719
vn 0.0161 0.9998 -0.0075
vn -0.4926 0.8298 0.2621
vn -0.7943 0.4373 0.4217
vn -0.8833 -0.0000 0.4689
vn -0.7943 -0.4373 0.4217
vn -0.4926 -0.8298 0.2621
vn 0.0161 -0.9998 -0.0075
vn 0.5123 -0.8146 -0.2719
vn 0.7984 -0.4266 -0.4249
vn 0.8163 -0.0000 -0.5776
vn 0.7373 0.4295 -0.5215
vn 0.4715 0.8167 -0.3326
vn 0.0152 0.9998 -0.0095
vn -0.4529 0.8320 0.3203
vn -0.7335 0.4405 0.5176
vn -0.8171 -0.0000 0.5765
vn -0.7335 -0.4405 0.5176
vn -0.4529 -0.8320 0.3203
vn 0.0152 -0.9998 -0.0095
vn 0.4715 -0.8167 -0.3326
vn 0.7373 -0.4295 -0.5215
vn 0.7351 -0.0000 -0.6779
vn 0.6629 0.4327 -0.6110
vn 0.4224 0.8190 -0.3883
vn 0.0139 0.9998 -0.0114
vn -0.4052 0.8344 0.3735
vn -0.6595 0.4440 0.6066
vn -0.7361 -0.0000 0.6768
vn -0.6595 -0.4440 0.6066
vn -0.4052 -0.8344 0.3735
vn 0.0139 -0.9998 -0.0114
vn 0.4224 -0.8190 -0.3883
vn 0.6629 -0.4327 -0.6110
vn 0.6396 -0.0000 -0.7687
vn 0.5758 0.4360 -0.6916
vn 0.3655 0.8214 -0.4379
vn 0.0124 0.9998 -0.0132
vn -0.3502 0.8369 0.4207
vn -0.5729 0.4475 0.6867
vn -0.6407 -0.0000 0.7678
vn -0.5729 -0.4475 0.6867
vn -0.3502 -0.8369 0.4207
vn 0.0124 -0.9998 -0.0132
vn 0.3655 -0.8214 -0.4379
vn 0.5758 -0.4360 -0.6916
vn 0.5306 -0.0000 -0.8476
vn 0.4769 0.4392 -0.7614
vn 0.3017 0.8236 -0.4803
vn 0.0105 0.9998 -0.0149
vn -0.2887 0.8392 0.4609
vn -0.4745 0.4510 0.7559
vn -0.5318 -0.0000 0.8469
vn -0.4745 -0.4509 0.7559
vn -0.2887 -0.8392 0.4609
vn 0.0105 -0.9998 -0.0149
vn 0.3017 -0.8236 -0.4803
vn 0.4769 -0.4392 -0.7614
vn 0.3957 0.0100 -0.9183
vn 0.3457 0.4330 -0.8325
vn 0.2346 0.8266 -0.5115
vn 0.0083 0.9998 -0.0162
vn -0.2216 0.8412 0.4932
vn -0.3659 0.4539 0.8124
vn -0.4107 -0.0000 0.9118
vn -0.3659 -0.4539 0.8124
vn -0.2216 -0.8412 0.4932
vn 0.0082 -0.9998 -0.0163
vn 0.2319 -0.8255 -0.5146
vn 0.3677 -0.4419 -0.8182
vn 0.2384 0.0324 -0.9706
vn 0.3051 0.3366 -0.8908
vn 0.8336 0.2963 -0.4662
vn 0.7622 0.6468 -0.0254
vn 0.0062 0.9999 -0.0155
vn -0.1503 0.8427 0.5169
vn -0.2489 0.4563 0.8543
vn -0.2798 -0.0000 0.9601
vn -0.2489 -0.4563 0.8543
vn -0.1503 -0.8427 0.5169
vn 0.0056 -0.9998 -0.0174
vn 0.1573 -0.8270 -0.5398
vn 0.2405 -0.4383 -0.8660
vn 0.2386 0.8530 0.4643
vn 0.0047 0.9999 -0.0105
vn 0.4467 0.7943 0.4118
vn -0.0759 0.8437 0.5314
vn -0.1260 0.4578 0.8801
vn -0.1417 -0.0000 0.9899
vn -0.1260 -0.4578 0.8801
vn -0.0759 -0.8437 0.5314
vn 0.0029 -0.9998 -0.0181
vn 0.0795 -0.8279 -0.5552
vn 0.1172 -0.4271 -0.8966
vn 0.1146 0.1032 -0.9880
vn -0.0000 0.8464 0.5326
vn -0.0000 1.0000 -0.0065
vn -0.0000 0.8440 0.5363
vn -0.0000 0.4583 0.8888
vn -0.0000 -0.0000 1.0000
vn -0.0000 -0.4583 0.8888
vn -0.0000 -0.8440 0.5363
vn -0.0000 -0.9998 -0.0183
vn -0.0000 -0.8282 -0.5604
vn -0.0000 -0.4216 -0.9068
vn -0.0000 0.1080 -0.9942
vn -0.0000 -0.0263 0.9997
vn 0.1506 -0.0192 0.9884
vn 0.2122 0.0308 0.9767
vn -0.0000 0.0236 0.9997
vn 0.4426 0.2845 0.8504
vn 0.7286 0.5366 0.4257
vn 0.8082 0.1695 0.5640
vn -0.0000 0.4817 -0.8763
vn 0.0068 0.4865 -0.8736
vn -0.1088 0.4488 -0.8870
vn -0.0000 0.4359 -0.9000
vn -0.1418 -0.0004 -0.9899
vn -0.0000 -0.0004 -1.0000
vn -0.1260 -0.4578 -0.8801
vn -0.0000 -0.4583 -0.8888
vn -0.0759 -0.8437 -0.5314
vn -0.0000 -0.8440 -0.5363
vn 0.0029 -0.9998 0.0181
vn -0.0000 -0.9998 0.0183
vn 0.0795 -0.8279 0.5552
vn -0.0000 -0.8282 0.5604
vn 0.1266 -0.4454 0.8863
vn -0.0000 -0.4459 0.8951
vn 0.2874 -0.0077 0.9578
vn -0.0375 0.5592 -0.8282
vn -0.2349 0.4738 -0.8487
vn -0.2791 -0.0002 -0.9603
vn -0.2489 -0.4563 -0.8543
vn -0.1503 -0.8427 -0.5169
vn 0.0056 -0.9998 0.0174
vn 0.1573 -0.8270 0.5398
vn 0.2501 -0.4440 0.8604
vn 0.4119 -0.0016 0.9112
vn 0.3845 0.4341 0.8147
vn 0.2472 0.8255 0.5073
vn 0.1167 0.6734 -0.7300
vn 0.6699 0.2947 -0.6814
vn 0.5930 0.7868 -0.1714
vn -0.3900 0.4703 -0.7917
vn -0.4107 -0.0000 -0.9118
vn -0.3659 -0.4539 -0.8124
vn -0.2216 -0.8412 -0.4932
vn 0.0082 -0.9998 0.0163
vn 0.2319 -0.8255 0.5146
vn 0.3677 -0.4419 0.8182
vn 0.5306 -0.0000 0.8476
vn 0.4769 0.4392 0.7614
vn 0.3043 0.8222 0.4810
vn 0.0072 0.9999 0.0127
vn -0.3079 0.8339 -0.4580
vn -0.4860 0.4527 -0.7476
vn -0.5318 -0.0000 -0.8469
vn -0.4745 -0.4509 -0.7559
vn -0.2887 -0.8392 -0.4609
vn 0.0105 -0.9998 0.0149
vn 0.3017 -0.8236 0.4803
vn 0.4769 -0.4392 0.7614
vn 0.6396 -0.0000 0.7687
vn 0.5758 0.4360 0.6916
vn 0.3666 0.8210 0.4377
vn 0.0169 0.9998 0.0117
vn -0.3460 0.8368 -0.4244
vn -0.5715 0.4471 -0.6881
vn -0.6407 -0.0000 -0.7678
vn -0.5729 -0.4475 -0.6867
vn -0.3502 -0.8369 -0.4207
vn 0.0124 -0.9998 0.0132
vn 0.3655 -0.8214 0.4379
vn 0.5758 -0.4360 0.6916
vn 0.7351 -0.0000 0.6779
vn 0.6629 0.4327 0.6110
vn 0.4224 0.8190 0.3883
vn 0.0139 0.9998 0.0114
vn -0.4052 0.8344 -0.3735
vn -0.6595 0.4440 -0.6066
vn -0.7361 -0.0000 -0.6768
vn -0.6595 -0.4440 -0.6066
vn -0.4052 -0.8344 -0.3735
vn 0.0139 -0.9998 0.0114
vn 0.4224 -0.8190 0.3883
vn 0.6629 -0.4327 0.6110
vn 0.8163 -0.0000 0.5776
vn 0.7373 0.4295 0.5215
vn 0.4715 0.8167 0.3326
vn 0.0152 0.9998 0.0095
vn -0.4529 0.8320 -0.3203
vn -0.7335 0.4405 -0.5176
vn -0.8171 -0.0000 -0.5765
vn -0.7335 -0.4405 -0.5176
vn -0.4529 -0.8320 -0.3203
vn 0.0152 -0.9998 0.0095
vn 0.4715 -0.8167 0.3326
vn 0.7373 -0.4295 0.5215
vn 0.8827 -0.0000 0.4699
vn 0.7984 0.4266 0.4249
vn 0.5123 0.8146 0.2719
vn 0.0161 0.9998 0.0075
vn -0.4926 0.8298 -0.2621
vn -0.7943 0.4373 -0.4217
vn -0.8833 -0.0000 -0.4689
vn -0.7943 -0.4373 -0.4217
vn -0.4926 -0.8298 -0.2621
vn 0.0161 -0.9998 0.0075
vn 0.5123 -0.8146 0.2719
vn 0.7984 -0.4266 0.4249
vn 0.9342 -0.0000 0.3568
vn 0.8461 0.4241 0.3230
vn 0.5444 0.8128 0.2073
vn 0.0168 0.9998 0.0056
vn -0.5239 0.8279 -0.2000
vn -0.8416 0.4347 -0.3206
vn -0.9345 -0.0000 -0.3559
vn -0.8416 -0.4347 -0.3206
vn -0.5239 -0.8279 -0.2000
vn 0.0168 -0.9998 0.0056
vn 0.5444 -0.8128 0.2073
vn 0.8461 -0.4241 0.3230
vn 0.9708 -0.0000 0.2399
vn 0.8801 0.4222 0.2174
vn 0.5674 0.8115 0.1398
vn 0.0172 0.9998 0.0037
vn -0.5465 0.8265 -0.1350
vn -0.8754 0.4327 -0.2157
vn -0.9710 -0.0000 -0.2392
vn -0.8754 -0.4327 -0.2157
vn -0.5465 -0.8265 -0.1350
vn 0.0172 -0.9998 0.0037
vn 0.5674 -0.8115 0.1398
vn 0.8801 -0.4222 0.2174
vn 0.9927 -0.0000 0.1205
vn 0.9004 0.4210 0.1093
vn 0.5813 0.8106 0.0704
vn 0.0174 0.9998 0.0018
vn -0.5601 0.8256 -0.0680
vn -0.8956 0.4314 -0.1084
vn -0.9928 -0.0000 -0.1202
vn -0.8956 -0.4314 -0.1084
vn -0.5601 -0.8256 -0.0680
vn 0.0174 -0.9998 0.0018
vn 0.5813 -0.8106 0.0704
vn 0.9004 -0.4210 0.1093
vn 0.9402 0.2044 -0.2725
vn 0.9814 0.1119 0.1557
vn 0.9822 0.1388 -0.1263
vn 0.9944 0.0983 0.0391
vn 0.9681 0.0551 0.2443
vn 0.9144 0.1724 -0.3661
vn 0.9415 0.1305 -0.3109
vn 0.9858 0.1118 -0.1255
vn 0.9950 0.0894 0.0446
vn 0.9680 0.0568 0.2444
vn 0.8534 0.0088 0.5211
vn 0.8670 0.0028 0.4984
vn 0.7989 0.0184 0.6012
vn 0.9953 -0.0503 0.0827
vn 0.9973 0.0391 0.0616
vn 0.9937 0.0870 0.0707
vn 0.9979 -0.0514 0.0399
vn 0.9964 0.0741 0.0419
vn 0.9858 0.1274 0.1090
vn 0.9497 0.2410 0.2000
vn 0.9713 0.2010 0.1272
vn 0.9791 0.1851 0.0842
vn 0.9971 0.0682 0.0350
vn 0.9972 -0.0742 -0.0130
vn 0.9539 -0.2293 0.1937
vn 0.9941 -0.0552 0.0933
vn 0.9597 -0.2580 0.1110
vn 0.9989 0.0235 0.0418
vn 0.9574 -0.2888 0.0048
vn 0.9988 0.0441 -0.0215
vn 0.9976 0.0570 0.0391
vn 0.9982 0.0590 0.0080
vn 0.9789 0.1243 0.1620
vn 0.6306 0.6198 0.4671
vn 0.8606 0.4364 0.2625
vn 0.8968 0.2854 0.3380
vn 0.9225 0.3489 0.1653
vn 0.9349 0.3292 0.1324
vn 0.9790 0.1898 0.0744
vn 0.9386 0.3204 0.1280
vn 0.9974 0.0683 0.0213
vn 0.9368 -0.3330 -0.1077
vn 0.9441 -0.3196 -0.0810
vn 0.9960 -0.0836 -0.0328
vn 0.9959 -0.0854 0.0295
vn 0.9977 0.0612 0.0298
vn 0.9949 0.0619 0.0795
vn 0.9931 -0.0806 0.0856
vn 0.9803 0.1946 0.0335
vn 0.9775 0.1940 0.0824
vn 0.9830 0.0657 0.1717
vn 0.9815 -0.0674 0.1792
vn 0.9679 0.1895 0.1653
vn 0.9463 -0.3229 -0.0178
vn 0.9964 -0.0852 0.0018
vn 0.9484 -0.3161 0.0252
vn 0.9979 0.0641 0.0084
vn 0.9804 0.1966 0.0141
vn 0.9264 0.3752 0.0301
vn 0.9247 0.3773 0.0505
vn 0.9211 0.3751 0.1047
vn 0.9129 0.3617 0.1892
vn 0.8994 0.3291 0.2875
vn 0.9272 0.2025 0.3150
vn 0.9410 0.0711 0.3309
vn 0.9380 -0.0655 0.3404
vn 0.9411 -0.2652 0.2098
vn 0.9190 -0.2119 0.3325
vn 0.9489 -0.2991 0.1010
vn 0.1973 -0.9803 0.0136
vn 0.4822 -0.8759 0.0137
vn 0.5117 -0.8433 0.1647
vn 0.2208 -0.9577 0.1843
vn 0.7783 -0.6276 0.0176
vn 0.7924 -0.5959 0.1304
vn 0.5562 -0.7326 0.3923
vn 0.2644 -0.8515 0.4527
vn 0.8023 -0.5194 0.2943
vn -0.0000 -0.9964 -0.0847
vn 0.1873 -0.9788 -0.0833
vn -0.0000 -0.9999 0.0140
vn 0.4663 -0.8815 -0.0740
vn 0.7678 -0.6388 -0.0493
vn 0.8124 -0.3419 0.4723
vn 0.6030 -0.4890 0.6303
vn 0.3135 -0.5893 0.7446
vn -0.0000 -0.8824 0.4705
vn -0.0000 -0.6202 0.7844
vn -0.0000 -0.9819 0.1894
vn 0.1466 0.2516 -0.9567
vn 0.1883 0.1984 -0.9619
vn 0.4780 0.2015 -0.8549
vn 0.3556 0.2859 -0.8899
vn 0.2344 0.1088 -0.9660
vn 0.4625 0.1267 -0.8775
vn 0.6262 0.1363 -0.7676
vn 0.6575 0.1741 -0.7331
vn 0.7843 0.1829 -0.5928
vn 0.7104 0.2447 -0.6599
vn -0.0000 0.2440 -0.9698
vn -0.0000 0.1902 -0.9818
vn -0.0000 -0.0322 -0.9995
vn 0.2881 -0.0140 -0.9575
vn -0.0000 0.1028 -0.9947
vn 0.5376 0.0237 -0.8429
vn 0.8284 0.0625 -0.5566
vn 0.7361 0.1340 -0.6634
vn 0.7107 0.0503 -0.7017
vn 0.7662 0.1512 -0.6246
vn 0.8585 0.1449 -0.4919
vn 0.8190 0.2589 0.5121
vn 0.6222 0.3320 0.7090
vn 0.6383 0.0744 0.7662
vn 0.8339 0.0742 0.5469
vn 0.3373 0.3848 0.8592
vn 0.3518 0.0737 0.9332
vn 0.6308 -0.1876 0.7530
vn 0.8268 -0.1142 0.5508
vn 0.3437 -0.2431 0.9071
vn 0.7871 0.4559 0.4155
vn 0.5776 0.5939 0.5601
vn 0.2970 0.6833 0.6670
vn -0.0000 0.7096 0.7046
vn -0.0000 0.4023 0.9155
vn -0.0000 0.0733 0.9973
vn -0.0000 -0.2625 0.9649
vn 0.4121 -0.0959 0.9061
vn 0.4514 -0.0559 0.8905
vn 0.6306 -0.0472 0.7747
vn 0.3682 -0.0873 0.9256
vn 0.1391 -0.1229 0.9826
vn 0.1678 -0.1451 0.9751
vn 0.1343 -0.1034 0.9855
vn 0.6094 -0.0412 0.7918
vn 0.3337 -0.0700 0.9401
vn 0.1306 -0.0787 0.9883
vn -0.0000 -0.0796 0.9968
vn -0.0000 -0.1082 0.9941
vn -0.0000 -0.1192 0.9929
vn -0.0000 -0.1456 0.9893
vn 0.2132 -0.9699 0.1177
vn 0.5084 -0.8521 0.1245
vn 0.4721 -0.8738 -0.1163
vn 0.1922 -0.9713 -0.1402
vn 0.8048 -0.5790 0.1304
vn 0.7803 -0.6227 -0.0574
vn 0.4435 -0.8660 -0.2308
vn 0.1781 -0.9513 -0.2515
vn 0.7497 -0.6398 -0.1694
vn -0.0000 -0.8579 0.5138
vn 0.2198 -0.8363 0.5023
vn -0.0000 -0.9931 0.1174
vn 0.5164 -0.7290 0.4494
vn 0.8024 -0.4952 0.3330
vn 0.7375 -0.6463 -0.1960
vn 0.4335 -0.8645 -0.2544
vn 0.1731 -0.9460 -0.2740
vn -0.0000 -0.9672 -0.2542
vn -0.0000 -0.9609 -0.2769
vn -0.0000 -0.9896 -0.1437
vn 0.4085 0.6941 0.5928
vn 0.8960 0.2317 0.3788
vn 0.7914 0.5331 -0.2990
vn 0.2005 0.9797 0.0051
vn 0.9487 -0.2657 0.1712
vn 0.9135 -0.1571 -0.3753
vn 0.2984 0.4240 -0.8551
vn -0.1770 0.8262 -0.5348
vn 0.5336 -0.1059 -0.8390
vn 0.1307 0.5770 0.8062
vn 0.4925 0.3491 0.7972
vn -0.0518 0.7867 0.6152
vn 0.7778 -0.0309 0.6277
vn 0.8576 -0.3082 0.4119
vn 0.8534 -0.4492 0.2645
vn 0.8811 -0.4701 0.0513
vn 0.8297 -0.4614 -0.3142
vn 0.6153 -0.3845 -0.6882
vn 0.3577 -0.2854 -0.8891
vn 0.1973 -0.0627 -0.9783
vn -0.0584 0.2572 -0.9646
vn -0.3276 0.5672 -0.7556
vn -0.4493 0.8751 -0.1795
vn -0.5074 0.7293 -0.4589
vn -0.2902 0.9267 0.2387
vn 0.9288 0.2115 -0.3044
vn 0.7752 0.2709 -0.5707
vn 0.7699 0.2800 -0.5735
vn 0.9265 0.2202 -0.3052
vn 0.4920 0.3333 -0.8043
vn 0.4840 0.3427 -0.8052
vn 0.7710 0.2996 -0.5619
vn 0.9261 0.2354 -0.2948
vn 0.4738 0.3669 -0.8006
vn 0.9881 0.1472 0.0456
vn 0.9299 0.2142 -0.2990
vn 0.9883 0.1452 0.0466
vn 0.7802 0.2780 -0.5603
vn 0.4967 0.3474 -0.7954
vn -0.0000 0.3878 -0.9218
vn -0.0000 0.3703 -0.9289
vn -0.0000 0.3793 -0.9253
vn -0.0000 0.4033 -0.9151
vn -0.0000 0.4643 -0.8857
vn 0.4708 0.4242 -0.7735
vn 0.8019 0.3337 -0.4956
vn 0.9476 0.2543 -0.1931
vn 0.9847 0.1682 0.0446
vn 0.9815 0.1862 0.0448
vn 0.9870 0.1543 0.0452
vn 0.8166 0.5410 0.2013
vn 0.6697 0.6994 0.2497
vn 0.5327 0.8138 0.2325
vn 0.7937 0.5900 0.1480
vn 0.5766 0.7688 0.2766
vn 0.4288 0.8255 0.3671
vn 0.2180 0.8807 0.4205
vn 0.2176 0.9474 0.2347
vn 0.2203 0.9661 0.1345
vn 0.5220 0.8446 0.1193
vn 0.7876 0.6111 0.0794
vn 0.8488 0.4971 0.1801
vn 0.9273 0.3525 0.1261
vn 0.7287 0.6573 0.1923
vn 0.9257 0.3691 0.0820
vn 0.7113 0.6996 0.0674
vn 0.6571 0.6823 0.3204
vn 0.6327 0.7563 0.1663
vn 0.4852 0.7030 0.5200
vn -0.0000 0.7047 0.7095
vn -0.0000 0.9015 0.4328
vn 0.2572 0.7087 0.6569
vn -0.0000 0.9741 0.2262
vn -0.0000 0.9931 0.1173
vn 0.2215 0.9686 0.1129
vn -0.0000 0.9909 0.1347
vn 0.5161 0.8513 0.0943
vn 0.9266 0.3739 0.0405
vn 0.7818 0.6205 0.0609
vn -0.4953 0.4303 -0.7547
vn -0.4294 0.4409 -0.7882
vn -0.2084 0.1816 -0.9610
vn -0.2744 0.1665 -0.9471
vn -0.6380 0.6780 -0.3652
vn -0.5879 0.6951 -0.4138
vn 0.2932 -0.3299 -0.8974
vn -0.0320 -0.0744 -0.9967
vn -0.0249 -0.0845 -0.9961
vn 0.2835 -0.3507 -0.8925
vn -0.2937 0.1771 -0.9393
vn -0.5140 0.4400 -0.7364
vn -0.6457 0.6794 -0.3485
vn 0.0204 -0.0674 -0.9975
vn 0.3128 -0.3300 -0.8906
vn 0.6880 -0.1895 0.7005
vn 0.7093 -0.1481 0.6892
vn 0.4716 0.1698 0.8653
vn 0.4368 0.1299 0.8901
vn 0.7155 0.6583 0.2340
vn 0.5919 0.7924 0.1474
vn 0.6794 0.7223 0.1294
vn 0.8230 0.5434 0.1657
vn 0.5017 0.8569 0.1184
vn 0.5418 0.8349 0.0967
vn 0.7301 0.6698 0.1353
vn 0.8567 0.4937 0.1493
vn 0.6096 0.7873 0.0922
vn 0.5576 0.7946 0.2402
vn 0.5194 0.8460 0.1205
vn 0.5277 0.8422 0.1112
vn 0.6051 0.7456 0.2792
vn 0.4593 0.8750 0.1531
vn 0.4697 0.8793 0.0789
vn 0.5649 0.8245 0.0317
vn 0.7928 -0.3843 0.4731
vn 0.7996 -0.3557 0.4838
vn 0.8270 -0.5100 0.2365
vn 0.8308 -0.4921 0.2600
vn 0.0231 0.4999 0.8658
vn 0.4458 0.1461 0.8831
vn 0.0256 0.4995 0.8659
vn 0.7215 -0.1570 0.6744
vn 0.8409 -0.3395 0.4216
vn 0.8751 -0.4492 0.1797
vn 0.0697 0.5288 0.8458
vn 0.7332 -0.6115 -0.2975
vn 0.7630 -0.5802 -0.2851
vn 0.8240 -0.5665 0.0081
vn 0.8086 -0.5881 -0.0169
vn 0.5674 -0.5470 -0.6155
vn 0.5970 -0.5178 -0.6127
vn 0.8525 -0.5190 -0.0625
vn 0.7690 -0.5484 -0.3286
vn 0.5919 -0.5033 -0.6295
vn -0.5009 0.7799 0.3754
vn -0.4502 0.8265 0.3381
vn -0.5700 0.8214 0.0174
vn -0.6159 0.7849 0.0680
vn -0.3164 0.7091 0.6301
vn -0.2668 0.7462 0.6099
vn -0.6186 0.7822 0.0741
vn -0.5037 0.7769 0.3777
vn -0.3191 0.7054 0.6329
vn 0.4793 0.3090 0.8215
vn 0.8578 0.2434 0.4527
vn 0.8714 0.4822 0.0899
vn 0.5409 0.8258 0.1594
vn 0.9670 0.2488 0.0557
vn 0.8630 0.3932 -0.3172
vn 0.4839 0.6012 -0.6360
vn -0.0000 0.0706 0.9975
vn 0.4332 0.0828 0.8975
vn -0.0000 0.3419 0.9397
vn 0.7726 0.1165 0.6241
vn -0.0000 0.9804 0.1971
vn 0.9391 0.1620 0.3031
vn -0.0000 0.6802 -0.7330
vn 0.3749 -0.0244 0.9267
vn 0.6778 0.0144 0.7351
vn 0.6880 0.0271 0.7252
vn 0.3851 -0.0109 0.9228
vn 0.8981 0.0733 0.4336
vn 0.9006 0.0839 0.4265
vn 0.7107 0.0537 0.7014
vn 0.4014 0.0159 0.9158
vn 0.9063 0.1037 0.4097
vn -0.0000 -0.0335 0.9994
vn 0.3670 -0.0192 0.9300
vn -0.0000 -0.0388 0.9992
vn 0.6728 0.0190 0.7396
vn 0.8980 0.0765 0.4333
vn -0.0000 0.0018 1.0000
vn -0.0000 -0.0251 0.9997
vn 0.9880 0.1520 0.0293
vn 0.9916 0.1263 -0.0277
vn 0.9926 0.1178 -0.0293
vn 0.9897 0.1422 0.0164
vn 0.9927 0.0991 -0.0691
vn 0.9937 0.0927 -0.0625
vn 0.9587 0.1747 -0.2243
vn 0.9610 0.2046 -0.1861
vn 0.9565 0.1451 -0.2529
vn 0.9582 0.2502 -0.1386
vn 0.9517 0.2384 -0.1935
vn 0.9850 0.1516 0.0820
vn 0.9470 0.2021 -0.2498
vn 0.9432 0.1646 -0.2887
vn 0.9379 0.1225 -0.3246
vn 0.9926 0.0607 -0.1047
vn 0.9947 0.0543 -0.0876
vn 0.9559 0.1050 -0.2744
vn 0.8412 0.1682 -0.5139
vn 0.8442 0.2093 -0.4935
vn 0.8488 0.2453 -0.4684
vn 0.8542 0.2826 -0.4364
vn 0.9652 0.2147 -0.1496
vn 0.8615 0.3059 -0.4053
vn 0.9880 0.1425 0.0598
vn 0.8234 -0.0727 -0.5628
vn 0.6413 -0.1099 -0.7594
vn 0.6708 -0.1726 -0.7213
vn 0.8524 -0.1339 -0.5055
vn 0.3580 -0.1598 -0.9199
vn 0.3816 -0.2138 -0.8993
vn 0.6333 -0.1005 -0.7674
vn 0.8132 -0.0826 -0.5760
vn 0.3614 -0.1141 -0.9254
vn 0.9330 -0.0402 -0.3576
vn -0.0000 -0.1852 -0.9827
vn -0.0000 -0.2338 -0.9723
vn -0.0000 -0.1198 -0.9928
vn -0.0000 0.0689 -0.9976
vn 0.3267 0.0641 -0.9429
vn 0.5679 0.0538 -0.8213
vn 0.7385 0.0407 -0.6730
vn 0.9246 -0.0466 -0.3782
vn 0.8481 0.0486 -0.5275
vn 0.9547 -0.0843 -0.2853
vn 0.9907 0.0926 -0.0996
vn 0.9960 0.0747 0.0497
vn 0.9615 0.1099 -0.2518
vn 0.9926 0.0974 -0.0727
vn 0.9952 0.0776 0.0603
vn 0.9717 0.1172 -0.2049
vn 0.3146 -0.0516 0.9478
vn 0.1189 -0.0573 0.9913
vn 0.9687 0.0490 0.2433
vn 0.8495 0.0101 0.5274
vn 0.9694 0.0489 0.2407
vn 0.8547 0.0034 0.5191
vn 0.3110 -0.0714 0.9477
vn 0.1151 -0.0802 0.9901
vn 0.9290 0.1648 -0.3313
vn 0.8680 0.1994 -0.4548
vn 0.8503 0.2421 -0.4674
vn 0.9133 0.1920 -0.3591
vn 0.8586 0.2092 -0.4681
vn 0.8541 0.2545 -0.4537
vn 0.8145 0.2892 -0.5030
vn 0.8631 0.2199 -0.4547
vn 0.8487 0.3017 -0.4343
vn 0.9268 0.1406 -0.3481
vn 0.9728 0.1318 -0.1906
vn 0.8681 0.1633 -0.4687
vn 0.8557 0.1667 -0.4898
vn 0.8468 0.3341 -0.4138
vn 0.7670 0.3357 -0.5468
vn 0.7686 0.2655 -0.5820
vn 0.9370 0.1407 -0.3197
vn 0.8202 0.0917 -0.5647
vn 0.9653 0.1378 -0.2219
vn 0.5941 -0.0299 0.8039
vn 0.5964 -0.0444 0.8015
vn 0.9829 0.0096 -0.1839
vn 0.9908 -0.0095 -0.1346
vn -0.0000 -0.0577 0.9983
vn -0.0000 -0.0818 0.9967
vn 0.5465 0.8363 -0.0439
vn 0.4259 0.9021 0.0696
vn 0.3323 0.9401 0.0756
vn 0.4581 0.8825 -0.1064
vn 0.3944 0.8891 0.2324
vn 0.2705 0.9004 0.3406
vn 0.1775 0.9793 0.0969
vn 0.2673 0.9528 -0.1438
vn 0.1217 0.8918 0.4359
vn 0.7124 0.6879 -0.1389
vn 0.4643 0.7205 0.5150
vn 0.2836 0.6588 0.6968
vn 0.1110 0.5815 0.8060
vn -0.0000 0.5460 0.8378
vn -0.0000 0.8800 0.4749
vn -0.0000 0.9938 0.1111
vn -0.0000 0.9881 -0.1541
vn 0.3767 0.8496 -0.3692
vn -0.0000 0.9134 -0.4072
vn 0.6148 0.7393 -0.2747
vn 0.6085 0.7917 0.0534
vn 0.5084 0.8607 0.0284
vn 0.5688 0.8155 -0.1070
vn 0.7121 0.7013 -0.0318
vn 0.4219 0.8986 0.1206
vn 0.4079 0.9093 -0.0822
vn 0.6625 0.7101 -0.2385
vn 0.8065 0.5809 -0.1104
vn 0.4839 0.8251 -0.2915
vn 0.7667 0.6119 0.1945
vn 0.2339 0.9072 0.3496
vn 0.1195 0.9907 0.0650
vn 0.1707 0.9523 -0.2528
vn 0.2528 0.8090 -0.5307
vn 0.5545 0.6997 -0.4505
vn 0.7313 0.5944 -0.3346
vn 0.8680 0.4678 -0.1665
vn 0.9164 0.3907 0.0875
vn 0.9546 0.2917 0.0595
vn 0.8532 0.5042 0.1335
vn 0.9570 0.0378 -0.2877
vn 0.9085 0.0848 -0.4091
vn 0.8463 0.1075 -0.5218
vn 0.8375 0.1435 -0.5272
vn 0.9045 0.1285 -0.4067
vn 0.6498 0.3428 -0.6784
vn 0.7349 0.3807 -0.5613
vn 0.7385 0.4380 -0.5126
vn 0.5848 0.4531 -0.6728
vn 0.8589 0.3461 -0.3775
vn 0.8810 0.3610 -0.3059
vn 0.7510 0.5073 -0.4226
vn 0.5771 0.5778 -0.5771
vn 0.8899 0.3962 -0.2258
vn 0.5226 0.2154 -0.8249
vn 0.9691 0.2312 -0.0862
vn 0.9758 0.2171 -0.0247
vn 0.9720 0.2334 0.0282
vn 0.2954 0.6138 -0.7321
vn 0.3478 0.4011 -0.8475
vn 0.9746 0.1123 0.1936
vn 0.9822 0.1002 0.1586
vn 0.9867 0.1107 0.1189
vn 0.9774 0.1325 0.1647
vn 0.9853 0.1202 0.1211
vn 0.9892 0.1170 0.0885
vn 0.9702 0.2268 -0.0853
vn 0.9637 0.2665 -0.0157
vn 0.9703 0.2084 -0.1232
vn 0.9626 0.1548 0.2225
vn 0.8685 0.3233 -0.3757
vn 0.8720 0.3654 -0.3257
vn 0.8748 0.4224 -0.2373
vn 0.9514 0.2961 0.0848
vn 0.8771 0.4666 -0.1142
vn 0.9607 0.1629 0.2248
vn 0.8206 0.1385 -0.5545
vn 0.5281 0.1820 -0.8295
vn 0.3077 0.2020 -0.9298
vn 0.3084 0.2669 -0.9131
vn 0.5287 0.2424 -0.8134
vn 0.9737 0.0458 0.2232
vn 0.9944 0.0849 0.0622
vn 0.9981 0.0608 0.0053
vn 0.9869 0.0141 0.1608
vn 0.9921 0.1078 -0.0643
vn 0.9896 0.0933 -0.1092
vn 0.9776 0.0886 -0.1909
vn 0.9938 0.0622 -0.0917
vn 0.9981 0.0558 -0.0256
vn 0.9994 0.0244 0.0237
vn 0.9940 -0.0338 0.1043
vn 0.8750 -0.0206 0.4837
vn 0.9147 -0.0833 0.3955
vn 0.9477 0.0313 -0.3177
vn 0.9846 0.0336 -0.1715
vn 0.9961 0.0446 -0.0762
vn 0.9455 -0.1680 0.2791
vn 0.1264 -0.1559 0.9797
vn 0.3367 -0.1391 0.9313
vn 0.3915 -0.2728 0.8788
vn 0.1518 -0.2996 0.9419
vn 0.6295 -0.0939 0.7713
vn 0.6961 -0.1995 0.6896
vn 0.4674 -0.4975 0.7308
vn 0.1905 -0.5524 0.8115
vn 0.7691 -0.3572 0.5300
vn -0.0000 -0.1595 0.9872
vn -0.0000 -0.5631 0.8264
vn -0.0000 -0.3052 0.9523
vn 0.1742 -0.9524 -0.2501
vn 0.4366 -0.8696 -0.2307
vn 0.4453 -0.8758 -0.1860
vn 0.1779 -0.9628 -0.2034
vn 0.7403 -0.6488 -0.1762
vn 0.7489 -0.6480 -0.1386
vn 0.4557 -0.8802 -0.1330
vn 0.1823 -0.9722 -0.1471
vn 0.7587 -0.6444 -0.0955
vn -0.0000 -0.9674 -0.2532
vn 0.9374 -0.3347 -0.0966
vn 0.9405 -0.3318 -0.0729
vn 0.9438 -0.3273 -0.0461
vn -0.0000 -0.9888 -0.1493
vn -0.0000 -0.9785 -0.2063
vn 0.9959 -0.0844 -0.0315
vn 0.9974 0.0710 0.0142
vn 0.9974 0.0713 0.0066
vn 0.9962 -0.0836 -0.0233
vn 0.9780 0.1993 0.0624
vn 0.9785 0.2029 0.0369
vn 0.9976 0.0685 0.0033
vn 0.9964 -0.0837 -0.0123
vn 0.9796 0.2004 0.0166
vn 0.7752 0.6260 0.0850
vn 0.5080 0.8525 0.1236
vn 0.5077 0.8357 0.2092
vn 0.7706 0.6186 0.1531
vn 0.2190 0.9645 0.1473
vn 0.2238 0.9435 0.2444
vn 0.5288 0.7685 0.3603
vn 0.7697 0.5803 0.2661
vn 0.2491 0.8720 0.4213
vn -0.0000 0.9881 0.1541
vn -0.0000 0.9670 0.2548
vn -0.0000 0.8979 0.4403
vn 0.3245 0.3983 0.8579
vn 0.6104 0.4180 0.6728
vn 0.6648 0.1338 0.7350
vn 0.3574 0.1016 0.9284
vn 0.8221 0.4165 0.3881
vn 0.8877 0.1735 0.4265
vn 0.9730 0.2252 0.0513
vn -0.0000 0.3832 0.9237
vn 0.9004 0.4303 0.0647
vn -0.0000 0.0867 0.9962
vn 0.7793 0.3490 -0.5204
vn 0.9193 0.2806 -0.2758
vn 0.8595 0.4611 -0.2208
vn 0.7379 0.5242 -0.4251
vn 0.4705 0.6512 -0.5955
vn 0.5005 0.4445 -0.7429
vn -0.0000 0.5038 -0.8638
vn -0.0000 0.7322 -0.6810
vn 0.2847 0.9397 0.1893
vn 0.5323 0.8213 0.2052
vn 0.5617 0.8254 -0.0570
vn 0.3172 0.9430 -0.1005
vn 0.7193 0.6509 0.2428
vn 0.7426 0.6692 0.0285
vn 0.5807 0.7790 -0.2364
vn 0.3397 0.8902 -0.3036
vn 0.7494 0.6484 -0.1341
vn -0.0000 0.7932 0.6089
vn 0.2434 0.7593 0.6035
vn -0.0000 0.9827 0.1853
vn 0.4827 0.6555 0.5808
vn 0.6695 0.5049 0.5448
vn 0.7764 0.3689 0.5110
vn 0.8374 0.4269 0.3413
vn 0.8666 0.4678 0.1740
vn 0.8761 0.4815 0.0244
vn 0.7484 0.6021 -0.2781
vn 0.5867 0.7083 -0.3924
vn 0.3483 0.8050 -0.4803
vn -0.0000 0.9434 -0.3316
vn -0.0000 0.8539 -0.5204
vn -0.0000 0.9933 -0.1152
vn 0.7401 0.5353 -0.4071
vn 0.7299 0.4637 -0.5022
vn 0.5675 0.5331 -0.6275
vn 0.5797 0.6198 -0.5290
vn 0.7221 0.4065 -0.5598
vn 0.5574 0.4649 -0.6879
vn 0.3351 0.5943 -0.7311
vn 0.3443 0.6972 -0.6288
vn 0.3271 0.5148 -0.7925
vn 0.7147 0.3710 -0.5930
vn 0.5499 0.4177 -0.7233
vn 0.3213 0.4587 -0.8285
vn -0.0000 0.4792 -0.8777
vn -0.0000 0.5397 -0.8418
vn -0.0000 0.6255 -0.7802
vn -0.0000 0.7370 -0.6759
vn 0.3168 0.4091 -0.8557
vn 0.5433 0.3753 -0.7510
vn 0.5372 0.3281 -0.7770
vn 0.3131 0.3571 -0.8800
vn 0.7072 0.3371 -0.6215
vn 0.7009 0.2945 -0.6496
vn 0.5323 0.2844 -0.7974
vn 0.3103 0.3106 -0.8985
vn 0.6954 0.2538 -0.6723
vn -0.0000 0.4263 -0.9046
vn 0.6914 0.2125 -0.6905
vn -0.0000 0.3237 -0.9462
vn -0.0000 0.2788 -0.9604
vn -0.0000 0.3717 -0.9284
vn 0.6893 0.1565 -0.7074
vn -0.0000 0.2113 -0.9774
vn 0.1336 0.2516 0.9586
vn 0.3245 0.3186 0.8906
vn 0.3690 0.2019 0.9072
vn 0.1648 0.1931 0.9673
vn 0.5409 0.4004 0.7397
vn 0.5820 0.2200 0.7829
vn 0.4157 0.3490 0.8399
vn 0.1968 0.4035 0.8936
vn 0.6111 0.2746 0.7424
vn -0.0000 0.2269 0.9739
vn 0.7341 0.4276 0.5275
vn 0.7526 0.2340 0.6155
vn 0.7647 0.2308 0.6017
vn -0.0000 0.4210 0.9071
vn -0.0000 0.1906 0.9817
vn 0.8535 0.3674 0.3695
vn 0.9077 0.2929 0.3005
vn 0.9054 0.2081 0.3701
vn 0.8538 0.2260 0.4689
vn 0.9418 0.2197 0.2543
vn 0.9373 0.1882 0.2934
vn 0.9059 0.2793 0.3182
vn 0.8581 0.2480 0.4495
vn 0.9335 0.2985 0.1987
vn -0.2637 0.9593 -0.1008
vn -0.2363 0.9369 0.2576
vn -0.4418 0.8253 0.3517
vn -0.5409 0.8405 0.0310
vn -0.0678 0.8355 0.5452
vn -0.2566 0.7462 0.6143
vn 0.1069 0.5499 0.8284
vn -0.2059 0.8359 -0.5088
vn 0.3234 0.6258 0.7097
vn -0.5480 0.7360 -0.3974
vn 0.8865 -0.3314 -0.3229
vn 0.9504 -0.2916 -0.1078
vn 0.9917 -0.0645 -0.1114
vn 0.9628 -0.0938 -0.2536
vn 0.8634 -0.1264 -0.4885
vn 0.7190 -0.3406 -0.6058
vn 0.3946 -0.2373 -0.8877
vn 0.9985 -0.0504 -0.0192
vn 0.5924 -0.0784 -0.8018
vn 0.9666 -0.2491 0.0607
vn 0.8604 -0.0444 0.5076
vn 0.5752 0.2218 0.7874
vn 0.7628 0.2934 0.5762
vn 0.9566 0.0741 0.2817
vn 0.9959 -0.0206 0.0877
vn 0.9515 -0.1834 0.2471
vn -0.2216 0.2130 -0.9516
vn 0.0400 -0.0266 -0.9988
vn 0.2536 0.0730 -0.9645
vn 0.0218 0.2980 -0.9543
vn -0.1109 0.5736 -0.8116
vn -0.4219 0.4833 -0.7671
vn -0.0000 -0.4769 -0.8790
vn -0.0000 -0.9723 -0.2338
vn 0.3612 -0.9074 -0.2147
vn 0.3207 -0.4280 -0.8450
vn -0.0000 -0.9117 -0.4108
vn 0.3995 -0.8294 -0.3904
vn -0.0000 -0.9018 -0.4321
vn 0.4208 -0.8079 -0.4127
vn 0.7754 -0.5422 -0.3236
vn 0.7553 -0.5860 -0.2934
vn 0.7040 -0.7022 -0.1063
vn 0.5453 -0.2964 -0.7841
vn 0.7805 -0.1017 -0.6169
vn 0.9511 -0.2860 -0.1171
vn 0.9942 -0.0474 0.0968
vn 0.9243 0.1515 0.3503
vn 0.9577 -0.2336 -0.1682
vn 0.9999 0.0086 0.0118
vn 0.9467 0.2242 0.2311
vn 0.7483 0.4465 0.4906
vn 0.6975 0.3247 0.6388
vn 0.6098 0.1608 0.7760
vn 0.2955 0.2259 0.9282
vn -0.0000 0.2417 0.9704
vn 0.3536 0.4282 0.8317
vn -0.0000 0.4577 0.8891
vn 0.3975 0.6075 0.6877
vn -0.0000 0.6581 0.7529
vn 0.4373 -0.8302 -0.3458
vn -0.0000 -0.9323 -0.3617
vn 0.4477 -0.8599 -0.2452
vn -0.0000 -0.9927 -0.1205
vn 0.4497 -0.8847 -0.1230
vn 0.7906 -0.5467 -0.2758
vn -0.0000 -1.0000 0.0085
vn 0.4402 -0.8979 -0.0006
vn 0.8069 -0.5771 -0.1259
vn 0.8037 -0.5936 -0.0409
vn 0.8014 -0.5612 -0.2071
vn 0.8821 0.3373 -0.3288
vn 0.9739 0.0747 -0.2143
vn 0.9666 0.0797 -0.2437
vn 0.8614 0.3406 -0.3768
vn 0.9671 -0.2342 -0.0998
vn 0.9610 -0.2428 -0.1321
vn 0.9636 0.0857 -0.2534
vn 0.8634 0.3570 -0.3565
vn 0.9456 -0.2527 -0.2051
vn 0.7327 0.6280 -0.2624
vn 0.9157 0.3370 -0.2189
vn 0.6781 0.5927 -0.4347
vn 0.9838 0.0693 -0.1653
vn 0.9686 -0.2258 -0.1039
vn 0.7904 -0.6126 -0.0051
vn 0.7719 -0.6316 -0.0719
vn 0.7356 -0.6385 -0.2262
vn 0.6784 -0.6131 -0.4048
vn 0.9186 -0.2528 -0.3038
vn 0.9629 0.0972 -0.2516
vn 0.8796 0.3880 -0.2751
vn 0.6484 0.5921 -0.4785
vn 0.6773 0.6482 -0.3479
vn 0.6445 0.5724 -0.5069
vn 0.9548 0.2667 0.1314
vn 0.9992 0.0290 -0.0290
vn 0.9969 0.0431 -0.0652
vn 0.9542 0.2976 0.0320
vn 0.9613 -0.2250 -0.1593
vn 0.9644 -0.2239 -0.1408
vn 0.9923 0.0571 -0.1097
vn 0.9429 0.3225 -0.0840
vn 0.9670 -0.2237 -0.1216
vn 0.7762 0.5341 0.3351
vn 0.7744 0.6315 -0.0382
vn 0.7863 0.5957 0.1638
vn -0.0000 0.8234 0.5674
vn 0.4278 0.7490 0.5060
vn 0.4430 0.8502 0.2844
vn -0.0000 0.9438 0.3306
vn 0.4378 0.8990 0.0120
vn -0.0000 0.9994 0.0333
vn 0.4057 0.8687 -0.2841
vn -0.0000 0.9573 -0.2890
vn -0.0000 0.9814 -0.1921
vn 0.3602 0.9151 -0.1810
vn 0.3367 0.9410 0.0343
vn -0.0000 0.9990 0.0451
vn 0.3040 0.9439 0.1290
vn -0.0000 0.9895 0.1442
vn -0.0000 0.8964 -0.4432
vn 0.3566 0.8355 -0.4181
vn 0.6815 0.7137 -0.1620
vn 0.6498 0.7600 -0.0101
vn 0.6066 0.7937 0.0457
vn 0.5478 0.8366 -0.0084
vn 0.3077 0.9515 0.0026
vn -0.0000 0.9999 0.0118
vn -0.0000 0.8515 -0.5243
vn 0.3612 0.7851 -0.5032
vn 0.3339 0.7328 -0.5929
vn -0.0000 0.7850 -0.6195
vn 0.3353 0.7522 -0.5672
vn -0.0000 0.8032 -0.5957
vn 0.4226 -0.9056 0.0361
vn -0.0000 -0.9992 0.0398
vn -0.0000 -0.9968 -0.0803
vn 0.4028 -0.9126 -0.0699
vn -0.0000 -0.9557 -0.2943
vn 0.3687 -0.8887 -0.2724
vn -0.0000 -0.8652 -0.5015
vn 0.3199 -0.8178 -0.4784
vn 0.3996 0.0502 -0.9153
vn -0.0000 0.0714 -0.9975
vn -0.0000 0.6210 -0.7838
vn 0.4533 0.5439 -0.7062
vn -0.0000 0.9390 -0.3439
vn 0.3901 0.8617 -0.3245
vn 0.5214 -0.3089 -0.7955
vn 0.2868 -0.3492 -0.8921
vn 0.6855 -0.0077 -0.7280
vn -0.0000 -0.3714 -0.9285
vn 0.6891 0.6846 -0.2377
vn 0.7641 0.3775 -0.5232
vn 0.2761 -0.7341 -0.6203
vn -0.0000 -0.7700 -0.6381
vn -0.0000 -0.6893 -0.7245
vn 0.2510 -0.6574 -0.7105
vn -0.0000 -0.5860 -0.8103
vn 0.2408 -0.5605 -0.7924
vn 0.6215 -0.5648 -0.5430
vn 0.5517 -0.4186 -0.7214
vn 0.5799 -0.5047 -0.6396
vn 0.8824 0.4370 -0.1744
vn 0.9597 0.1282 -0.2500
vn 0.9466 0.1725 -0.2723
vn 0.8648 0.4899 -0.1098
vn 0.8905 -0.2299 -0.3926
vn 0.8612 -0.1870 -0.4727
vn 0.9026 0.2435 -0.3549
vn 0.8241 0.5518 -0.1281
vn 0.8187 -0.1082 -0.5639
vn -0.9072 0.4206 -0.0000
vn -0.9004 0.4210 -0.1093
vn -0.9927 -0.0000 -0.1205
vn -0.5860 0.8103 -0.0000
vn -0.5813 0.8106 -0.0704
vn -0.0175 0.9998 -0.0000
vn -0.0174 0.9998 -0.0018
vn 0.5647 0.8253 -0.0000
vn 0.5601 0.8256 0.0680
vn 0.9023 0.4310 -0.0000
vn 0.8956 0.4314 0.1084
vn 0.9928 -0.0000 0.1202
vn 0.9023 -0.4310 -0.0000
vn 0.8956 -0.4314 0.1084
vn 0.5647 -0.8253 -0.0000
vn 0.5601 -0.8256 0.0680
vn -0.0175 -0.9998 -0.0000
vn -0.0174 -0.9998 -0.0018
vn -0.5860 -0.8103 -0.0000
vn -0.5813 -0.8106 -0.0704
vn -0.9072 -0.4206 -0.0000
vn -0.9004 -0.4210 -0.1093
vn -0.8801 0.4222 -0.2174
vn -0.9708 -0.0000 -0.2399
vn -0.5674 0.8115 -0.1398
vn -0.0172 0.9998 -0.0037
vn 0.5465 0.8265 0.1350
vn 0.8754 0.4327 0.2157
vn 0.9710 -0.0000 0.2392
vn 0.8754 -0.4327 0.2157
vn 0.5465 -0.8265 0.1350
vn -0.0172 -0.9998 -0.0037
vn -0.5674 -0.8115 -0.1398
vn -0.8801 -0.4222 -0.2174
vn -0.8461 0.4241 -0.3230
vn -0.9342 -0.0000 -0.3568
vn -0.5444 0.8128 -0.2073
vn -0.0168 0.9998 -0.0056
vn 0.5239 0.8279 0.2000
vn 0.8416 0.4347 0.3206
vn 0.9345 -0.0000 0.3559
vn 0.8416 -0.4347 0.3206
vn 0.5239 -0.8279 0.2000
vn -0.0168 -0.9998 -0.0056
vn -0.5444 -0.8128 -0.2073
vn -0.8461 -0.4241 -0.3230
vn -0.7984 0.4266 -0.4249
vn -0.8827 -0.0000 -0.4699
vn -0.5123 0.8146 -0.2719
vn -0.0161 0.9998 -0.0075
vn 0.4926 0.8298 0.2621
vn 0.7943 0.4373 0.4217
vn 0.8833 -0.0000 0.4689
vn 0.7943 -0.4373 0.4217
vn 0.4926 -0.8298 0.2621
vn -0.0161 -0.9998 -0.0075
vn -0.5123 -0.8146 -0.2719
vn -0.7984 -0.4266 -0.4249
vn -0.7373 0.4295 -0.5215
vn -0.8163 -0.0000 -0.5776
vn -0.4715 0.8167 -0.3326
vn -0.0152 0.9998 -0.0095
vn 0.4529 0.8320 0.3203
vn 0.7335 0.4405 0.5176
vn 0.8171 -0.0000 0.5765
vn 0.7335 -0.4405 0.5176
vn 0.4529 -0.8320 0.3203
vn -0.0152 -0.9998 -0.0095
vn -0.4715 -0.8167 -0.3326
vn -0.7373 -0.4295 -0.5215
vn -0.6629 0.4327 -0.6110
vn -0.7351 -0.0000 -0.6779
vn -0.4224 0.8190 -0.3883
vn -0.0139 0.9998 -0.0114
vn 0.4052 0.8344 0.3735
vn 0.6595 0.4440 0.6066
vn 0.7361 -0.0000 0.6768
vn 0.6595 -0.4440 0.6066
vn 0.4052 -0.8344 0.3735
vn -0.0139 -0.9998 -0.0114
vn -0.4224 -0.8190 -0.3883
vn -0.6629 -0.4327 -0.6110
vn -0.5758 0.4360 -0.6916
vn -0.6396 -0.0000 -0.7687
vn -0.3655 0.8214 -0.4379
vn -0.0124 0.9998 -0.0132
vn 0.3502 0.8369 0.4207
vn 0.5729 0.4475 0.6867
vn 0.6407 -0.0000 0.7678
vn 0.5729 -0.4475 0.6867
vn 0.3502 -0.8369 0.4207
vn -0.0124 -0.9998 -0.0132
vn -0.3655 -0.8214 -0.4379
vn -0.5758 -0.4360 -0.6916
vn -0.4769 0.4392 -0.7614
vn -0.5306 -0.0000 -0.8476
vn -0.3017 0.8236 -0.4803
vn -0.0105 0.9998 -0.0149
vn 0.2887 0.8392 0.4609
vn 0.4745 0.4509 0.7559
vn 0.5318 -0.0000 0.8469
vn 0.4745 -0.4509 0.7559
vn 0.2887 -0.8392 0.4609
vn -0.0105 -0.9998 -0.0149
vn -0.3017 -0.8236 -0.4803
vn -0.4769 -0.4392 -0.7614
vn -0.3457 0.4330 -0.8325
vn -0.3957 0.0100 -0.9183
vn -0.2346 0.8266 -0.5115
vn -0.0083 0.9998 -0.0162
vn 0.2216 0.8412 0.4932
vn 0.3659 0.4539 0.8124
vn 0.4107 -0.0000 0.9118
vn 0.3659 -0.4539 0.8124
vn 0.2216 -0.8412 0.4932
vn -0.0082 -0.9998 -0.0163
vn -0.2319 -0.8255 -0.5146
vn -0.3677 -0.4419 -0.8182
vn -0.3051 0.3366 -0.8908
vn -0.2384 0.0324 -0.9706
vn -0.8336 0.2963 -0.4662
vn -0.0062 0.9999 -0.0155
vn -0.7622 0.6468 -0.0254
vn 0.1503 0.8427 0.5169
vn 0.2489 0.4563 0.8543
vn 0.2798 -0.0000 0.9601
vn 0.2489 -0.4563 0.8543
vn 0.1503 -0.8427 0.5169
vn -0.0056 -0.9998 -0.0174
vn -0.1573 -0.8270 -0.5398
vn -0.2405 -0.4383 -0.8660
vn -0.2386 0.8530 0.4643
vn -0.4467 0.7943 0.4118
vn -0.0047 0.9999 -0.0105
vn 0.0759 0.8437 0.5314
vn 0.1260 0.4578 0.8801
vn 0.1417 -0.0000 0.9899
vn 0.1260 -0.4578 0.8801
vn 0.0759 -0.8437 0.5314
vn -0.0029 -0.9998 -0.0181
vn -0.0795 -0.8279 -0.5552
vn -0.1172 -0.4271 -0.8966
vn -0.1146 0.1032 -0.9880
vn -0.2122 0.0308 0.9767
vn -0.1506 -0.0192 0.9884
vn -0.4426 0.2845 0.8504
vn -0.8082 0.1695 0.5640
vn -0.7286 0.5366 0.4257
vn 0.1088 0.4488 -0.8870
vn -0.0068 0.4865 -0.8736
vn 0.1418 -0.0004 -0.9899
vn 0.1260 -0.4578 -0.8801
vn 0.0759 -0.8437 -0.5314
vn -0.0029 -0.9998 0.0181
vn -0.0795 -0.8279 0.5552
vn -0.1266 -0.4454 0.8863
vn -0.2874 -0.0077 0.9578
vn 0.2349 0.4738 -0.8487
vn 0.0375 0.5592 -0.8282
vn 0.2791 -0.0002 -0.9603
vn 0.2489 -0.4563 -0.8543
vn 0.1503 -0.8427 -0.5169
vn -0.0056 -0.9998 0.0174
vn -0.1573 -0.8270 0.5398
vn -0.2501 -0.4440 0.8604
vn -0.3845 0.4341 0.8147
vn -0.4119 -0.0016 0.9112
vn -0.2472 0.8255 0.5073
vn -0.1167 0.6734 -0.7300
vn -0.5930 0.7868 -0.1714
vn -0.6699 0.2947 -0.6814
vn 0.3900 0.4703 -0.7917
vn 0.4107 -0.0000 -0.9118
vn 0.3659 -0.4539 -0.8124
vn 0.2216 -0.8412 -0.4932
vn -0.0082 -0.9998 0.0163
vn -0.2319 -0.8255 0.5146
vn -0.3677 -0.4419 0.8182
vn -0.4769 0.4392 0.7614
vn -0.5306 -0.0000 0.8476
vn -0.3043 0.8222 0.4810
vn -0.0072 0.9999 0.0127
vn 0.3079 0.8339 -0.4580
vn 0.4860 0.4527 -0.7476
vn 0.5318 -0.0000 -0.8469
vn 0.4745 -0.4509 -0.7559
vn 0.2887 -0.8392 -0.4609
vn -0.0105 -0.9998 0.0149
vn -0.3017 -0.8236 0.4803
vn -0.4769 -0.4392 0.7614
vn -0.5758 0.4360 0.6916
vn -0.6396 -0.0000 0.7687
vn -0.3666 0.8210 0.4377
vn -0.0169 0.9998 0.0117
vn 0.3460 0.8368 -0.4244
vn 0.5715 0.4471 -0.6881
vn 0.6407 -0.0000 -0.7678
vn 0.5729 -0.4475 -0.6867
vn 0.3502 -0.8369 -0.4207
vn -0.0124 -0.9998 0.0132
vn -0.3655 -0.8214 0.4379
vn -0.5758 -0.4360 0.6916
vn -0.6629 0.4327 0.6110
vn -0.7351 -0.0000 0.6779
vn -0.4224 0.8190 0.3883
vn -0.0139 0.9998 0.0114
vn 0.4052 0.8344 -0.3735
vn 0.6595 0.4440 -0.6066
vn 0.7361 -0.0000 -0.6768
vn 0.6595 -0.4440 -0.6066
vn 0.4052 -0.8344 -0.3735
vn -0.0139 -0.9998 0.0114
vn -0.4224 -0.8190 0.3883
vn -0.6629 -0.4327 0.6110
vn -0.7373 0.4295 0.5215
vn -0.8163 -0.0000 0.5776
vn -0.4715 0.8167 0.3326
vn -0.0152 0.9998 0.0095
vn 0.4529 0.8320 -0.3203
vn 0.7335 0.4405 -0.5176
vn 0.8171 -0.0000 -0.5765
vn 0.7335 -0.4405 -0.5176
vn 0.4529 -0.8320 -0.3203
vn -0.0152 -0.9998 0.0095
vn -0.4715 -0.8167 0.3326
vn -0.7373 -0.4295 0.5215
vn -0.7984 0.4266 0.4249
vn -0.8827 -0.0000 0.4699
vn -0.5123 0.8146 0.2719
vn -0.0161 0.9998 0.0075
vn 0.4926 0.8298 -0.2621
vn 0.7943 0.4373 -0.4217
vn 0.8833 -0.0000 -0.4689
vn 0.7943 -0.4373 -0.4217
vn 0.4926 -0.8298 -0.2621
vn -0.0161 -0.9998 0.0075
vn -0.5123 -0.8146 0.2719
vn -0.7984 -0.4266 0.4249
vn -0.8461 0.4241 0.3230
vn -0.9342 -0.0000 0.3568
vn -0.5444 0.8128 0.2073
vn -0.0168 0.9998 0.0056
vn 0.5239 0.8279 -0.2000
vn 0.8416 0.4347 -0.3206
vn 0.9345 -0.0000 -0.3559
vn 0.8416 -0.4347 -0.3206
vn 0.5239 -0.8279 -0.2000
vn -0.0168 -0.9998 0.0056
vn -0.5444 -0.8128 0.2073
vn -0.8461 -0.4241 0.3230
vn -0.8801 0.4222 0.2174
vn -0.9708 -0.0000 0.2399
vn -0.5674 0.8115 0.1398
vn -0.0172 0.9998 0.0037
vn 0.5465 0.8265 -0.1350
vn 0.8754 0.4327 -0.2157
vn 0.9710 -0.0000 -0.2392
vn 0.8754 -0.4327 -0.2157
vn 0.5465 -0.8265 -0.1350
vn -0.0172 -0.9998 0.0037
vn -0.5674 -0.8115 0.1398
vn -0.8801 -0.4222 0.2174
vn -0.9004 0.4210 0.1093
vn -0.9927 -0.0000 0.1205
vn -0.5813 0.8106 0.0704
vn -0.0174 0.9998 0.0018
vn 0.5601 0.8256 -0.0680
vn 0.8956 0.4314 -0.1084
vn 0.9928 -0.0000 -0.1202
vn 0.8956 -0.4314 -0.1084
vn 0.5601 -0.8256 -0.0680
vn -0.0174 -0.9998 0.0018
vn -0.5813 -0.8106 0.0704
vn -0.9004 -0.4210 0.1093
vn -0.9814 0.1119 0.1557
vn -0.9402 0.2044 -0.2725
vn -0.9944 0.0983 0.0391
vn -0.9822 0.1388 -0.1263
vn -0.9681 0.0551 0.2443
vn -0.9144 0.1724 -0.3661
vn -0.9858 0.1118 -0.1255
vn -0.9415 0.1305 -0.3109
vn -0.9950 0.0894 0.0446
vn -0.9680 0.0568 0.2444
vn -0.8670 0.0028 0.4984
vn -0.8534 0.0088 0.5211
vn -0.7989 0.0184 0.6012
vn -0.9953 -0.0503 0.0827
vn -0.9979 -0.0514 0.0399
vn -0.9937 0.0870 0.0707
vn -0.9973 0.0391 0.0616
vn -0.9964 0.0741 0.0419
vn -0.9858 0.1274 0.1090
vn -0.9497 0.2410 0.2000
vn -0.9713 0.2010 0.1272
vn -0.9791 0.1851 0.0842
vn -0.9971 0.0682 0.0350
vn -0.9972 -0.0742 -0.0130
vn -0.9539 -0.2293 0.1937
vn -0.9597 -0.2580 0.1110
vn -0.9941 -0.0552 0.0933
vn -0.9989 0.0235 0.0418
vn -0.9574 -0.2888 0.0048
vn -0.9988 0.0441 -0.0215
vn -0.9982 0.0590 0.0080
vn -0.9976 0.0570 0.0391
vn -0.9789 0.1243 0.1620
vn -0.6306 0.6198 0.4671
vn -0.8968 0.2854 0.3380
vn -0.8606 0.4364 0.2625
vn -0.9225 0.3489 0.1653
vn -0.9349 0.3292 0.1324
vn -0.9386 0.3204 0.1280
vn -0.9790 0.1898 0.0744
vn -0.9974 0.0683 0.0213
vn -0.9368 -0.3330 -0.1077
vn -0.9960 -0.0836 -0.0328
vn -0.9441 -0.3196 -0.0810
vn -0.9959 -0.0854 0.0295
vn -0.9931 -0.0806 0.0856
vn -0.9949 0.0619 0.0795
vn -0.9977 0.0612 0.0298
vn -0.9775 0.1940 0.0824
vn -0.9803 0.1946 0.0335
vn -0.9815 -0.0674 0.1792
vn -0.9830 0.0657 0.1717
vn -0.9679 0.1895 0.1653
vn -0.9463 -0.3229 -0.0178
vn -0.9484 -0.3161 0.0252
vn -0.9964 -0.0852 0.0018
vn -0.9979 0.0641 0.0084
vn -0.9804 0.1966 0.0141
vn -0.9247 0.3773 0.0505
vn -0.9264 0.3752 0.0301
vn -0.9211 0.3751 0.1047
vn -0.9129 0.3617 0.1892
vn -0.9272 0.2025 0.3150
vn -0.8994 0.3291 0.2875
vn -0.9410 0.0711 0.3309
vn -0.9380 -0.0655 0.3404
vn -0.9411 -0.2652 0.2098
vn -0.9190 -0.2119 0.3325
vn -0.9489 -0.2991 0.1010
vn -0.1973 -0.9803 0.0136
vn -0.2208 -0.9577 0.1843
vn -0.5117 -0.8433 0.1647
vn -0.4822 -0.8759 0.0137
vn -0.7924 -0.5959 0.1304
vn -0.7783 -0.6276 0.0176
vn -0.2644 -0.8515 0.4527
vn -0.5562 -0.7326 0.3923
vn -0.8023 -0.5194 0.2943
vn -0.1873 -0.9788 -0.0833
vn -0.4663 -0.8815 -0.0740
vn -0.7678 -0.6388 -0.0493
vn -0.8124 -0.3419 0.4723
vn -0.6030 -0.4890 0.6303
vn -0.3135 -0.5893 0.7446
vn -0.1466 0.2516 -0.9567
vn -0.3556 0.2859 -0.8899
vn -0.4780 0.2015 -0.8549
vn -0.1883 0.1984 -0.9619
vn -0.2344 0.1088 -0.9660
vn -0.4625 0.1267 -0.8775
vn -0.6262 0.1363 -0.7676
vn -0.6575 0.1741 -0.7331
vn -0.7843 0.1829 -0.5928
vn -0.7104 0.2447 -0.6599
vn -0.2881 -0.0140 -0.9575
vn -0.5376 0.0237 -0.8429
vn -0.8284 0.0625 -0.5566
vn -0.7107 0.0503 -0.7017
vn -0.7361 0.1340 -0.6634
vn -0.7662 0.1512 -0.6246
vn -0.8585 0.1449 -0.4919
vn -0.8190 0.2589 0.5121
vn -0.8339 0.0742 0.5469
vn -0.6383 0.0744 0.7662
vn -0.6222 0.3320 0.7090
vn -0.3518 0.0737 0.9332
vn -0.3373 0.3848 0.8592
vn -0.8268 -0.1142 0.5508
vn -0.6308 -0.1876 0.7530
vn -0.3437 -0.2431 0.9071
vn -0.7871 0.4559 0.4155
vn -0.5776 0.5939 0.5601
vn -0.2970 0.6833 0.6670
vn -0.4514 -0.0559 0.8905
vn -0.4121 -0.0959 0.9061
vn -0.3682 -0.0873 0.9256
vn -0.6306 -0.0472 0.7747
vn -0.1678 -0.1451 0.9751
vn -0.1391 -0.1229 0.9826
vn -0.1343 -0.1034 0.9855
vn -0.6094 -0.0412 0.7918
vn -0.3337 -0.0700 0.9401
vn -0.1306 -0.0787 0.9883
vn -0.2132 -0.9699 0.1177
vn -0.1922 -0.9713 -0.1402
vn -0.4721 -0.8738 -0.1163
vn -0.5084 -0.8521 0.1245
vn -0.7803 -0.6227 -0.0574
vn -0.8048 -0.5790 0.1304
vn -0.1781 -0.9513 -0.2515
vn -0.4435 -0.8660 -0.2308
vn -0.7497 -0.6398 -0.1694
vn -0.2198 -0.8363 0.5023
vn -0.5164 -0.7290 0.4494
vn -0.8024 -0.4952 0.3330
vn -0.7375 -0.6463 -0.1960
vn -0.4335 -0.8645 -0.2544
vn -0.1731 -0.9460 -0.2740
vn -0.4085 0.6941 0.5928
vn -0.2005 0.9797 0.0051
vn -0.7914 0.5331 -0.2990
vn -0.8960 0.2317 0.3788
vn -0.9135 -0.1571 -0.3753
vn -0.9487 -0.2657 0.1712
vn 0.1770 0.8262 -0.5348
vn -0.2984 0.4240 -0.8551
vn -0.5336 -0.1059 -0.8390
vn -0.1307 0.5770 0.8062
vn 0.0518 0.7867 0.6152
vn -0.4925 0.3491 0.7972
vn -0.7778 -0.0309 0.6277
vn -0.8576 -0.3082 0.4119
vn -0.8811 -0.4701 0.0513
vn -0.8534 -0.4492 0.2645
vn -0.8297 -0.4614 -0.3142
vn -0.6153 -0.3845 -0.6882
vn -0.1973 -0.0627 -0.9783
vn -0.3577 -0.2854 -0.8891
vn 0.0584 0.2572 -0.9646
vn 0.3276 0.5672 -0.7556
vn 0.4493 0.8751 -0.1795
vn 0.5074 0.7293 -0.4589
vn 0.2902 0.9267 0.2387
vn -0.9288 0.2115 -0.3044
vn -0.9265 0.2202 -0.3052
vn -0.7699 0.2800 -0.5735
vn -0.7752 0.2709 -0.5707
vn -0.4840 0.3427 -0.8052
vn -0.4920 0.3333 -0.8043
vn -0.9261 0.2354 -0.2948
vn -0.7710 0.2996 -0.5619
vn -0.4738 0.3669 -0.8006
vn -0.9881 0.1472 0.0456
vn -0.9883 0.1452 0.0466
vn -0.9299 0.2142 -0.2990
vn -0.7802 0.2780 -0.5603
vn -0.4967 0.3474 -0.7954
vn -0.4708 0.4242 -0.7735
vn -0.8019 0.3337 -0.4956
vn -0.9476 0.2543 -0.1931
vn -0.9847 0.1682 0.0446
vn -0.9815 0.1862 0.0448
vn -0.9870 0.1543 0.0452
vn -0.8166 0.5410 0.2013
vn -0.7937 0.5900 0.1480
vn -0.5327 0.8138 0.2325
vn -0.6697 0.6994 0.2497
vn -0.5766 0.7688 0.2766
vn -0.4288 0.8255 0.3671
vn -0.2180 0.8807 0.4205
vn -0.2176 0.9474 0.2347
vn -0.2203 0.9661 0.1345
vn -0.5220 0.8446 0.1193
vn -0.7876 0.6111 0.0794
vn -0.9273 0.3525 0.1261
vn -0.8488 0.4971 0.1801
vn -0.7287 0.6573 0.1923
vn -0.9257 0.3691 0.0820
vn -0.7113 0.6996 0.0674
vn -0.6327 0.7563 0.1663
vn -0.6571 0.6823 0.3204
vn -0.4852 0.7030 0.5200
vn -0.2572 0.7087 0.6569
vn -0.2215 0.9686 0.1129
vn -0.5161 0.8513 0.0943
vn -0.7818 0.6205 0.0609
vn -0.9266 0.3739 0.0405
vn 0.4953 0.4303 -0.7546
vn 0.2744 0.1665 -0.9471
vn 0.2084 0.1816 -0.9610
vn 0.4294 0.4409 -0.7882
vn 0.6380 0.6780 -0.3652
vn 0.5879 0.6951 -0.4138
vn -0.2932 -0.3299 -0.8974
vn -0.2835 -0.3507 -0.8925
vn 0.0249 -0.0845 -0.9961
vn 0.0320 -0.0744 -0.9967
vn 0.2937 0.1771 -0.9393
vn 0.5140 0.4400 -0.7364
vn 0.6457 0.6794 -0.3485
vn -0.3128 -0.3300 -0.8906
vn -0.0204 -0.0674 -0.9975
vn -0.6880 -0.1895 0.7005
vn -0.4368 0.1299 0.8901
vn -0.4716 0.1698 0.8653
vn -0.7093 -0.1481 0.6892
vn -0.7155 0.6583 0.2340
vn -0.8230 0.5434 0.1657
vn -0.6794 0.7223 0.1294
vn -0.5919 0.7924 0.1474
vn -0.5418 0.8349 0.0967
vn -0.5017 0.8569 0.1184
vn -0.8567 0.4937 0.1493
vn -0.7301 0.6698 0.1353
vn -0.6096 0.7873 0.0922
vn -0.5576 0.7946 0.2402
vn -0.5194 0.8460 0.1205
vn -0.5277 0.8422 0.1112
vn -0.4593 0.8750 0.1531
vn -0.6051 0.7456 0.2792
vn -0.4697 0.8793 0.0789
vn -0.5649 0.8245 0.0317
vn -0.7928 -0.3843 0.4731
vn -0.7996 -0.3557 0.4838
vn -0.8270 -0.5100 0.2365
vn -0.8308 -0.4921 0.2600
vn -0.0231 0.4999 0.8658
vn -0.0256 0.4995 0.8659
vn -0.4458 0.1461 0.8831
vn -0.7215 -0.1570 0.6744
vn -0.8409 -0.3395 0.4216
vn -0.8751 -0.4492 0.1797
vn -0.0697 0.5288 0.8458
vn -0.7332 -0.6115 -0.2975
vn -0.8086 -0.5881 -0.0169
vn -0.8240 -0.5665 0.0081
vn -0.7630 -0.5802 -0.2851
vn -0.5674 -0.5470 -0.6155
vn -0.5970 -0.5178 -0.6127
vn -0.8525 -0.5190 -0.0625
vn -0.7690 -0.5484 -0.3286
vn -0.5919 -0.5033 -0.6295
vn 0.5009 0.7799 0.3754
vn 0.6159 0.7849 0.0680
vn 0.5700 0.8214 0.0174
vn 0.4502 0.8265 0.3381
vn 0.3164 0.7091 0.6301
vn 0.2668 0.7462 0.6099
vn 0.6186 0.7822 0.0741
vn 0.5037 0.7769 0.3777
vn 0.3191 0.7054 0.6329
vn -0.4793 0.3090 0.8215
vn -0.5409 0.8258 0.1594
vn -0.8714 0.4822 0.0899
vn -0.8578 0.2434 0.4527
vn -0.9670 0.2488 0.0557
vn -0.8630 0.3932 -0.3172
vn -0.4839 0.6012 -0.6360
vn -0.4332 0.0828 0.8975
vn -0.7726 0.1165 0.6241
vn -0.9391 0.1620 0.3031
vn -0.3749 -0.0244 0.9267
vn -0.3851 -0.0109 0.9228
vn -0.6880 0.0271 0.7252
vn -0.6778 0.0144 0.7351
vn -0.9006 0.0839 0.4265
vn -0.8981 0.0733 0.4336
vn -0.4014 0.0159 0.9158
vn -0.7107 0.0537 0.7014
vn -0.9063 0.1037 0.4097
vn -0.3670 -0.0192 0.9300
vn -0.6728 0.0190 0.7396
vn -0.8980 0.0765 0.4333
vn -0.9880 0.1520 0.0293
vn -0.9897 0.1422 0.0164
vn -0.9926 0.1178 -0.0293
vn -0.9916 0.1263 -0.0277
vn -0.9937 0.0927 -0.0625
vn -0.9927 0.0991 -0.0691
vn -0.9610 0.2046 -0.1861
vn -0.9587 0.1747 -0.2243
vn -0.9565 0.1451 -0.2529
vn -0.9582 0.2502 -0.1386
vn -0.9850 0.1516 0.0820
vn -0.9517 0.2384 -0.1935
vn -0.9470 0.2021 -0.2498
vn -0.9432 0.1646 -0.2887
vn -0.9926 0.0607 -0.1047
vn -0.9379 0.1225 -0.3246
vn -0.9947 0.0543 -0.0876
vn -0.9559 0.1050 -0.2744
vn -0.8442 0.2093 -0.4935
vn -0.8412 0.1682 -0.5139
vn -0.8488 0.2453 -0.4684
vn -0.8542 0.2826 -0.4364
vn -0.9652 0.2147 -0.1496
vn -0.8615 0.3059 -0.4053
vn -0.9880 0.1425 0.0598
vn -0.8234 -0.0727 -0.5628
vn -0.8524 -0.1339 -0.5055
vn -0.6708 -0.1726 -0.7213
vn -0.6413 -0.1099 -0.7594
vn -0.3816 -0.2138 -0.8993
vn -0.3580 -0.1598 -0.9199
vn -0.8132 -0.0826 -0.5760
vn -0.6333 -0.1005 -0.7674
vn -0.3614 -0.1141 -0.9254
vn -0.9330 -0.0402 -0.3576
vn -0.3267 0.0641 -0.9429
vn -0.5679 0.0538 -0.8213
vn -0.7385 0.0407 -0.6730
vn -0.9246 -0.0466 -0.3782
vn -0.8481 0.0486 -0.5275
vn -0.9547 -0.0843 -0.2853
vn -0.9960 0.0747 0.0497
vn -0.9907 0.0926 -0.0996
vn -0.9615 0.1099 -0.2518
vn -0.9952 0.0776 0.0603
vn -0.9926 0.0974 -0.0727
vn -0.9717 0.1172 -0.2049
vn -0.1189 -0.0573 0.9913
vn -0.3146 -0.0516 0.9478
vn -0.9687 0.0490 0.2433
vn -0.8495 0.0101 0.5274
vn -0.8547 0.0034 0.5191
vn -0.9694 0.0489 0.2407
vn -0.1151 -0.0802 0.9901
vn -0.3110 -0.0714 0.9477
vn -0.9290 0.1648 -0.3313
vn -0.9133 0.1920 -0.3591
vn -0.8503 0.2421 -0.4674
vn -0.8680 0.1994 -0.4548
vn -0.8541 0.2545 -0.4537
vn -0.8586 0.2092 -0.4681
vn -0.8631 0.2199 -0.4547
vn -0.8145 0.2892 -0.5030
vn -0.8487 0.3017 -0.4343
vn -0.9728 0.1318 -0.1906
vn -0.9268 0.1406 -0.3481
vn -0.8681 0.1633 -0.4687
vn -0.8557 0.1667 -0.4898
vn -0.8468 0.3341 -0.4138
vn -0.7670 0.3357 -0.5468
vn -0.7686 0.2655 -0.5820
vn -0.9370 0.1407 -0.3197
vn -0.8202 0.0917 -0.5647
vn -0.9653 0.1378 -0.2219
vn -0.5941 -0.0299 0.8039
vn -0.5964 -0.0444 0.8015
vn -0.9829 0.0096 -0.1839
vn -0.9908 -0.0095 -0.1346
vn -0.5465 0.8363 -0.0439
vn -0.4581 0.8825 -0.1064
vn -0.3323 0.9401 0.0756
vn -0.4259 0.9021 0.0696
vn -0.2705 0.9004 0.3406
vn -0.3944 0.8891 0.2324
vn -0.2673 0.9528 -0.1438
vn -0.1775 0.9793 0.0969
vn -0.1217 0.8918 0.4359
vn -0.7124 0.6879 -0.1389
vn -0.4643 0.7205 0.5150
vn -0.2836 0.6588 0.6968
vn -0.1110 0.5815 0.8060
vn -0.3767 0.8496 -0.3692
vn -0.6148 0.7393 -0.2747
vn -0.6085 0.7917 0.0534
vn -0.7121 0.7013 -0.0318
vn -0.5688 0.8155 -0.1070
vn -0.5084 0.8607 0.0284
vn -0.4079 0.9093 -0.0822
vn -0.4219 0.8986 0.1206
vn -0.8065 0.5809 -0.1104
vn -0.6625 0.7101 -0.2385
vn -0.4839 0.8251 -0.2915
vn -0.7667 0.6119 0.1945
vn -0.2339 0.9072 0.3496
vn -0.1195 0.9907 0.0650
vn -0.1707 0.9523 -0.2528
vn -0.5545 0.6997 -0.4505
vn -0.2528 0.8090 -0.5307
vn -0.7313 0.5944 -0.3346
vn -0.8680 0.4678 -0.1665
vn -0.9164 0.3907 0.0875
vn -0.9546 0.2917 0.0595
vn -0.8532 0.5042 0.1335
vn -0.9570 0.0378 -0.2877
vn -0.9085 0.0848 -0.4091
vn -0.8463 0.1075 -0.5218
vn -0.9045 0.1285 -0.4067
vn -0.8375 0.1435 -0.5272
vn -0.6498 0.3428 -0.6784
vn -0.5848 0.4531 -0.6728
vn -0.7385 0.4380 -0.5126
vn -0.7349 0.3807 -0.5613
vn -0.8810 0.3610 -0.3059
vn -0.8589 0.3461 -0.3775
vn -0.5771 0.5778 -0.5771
vn -0.7510 0.5073 -0.4226
vn -0.8899 0.3962 -0.2258
vn -0.5226 0.2154 -0.8249
vn -0.9691 0.2312 -0.0862
vn -0.9758 0.2171 -0.0247
vn -0.9720 0.2334 0.0282
vn -0.2954 0.6138 -0.7321
vn -0.3478 0.4011 -0.8475
vn -0.9746 0.1123 0.1936
vn -0.9774 0.1325 0.1647
vn -0.9867 0.1107 0.1189
vn -0.9822 0.1002 0.1586
vn -0.9892 0.1170 0.0885
vn -0.9853 0.1202 0.1211
vn -0.9637 0.2665 -0.0157
vn -0.9702 0.2268 -0.0853
vn -0.9703 0.2084 -0.1232
vn -0.9626 0.1548 0.2225
vn -0.8685 0.3233 -0.3757
vn -0.8720 0.3654 -0.3257
vn -0.8748 0.4224 -0.2373
vn -0.9514 0.2961 0.0848
vn -0.8771 0.4666 -0.1142
vn -0.9607 0.1629 0.2248
vn -0.8206 0.1385 -0.5545
vn -0.5281 0.1820 -0.8295
vn -0.3077 0.2020 -0.9298
vn -0.3084 0.2669 -0.9131
vn -0.5287 0.2424 -0.8134
vn -0.9737 0.0458 0.2232
vn -0.9869 0.0141 0.1608
vn -0.9981 0.0608 0.0053
vn -0.9944 0.0849 0.0622
vn -0.9921 0.1078 -0.0643
vn -0.9896 0.0933 -0.1092
vn -0.9776 0.0886 -0.1909
vn -0.9938 0.0622 -0.0917
vn -0.9981 0.0558 -0.0256
vn -0.9994 0.0244 0.0237
vn -0.9940 -0.0338 0.1043
vn -0.8750 -0.0206 0.4837
vn -0.9147 -0.0833 0.3955
vn -0.9477 0.0313 -0.3177
vn -0.9846 0.0336 -0.1715
vn -0.9961 0.0446 -0.0762
vn -0.9455 -0.1680 0.2791
vn -0.1264 -0.1559 0.9797
vn -0.1518 -0.2996 0.9419
vn -0.3915 -0.2728 0.8788
vn -0.3367 -0.1391 0.9313
vn -0.6961 -0.1995 0.6896
vn -0.6295 -0.0939 0.7713
vn -0.1905 -0.5524 0.8115
vn -0.4674 -0.4975 0.7308
vn -0.7691 -0.3572 0.5300
vn -0.1742 -0.9524 -0.2501
vn -0.1779 -0.9628 -0.2034
vn -0.4453 -0.8758 -0.1860
vn -0.4366 -0.8696 -0.2307
vn -0.7489 -0.6480 -0.1386
vn -0.7403 -0.6488 -0.1762
vn -0.1823 -0.9722 -0.1471
vn -0.4557 -0.8802 -0.1330
vn -0.7587 -0.6444 -0.0955
vn -0.9374 -0.3347 -0.0966
vn -0.9405 -0.3318 -0.0729
vn -0.9438 -0.3273 -0.0461
vn -0.9959 -0.0844 -0.0315
vn -0.9962 -0.0836 -0.0233
vn -0.9974 0.0713 0.0066
vn -0.9974 0.0710 0.0142
vn -0.9785 0.2029 0.0369
vn -0.9780 0.1993 0.0624
vn -0.9964 -0.0837 -0.0123
vn -0.9976 0.0685 0.0033
vn -0.9796 0.2004 0.0166
vn -0.7752 0.6260 0.0850
vn -0.7706 0.6186 0.1531
vn -0.5077 0.8357 0.2092
vn -0.5080 0.8525 0.1236
vn -0.2238 0.9435 0.2444
vn -0.2190 0.9645 0.1473
vn -0.7697 0.5803 0.2661
vn -0.5288 0.7685 0.3603
vn -0.2491 0.8720 0.4213
vn -0.3245 0.3983 0.8579
vn -0.3574 0.1016 0.9284
vn -0.6648 0.1338 0.7350
vn -0.6104 0.4180 0.6728
vn -0.8877 0.1735 0.4265
vn -0.8221 0.4165 0.3881
vn -0.9730 0.2252 0.0513
vn -0.9004 0.4303 0.0647
vn -0.7793 0.3490 -0.5204
vn -0.9193 0.2806 -0.2758
vn -0.8595 0.4611 -0.2208
vn -0.7379 0.5242 -0.4251
vn -0.5005 0.4445 -0.7429
vn -0.4705 0.6512 -0.5955
vn -0.2847 0.9397 0.1893
vn -0.3172 0.9430 -0.1005
vn -0.5617 0.8254 -0.0570
vn -0.5323 0.8213 0.2052
vn -0.7426 0.6692 0.0285
vn -0.7193 0.6509 0.2428
vn -0.3397 0.8902 -0.3036
vn -0.5807 0.7790 -0.2364
vn -0.7494 0.6484 -0.1341
vn -0.2434 0.7593 0.6035
vn -0.4827 0.6555 0.5808
vn -0.6695 0.5049 0.5448
vn -0.8374 0.4269 0.3413
vn -0.7764 0.3689 0.5110
vn -0.8666 0.4678 0.1740
vn -0.8761 0.4815 0.0244
vn -0.7484 0.6021 -0.2781
vn -0.5867 0.7083 -0.3924
vn -0.3483 0.8050 -0.4803
vn -0.7401 0.5353 -0.4071
vn -0.5797 0.6198 -0.5290
vn -0.5675 0.5331 -0.6275
vn -0.7299 0.4637 -0.5022
vn -0.5574 0.4649 -0.6879
vn -0.7221 0.4065 -0.5598
vn -0.3443 0.6972 -0.6288
vn -0.3351 0.5943 -0.7311
vn -0.3271 0.5148 -0.7925
vn -0.7147 0.3710 -0.5930
vn -0.5499 0.4177 -0.7233
vn -0.3213 0.4587 -0.8285
vn -0.3168 0.4091 -0.8557
vn -0.3131 0.3571 -0.8800
vn -0.5372 0.3281 -0.7770
vn -0.5433 0.3753 -0.7510
vn -0.7009 0.2945 -0.6496
vn -0.7072 0.3371 -0.6215
vn -0.3103 0.3106 -0.8985
vn -0.5323 0.2844 -0.7974
vn -0.6954 0.2538 -0.6723
vn -0.6914 0.2125 -0.6905
vn -0.6893 0.1565 -0.7074
vn -0.1336 0.2516 0.9586
vn -0.1648 0.1931 0.9673
vn -0.3690 0.2019 0.9072
vn -0.3245 0.3186 0.8906
vn -0.5820 0.2200 0.7829
vn -0.5409 0.4004 0.7397
vn -0.1968 0.4035 0.8936
vn -0.4157 0.3490 0.8399
vn -0.6111 0.2746 0.7424
vn -0.7341 0.4276 0.5275
vn -0.7526 0.2340 0.6155
vn -0.7647 0.2308 0.6017
vn -0.8535 0.3674 0.3695
vn -0.8538 0.2260 0.4689
vn -0.9054 0.2081 0.3701
vn -0.9077 0.2929 0.3005
vn -0.9373 0.1882 0.2934
vn -0.9418 0.2197 0.2543
vn -0.8581 0.2480 0.4495
vn -0.9059 0.2793 0.3182
vn -0.9335 0.2985 0.1987
vn 0.2637 0.9593 -0.1008
vn 0.5409 0.8405 0.0310
vn 0.4418 0.8253 0.3517
vn 0.2363 0.9369 0.2576
vn 0.2566 0.7462 0.6143
vn 0.0678 0.8355 0.5452
vn -0.1069 0.5499 0.8284
vn 0.2059 0.8359 -0.5088
vn -0.3234 0.6258 0.7097
vn 0.5480 0.7360 -0.3974
vn -0.8865 -0.3314 -0.3229
vn -0.9504 -0.2916 -0.1078
vn -0.9917 -0.0645 -0.1114
vn -0.9628 -0.0938 -0.2536
vn -0.7190 -0.3406 -0.6058
vn -0.8634 -0.1264 -0.4885
vn -0.3946 -0.2373 -0.8877
vn -0.9985 -0.0504 -0.0192
vn -0.5924 -0.0784 -0.8018
vn -0.9666 -0.2491 0.0607
vn -0.8604 -0.0444 0.5076
vn -0.5752 0.2218 0.7874
vn -0.7628 0.2934 0.5762
vn -0.9566 0.0741 0.2817
vn -0.9515 -0.1834 0.2471
vn -0.9959 -0.0206 0.0877
vn 0.2216 0.2130 -0.9516
vn -0.0400 -0.0266 -0.9988
vn -0.2536 0.0730 -0.9645
vn -0.0218 0.2980 -0.9543
vn 0.4219 0.4833 -0.7671
vn 0.1109 0.5736 -0.8116
vn -0.3207 -0.4280 -0.8450
vn -0.3612 -0.9074 -0.2147
vn -0.3995 -0.8294 -0.3904
vn -0.4208 -0.8079 -0.4127
vn -0.7553 -0.5860 -0.2934
vn -0.7754 -0.5422 -0.3236
vn -0.7040 -0.7022 -0.1063
vn -0.5453 -0.2964 -0.7841
vn -0.7805 -0.1017 -0.6169
vn -0.9942 -0.0474 0.0968
vn -0.9511 -0.2860 -0.1171
vn -0.9243 0.1515 0.3503
vn -0.9577 -0.2336 -0.1682
vn -0.9999 0.0086 0.0118
vn -0.9467 0.2242 0.2311
vn -0.6975 0.3247 0.6388
vn -0.7483 0.4465 0.4906
vn -0.6098 0.1608 0.7760
vn -0.2955 0.2259 0.9282
vn -0.3536 0.4282 0.8317
vn -0.3975 0.6075 0.6877
vn -0.4373 -0.8302 -0.3458
vn -0.4477 -0.8599 -0.2452
vn -0.4497 -0.8847 -0.1230
vn -0.7906 -0.5467 -0.2758
vn -0.4402 -0.8979 -0.0006
vn -0.8069 -0.5771 -0.1259
vn -0.8037 -0.5936 -0.0409
vn -0.8014 -0.5612 -0.2071
vn -0.8821 0.3373 -0.3288
vn -0.8614 0.3406 -0.3768
vn -0.9666 0.0797 -0.2437
vn -0.9739 0.0747 -0.2143
vn -0.9610 -0.2428 -0.1321
vn -0.9671 -0.2342 -0.0998
vn -0.8634 0.3570 -0.3565
vn -0.9636 0.0857 -0.2534
vn -0.9456 -0.2527 -0.2051
vn -0.7327 0.6280 -0.2624
vn -0.6781 0.5927 -0.4347
vn -0.9157 0.3370 -0.2189
vn -0.9838 0.0693 -0.1653
vn -0.9686 -0.2258 -0.1039
vn -0.7904 -0.6126 -0.0051
vn -0.7719 -0.6316 -0.0719
vn -0.7356 -0.6385 -0.2262
vn -0.9186 -0.2528 -0.3038
vn -0.6784 -0.6131 -0.4048
vn -0.9629 0.0972 -0.2516
vn -0.8796 0.3880 -0.2751
vn -0.6484 0.5921 -0.4785
vn -0.6773 0.6482 -0.3479
vn -0.6445 0.5724 -0.5069
vn -0.9548 0.2667 0.1314
vn -0.9542 0.2976 0.0320
vn -0.9969 0.0431 -0.0652
vn -0.9992 0.0290 -0.0290
vn -0.9644 -0.2239 -0.1408
vn -0.9613 -0.2250 -0.1593
vn -0.9429 0.3225 -0.0840
vn -0.9923 0.0571 -0.1097
vn -0.9670 -0.2237 -0.1216
vn -0.7762 0.5341 0.3351
vn -0.7744 0.6315 -0.0382
vn -0.7863 0.5957 0.1638
vn -0.4430 0.8502 0.2844
vn -0.4278 0.7490 0.5060
vn -0.4378 0.8990 0.0120
vn -0.4057 0.8687 -0.2841
vn -0.3367 0.9410 0.0343
vn -0.3602 0.9151 -0.1810
vn -0.3040 0.9439 0.1290
vn -0.3566 0.8355 -0.4181
vn -0.6815 0.7137 -0.1620
vn -0.6498 0.7600 -0.0101
vn -0.6066 0.7937 0.0457
vn -0.3077 0.9515 0.0026
vn -0.5478 0.8366 -0.0084
vn -0.3339 0.7328 -0.5929
vn -0.3612 0.7851 -0.5032
vn -0.3353 0.7522 -0.5672
vn -0.4226 -0.9056 0.0361
vn -0.4028 -0.9126 -0.0699
vn -0.3687 -0.8887 -0.2724
vn -0.3199 -0.8178 -0.4784
vn -0.3996 0.0502 -0.9153
vn -0.4533 0.5439 -0.7062
vn -0.3901 0.8617 -0.3245
vn -0.5214 -0.3089 -0.7955
vn -0.6855 -0.0077 -0.7280
vn -0.2868 -0.3492 -0.8921
vn -0.6891 0.6846 -0.2377
vn -0.7641 0.3775 -0.5232
vn -0.2761 -0.7341 -0.6203
vn -0.2510 -0.6574 -0.7105
vn -0.2408 -0.5605 -0.7924
vn -0.6215 -0.5648 -0.5430
vn -0.5517 -0.4186 -0.7214
vn -0.5799 -0.5047 -0.6396
vn -0.8824 0.4370 -0.1744
vn -0.8648 0.4899 -0.1098
vn -0.9466 0.1725 -0.2723
vn -0.9597 0.1282 -0.2500
vn -0.8612 -0.1870 -0.4727
vn -0.8905 -0.2299 -0.3926
vn -0.8241 0.5518 -0.1281
vn -0.9026 0.2435 -0.3549
vn -0.8187 -0.1082 -0.5639
vt 0.339465 0.384107
vt 0.339310 0.356433
vt 0.377919 0.356590
vt 0.378091 0.383935
vt 0.415598 0.357256
vt 0.415584 0.383768
vt 0.453876 0.358425
vt 0.453591 0.383602
vt 0.498901 0.360194
vt 0.498419 0.383421
vt 0.556563 0.362697
vt 0.556074 0.383242
vt 0.621143 0.365496
vt 0.620851 0.383117
vt 0.060713 0.385347
vt 0.060326 0.367870
vt 0.124246 0.364762
vt 0.124864 0.385072
vt 0.181176 0.361892
vt 0.181838 0.384816
vt 0.225601 0.359750
vt 0.226110 0.384615
vt 0.263430 0.358193
vt 0.263704 0.384445
vt 0.300806 0.357084
vt 0.300922 0.384279
vt 0.339103 0.328769
vt 0.377936 0.329170
vt 0.415948 0.330660
vt 0.454631 0.333203
vt 0.500012 0.336982
vt 0.557791 0.342213
vt 0.622199 0.347948
vt 0.059201 0.350473
vt 0.122915 0.344529
vt 0.179898 0.339009
vt 0.224600 0.334868
vt 0.262756 0.331884
vt 0.300401 0.329832
vt 0.338833 0.301009
vt 0.378119 0.301628
vt 0.416659 0.303949
vt 0.455924 0.307916
vt 0.501816 0.313790
vt 0.559786 0.321827
vt 0.624005 0.330527
vt 0.057352 0.333208
vt 0.120848 0.324409
vt 0.177945 0.316181
vt 0.223042 0.309977
vt 0.261653 0.305518
vt 0.299719 0.302496
vt 0.338481 0.273048
vt 0.378483 0.273868
vt 0.417797 0.277060
vt 0.457855 0.282537
vt 0.504399 0.290628
vt 0.562584 0.301584
vt 0.626554 0.313291
vt 0.054788 0.316131
vt 0.118014 0.304447
vt 0.175243 0.293431
vt 0.220839 0.285075
vt 0.260052 0.279069
vt 0.298719 0.275012
vt 0.338017 0.244737
vt 0.379067 0.245741
vt 0.419473 0.249881
vt 0.460562 0.257022
vt 0.507873 0.267519
vt 0.566234 0.281541
vt 0.629841 0.296298
vt 0.051516 0.299295
vt 0.114374 0.284699
vt 0.171698 0.270788
vt 0.217870 0.260155
vt 0.257839 0.252485
vt 0.297319 0.247275
vt 0.337388 0.215862
vt 0.379937 0.217011
vt 0.421859 0.222244
vt 0.464247 0.231318
vt 0.512380 0.244499
vt 0.570786 0.261770
vt 0.633866 0.279605
vt 0.047538 0.282754
vt 0.109884 0.265226
vt 0.167197 0.248293
vt 0.213977 0.235203
vt 0.254848 0.225684
vt 0.295390 0.219133
vt 0.336502 0.186116
vt 0.381181 0.187323
vt 0.425214 0.193894
vt 0.469185 0.205367
vt 0.518093 0.221636
vt 0.576293 0.242358
vt 0.638626 0.263265
vt 0.042857 0.266555
vt 0.104499 0.246108
vt 0.161602 0.226005
vt 0.208951 0.210205
vt 0.250855 0.198559
vt 0.292741 0.190380
vt 0.335182 0.155081
vt 0.382912 0.156123
vt 0.429945 0.164448
vt 0.475767 0.179137
vt 0.525216 0.199049
vt 0.582800 0.223417
vt 0.644115 0.247324
vt 0.037478 0.250740
vt 0.098182 0.227437
vt 0.154753 0.204008
vt 0.202529 0.185156
vt 0.245561 0.170984
vt 0.289096 0.160751
vt 0.333059 0.122172
vt 0.385234 0.122536
vt 0.436768 0.133302
vt 0.484527 0.152702
vt 0.533968 0.176932
vt 0.590328 0.205081
vt 0.650319 0.231819
vt 0.031414 0.235340
vt 0.090907 0.209326
vt 0.146470 0.182429
vt 0.194381 0.160078
vt 0.238572 0.142821
vt 0.284063 0.129932
vt 0.329341 0.087458
vt 0.383513 0.085271
vt 0.408875 0.087497
vt 0.444832 0.098703
vt 0.496143 0.126450
vt 0.544551 0.155591
vt 0.598861 0.187510
vt 0.657212 0.216774
vt 0.024686 0.220375
vt 0.082679 0.191911
vt 0.136563 0.161457
vt 0.184094 0.135044
vt 0.229378 0.113948
vt 0.277118 0.097615
vt 0.493647 0.085930
vt 0.511218 0.101338
vt 0.470720 0.094761
vt 0.557081 0.135450
vt 0.608321 0.170881
vt 0.664751 0.202190
vt 0.017329 0.205845
vt 0.073548 0.175352
vt 0.124846 0.141373
vt 0.171147 0.110215
vt 0.217326 0.084272
vt 0.267559 0.064026
vt 0.322886 0.049838
vt 0.516406 0.065776
vt 0.529845 0.078093
vt 0.571548 0.116912
vt 0.618536 0.155370
vt 0.672874 0.188041
vt 0.009400 0.191728
vt 0.063648 0.159822
vt 0.111160 0.122511
vt 0.154834 0.085841
vt 0.201443 0.053428
vt 0.255072 0.027833
vt 0.313721 0.010481
vt 0.319509 0.755482
vt 0.326468 0.716660
vt 0.376232 0.722221
vt 0.361927 0.761239
vt 0.798958 0.053746
vt 0.841461 0.078267
vt 0.805127 0.071432
vt 0.607132 0.618394
vt 0.587370 0.602553
vt 0.608224 0.594981
vt 0.618060 0.610628
vt 0.664833 0.564022
vt 0.672874 0.578267
vt 0.011025 0.579638
vt 0.018836 0.565419
vt 0.075444 0.595433
vt 0.065677 0.611092
vt 0.127193 0.628953
vt 0.113680 0.648015
vt 0.173971 0.659628
vt 0.157936 0.684303
vt 0.220626 0.684947
vt 0.205259 0.716160
vt 0.271272 0.704268
vt 0.259747 0.740688
vt 0.331807 0.680185
vt 0.395722 0.680368
vt 0.561420 0.595003
vt 0.598856 0.578223
vt 0.657374 0.549390
vt 0.026070 0.550794
vt 0.084427 0.578754
vt 0.138708 0.608700
vt 0.186611 0.634581
vt 0.232185 0.655022
vt 0.279966 0.670379
vt 0.334841 0.645319
vt 0.386809 0.646019
vt 0.439077 0.635118
vt 0.443901 0.650856
vt 0.926449 0.053867
vt 0.922025 0.074732
vt 0.889651 0.078268
vt 0.488719 0.615512
vt 0.537163 0.595146
vt 0.590460 0.560593
vt 0.650548 0.534318
vt 0.032672 0.535740
vt 0.092497 0.561232
vt 0.148400 0.587593
vt 0.196591 0.609407
vt 0.240950 0.626070
vt 0.286383 0.638243
vt 0.336915 0.612920
vt 0.384594 0.612082
vt 0.432129 0.603618
vt 0.478637 0.588306
vt 0.526744 0.566150
vt 0.583129 0.542349
vt 0.644377 0.518775
vt 0.038605 0.520260
vt 0.099604 0.543028
vt 0.156461 0.565909
vt 0.204449 0.584243
vt 0.247585 0.597901
vt 0.291068 0.607612
vt 0.338115 0.582041
vt 0.382805 0.580729
vt 0.427094 0.573885
vt 0.471260 0.561733
vt 0.519412 0.544205
vt 0.576735 0.523578
vt 0.638902 0.502832
vt 0.043849 0.504374
vt 0.105749 0.524277
vt 0.163088 0.543832
vt 0.210599 0.559140
vt 0.252578 0.570334
vt 0.294441 0.578091
vt 0.338820 0.552346
vt 0.381390 0.550953
vt 0.423420 0.545376
vt 0.465818 0.535724
vt 0.513477 0.521729
vt 0.571255 0.504318
vt 0.634137 0.486509
vt 0.048393 0.488113
vt 0.110957 0.505092
vt 0.168464 0.521482
vt 0.215370 0.534107
vt 0.256301 0.543217
vt 0.296845 0.549392
vt 0.339234 0.523482
vt 0.380296 0.522172
vt 0.420733 0.517667
vt 0.461770 0.510038
vt 0.508764 0.498950
vt 0.566677 0.484673
vt 0.630090 0.469842
vt 0.052232 0.471520
vt 0.115270 0.485565
vt 0.172749 0.498941
vt 0.219020 0.509129
vt 0.259039 0.516418
vt 0.298534 0.521273
vt 0.339464 0.495171
vt 0.379468 0.494018
vt 0.418778 0.490464
vt 0.458770 0.484565
vt 0.505098 0.475997
vt 0.562968 0.464731
vt 0.626767 0.452878
vt 0.055363 0.454641
vt 0.118732 0.465773
vt 0.176080 0.476263
vt 0.221752 0.484190
vt 0.261008 0.489832
vt 0.299693 0.493544
vt 0.339573 0.467208
vt 0.378857 0.466247
vt 0.417380 0.463573
vt 0.456587 0.459227
vt 0.502333 0.452938
vt 0.560088 0.444564
vt 0.624173 0.435669
vt 0.057784 0.437530
vt 0.121386 0.445778
vt 0.178571 0.453486
vt 0.223724 0.459274
vt 0.262368 0.463380
vt 0.300450 0.466061
vt 0.339598 0.439446
vt 0.378426 0.438701
vt 0.416422 0.436868
vt 0.455063 0.433973
vt 0.500354 0.429811
vt 0.557999 0.424230
vt 0.622314 0.418269
vt 0.059490 0.420241
vt 0.123274 0.425635
vt 0.180315 0.430640
vt 0.225053 0.434372
vt 0.263231 0.437010
vt 0.300889 0.438725
vt 0.339558 0.411781
vt 0.378163 0.411281
vt 0.415832 0.410278
vt 0.454089 0.408771
vt 0.499072 0.406636
vt 0.556669 0.403777
vt 0.621202 0.400734
vt 0.060471 0.402829
vt 0.124425 0.405387
vt 0.181384 0.407745
vt 0.225827 0.409484
vt 0.263667 0.410698
vt 0.301050 0.411473
vt 0.884905 0.097777
vt 0.851613 0.093904
vt 0.882596 0.153759
vt 0.858939 0.147600
vt 0.835828 0.141841
vt 0.897300 0.099968
vt 0.904338 0.159218
vt 0.905195 0.198867
vt 0.884430 0.192546
vt 0.861544 0.184935
vt 0.839193 0.177397
vt 0.819506 0.171363
vt 0.815337 0.137706
vt 0.835490 0.097121
vt 0.809599 0.092010
vt 0.855271 0.366814
vt 0.877748 0.381671
vt 0.876032 0.392847
vt 0.849400 0.373245
vt 0.897301 0.393343
vt 0.898598 0.402594
vt 0.905656 0.413707
vt 0.891292 0.411189
vt 0.878560 0.411962
vt 0.861000 0.394910
vt 0.839395 0.377414
vt 0.837723 0.345892
vt 0.859494 0.359438
vt 0.833212 0.352427
vt 0.881207 0.373592
vt 0.826788 0.358008
vt 0.914198 0.395785
vt 0.912167 0.401746
vt 0.899875 0.386034
vt 0.913123 0.408884
vt 0.925928 0.423839
vt 0.914371 0.423578
vt 0.917784 0.416656
vt 0.902882 0.423975
vt 0.882242 0.429422
vt 0.867431 0.414734
vt 0.892128 0.426053
vt 0.848913 0.397770
vt 0.806877 0.367765
vt 0.817602 0.362786
vt 0.827761 0.381117
vt 0.765015 0.419321
vt 0.783208 0.431749
vt 0.767043 0.442637
vt 0.751478 0.430929
vt 0.800152 0.446390
vt 0.781602 0.456122
vt 0.752454 0.452670
vt 0.740002 0.441805
vt 0.764819 0.464348
vt 0.761195 0.398948
vt 0.779281 0.408247
vt 0.748380 0.410556
vt 0.799347 0.421314
vt 0.818227 0.436639
vt 0.833227 0.451692
vt 0.813217 0.460924
vt 0.792446 0.469582
vt 0.773767 0.475638
vt 0.760900 0.478468
vt 0.751563 0.471633
vt 0.740023 0.461349
vt 0.730081 0.450526
vt 0.728541 0.434065
vt 0.724048 0.442501
vt 0.736968 0.422672
vt 0.713086 0.396839
vt 0.723834 0.401312
vt 0.713941 0.416000
vt 0.703206 0.413650
vt 0.735051 0.405273
vt 0.724730 0.418346
vt 0.707749 0.430681
vt 0.697405 0.430735
vt 0.717871 0.431112
vt 0.714637 0.374008
vt 0.725103 0.381683
vt 0.702072 0.390776
vt 0.735684 0.387732
vt 0.747125 0.392900
vt 0.715883 0.443450
vt 0.706299 0.445183
vt 0.696540 0.447511
vt 0.685845 0.429928
vt 0.685671 0.449679
vt 0.691695 0.409927
vt 0.960634 0.068883
vt 0.962612 0.111933
vt 0.943918 0.126822
vt 0.941313 0.073308
vt 0.966910 0.143945
vt 0.955220 0.157458
vt 0.948081 0.182404
vt 0.937459 0.170195
vt 0.922566 0.163600
vt 0.922921 0.105972
vt 0.981308 0.023968
vt 0.980110 0.066747
vt 0.959996 0.028459
vt 0.979639 0.107978
vt 0.938899 0.037906
vt 0.982023 0.162362
vt 0.971329 0.165837
vt 0.980440 0.139721
vt 0.962106 0.176035
vt 0.951264 0.219516
vt 0.944413 0.213394
vt 0.955478 0.194320
vt 0.934836 0.207468
vt 0.921879 0.203215
vt 0.742522 0.479455
vt 0.735429 0.487430
vt 0.720825 0.475185
vt 0.729727 0.468667
vt 0.728826 0.495391
vt 0.712503 0.481581
vt 0.710684 0.460387
vt 0.720285 0.456095
vt 0.701407 0.464803
vt 0.757848 0.485976
vt 0.753577 0.494841
vt 0.749195 0.503869
vt 0.745554 0.513898
vt 0.722579 0.504159
vt 0.704189 0.488475
vt 0.691853 0.469415
vt 0.798865 0.092465
vt 0.777707 0.098475
vt 0.782224 0.075826
vt 0.797964 0.136184
vt 0.781471 0.137143
vt 0.756967 0.103580
vt 0.752730 0.083741
vt 0.764573 0.139986
vt 0.802817 0.168061
vt 0.786962 0.167516
vt 0.770707 0.169260
vt 0.754056 0.172639
vt 0.747172 0.143943
vt 0.738264 0.107682
vt 0.732761 0.086198
vt 0.759611 0.054270
vt 0.724697 0.057128
vt 0.782146 0.323171
vt 0.797386 0.331610
vt 0.791796 0.337699
vt 0.777743 0.329117
vt 0.814151 0.341031
vt 0.807769 0.346766
vt 0.784676 0.344142
vt 0.771940 0.335624
vt 0.799391 0.352507
vt 0.771418 0.311138
vt 0.785272 0.317508
vt 0.768922 0.315777
vt 0.801320 0.325402
vt 0.818591 0.334684
vt 0.789928 0.358707
vt 0.776518 0.351011
vt 0.764890 0.342652
vt 0.760581 0.326755
vt 0.754312 0.333416
vt 0.765420 0.320883
vt 0.181183 0.892539
vt 0.180022 0.890784
vt 0.180933 0.889200
vt 0.183116 0.889989
vt 0.177882 0.889872
vt 0.179133 0.888555
vt 0.181089 0.887437
vt 0.183247 0.886791
vt 0.178963 0.886869
vt 0.392484 0.953764
vt 0.394167 0.953065
vt 0.397520 0.956051
vt 0.393935 0.955751
vt 0.176944 0.894632
vt 0.176332 0.892806
vt 0.174380 0.891091
vt 0.172218 0.889621
vt 0.174025 0.888630
vt 0.175308 0.887207
vt 0.175422 0.885491
vt 0.174800 0.883810
vt 0.177176 0.884010
vt 0.179612 0.883726
vt 0.181404 0.882322
vt 0.393224 0.960346
vt 0.396989 0.960923
vt 0.393064 0.963200
vt 0.391302 0.961988
vt 0.394416 0.958138
vt 0.398465 0.958594
vt 0.066189 0.851602
vt 0.071436 0.851117
vt 0.074044 0.865013
vt 0.069846 0.865075
vt 0.076459 0.850862
vt 0.078046 0.864977
vt 0.076265 0.878213
vt 0.072987 0.877361
vt 0.079284 0.878655
vt 0.056918 0.840279
vt 0.062794 0.839194
vt 0.061314 0.852520
vt 0.069105 0.838617
vt 0.075090 0.838364
vt 0.080341 0.838245
vt 0.080928 0.850677
vt 0.081631 0.864880
vt 0.081977 0.878749
vt 0.081496 0.890130
vt 0.079615 0.889776
vt 0.077507 0.888815
vt 0.074949 0.886838
vt 0.070038 0.877155
vt 0.072613 0.884482
vt 0.065978 0.865635
vt 0.884005 0.445065
vt 0.892045 0.453246
vt 0.883026 0.462261
vt 0.873951 0.450798
vt 0.898290 0.458024
vt 0.892899 0.465276
vt 0.891319 0.474176
vt 0.883343 0.474904
vt 0.870232 0.478877
vt 0.866956 0.468046
vt 0.860464 0.456929
vt 0.892793 0.440116
vt 0.872817 0.433445
vt 0.900222 0.447416
vt 0.862464 0.438222
vt 0.911751 0.456329
vt 0.902629 0.461255
vt 0.905983 0.452322
vt 0.897707 0.467382
vt 0.896793 0.482205
vt 0.892625 0.483206
vt 0.895954 0.474653
vt 0.885482 0.485291
vt 0.854700 0.496236
vt 0.851558 0.485786
vt 0.873220 0.489448
vt 0.848287 0.475310
vt 0.849642 0.444104
vt 0.842814 0.464390
vt 0.166919 0.868216
vt 0.177110 0.876930
vt 0.175172 0.878667
vt 0.164333 0.870489
vt 0.373795 0.962972
vt 0.386413 0.962516
vt 0.386655 0.964868
vt 0.373318 0.966212
vt 0.147654 0.868700
vt 0.150702 0.866000
vt 0.161656 0.872768
vt 0.159201 0.874948
vt 0.153911 0.863255
vt 0.157154 0.860662
vt 0.360979 0.967066
vt 0.361761 0.963109
vt 0.172768 0.880000
vt 0.170687 0.881256
vt 0.155343 0.892708
vt 0.169362 0.893698
vt 0.170218 0.895876
vt 0.156744 0.895645
vt 0.921492 0.430720
vt 0.927701 0.436212
vt 0.918436 0.439124
vt 0.911630 0.432851
vt 0.933710 0.440893
vt 0.924350 0.443949
vt 0.909073 0.442817
vt 0.901943 0.436002
vt 0.914878 0.447674
vt 0.930576 0.429277
vt 0.935975 0.433701
vt 0.941970 0.437870
vt 0.948740 0.442790
vt 0.939273 0.445305
vt 0.930030 0.448026
vt 0.920843 0.451409
vt 0.154004 0.889388
vt 0.167919 0.891286
vt 0.153371 0.885934
vt 0.166978 0.888871
vt 0.364236 0.945512
vt 0.363475 0.941825
vt 0.375509 0.945638
vt 0.375937 0.948601
vt 0.144242 0.895040
vt 0.142181 0.891426
vt 0.140491 0.887275
vt 0.139782 0.882847
vt 0.388314 0.950074
vt 0.388013 0.952107
vt 0.155488 0.879783
vt 0.168940 0.884869
vt 0.167717 0.886787
vt 0.154021 0.882700
vt 0.157222 0.877207
vt 0.169733 0.882954
vt 0.140488 0.878586
vt 0.142306 0.874738
vt 0.144817 0.871466
vt 0.375634 0.955751
vt 0.388299 0.957392
vt 0.387348 0.960099
vt 0.374725 0.959537
vt 0.376052 0.951962
vt 0.388327 0.954585
vt 0.362760 0.958852
vt 0.363717 0.954196
vt 0.364311 0.949594
vt 0.075194 0.897596
vt 0.075432 0.895860
vt 0.077032 0.897267
vt 0.077399 0.898407
vt 0.075508 0.892752
vt 0.077490 0.895156
vt 0.078730 0.896394
vt 0.069313 0.894131
vt 0.070601 0.892737
vt 0.074701 0.898892
vt 0.071616 0.890744
vt 0.077731 0.899440
vt 0.072293 0.887702
vt 0.079893 0.897143
vt 0.049438 0.858561
vt 0.053177 0.856183
vt 0.059741 0.869173
vt 0.056823 0.871273
vt 0.057080 0.854078
vt 0.062717 0.867120
vt 0.066126 0.881340
vt 0.064169 0.883371
vt 0.067944 0.878905
vt 0.038658 0.850245
vt 0.042842 0.847329
vt 0.045813 0.860982
vt 0.047213 0.844509
vt 0.051843 0.842071
vt 0.062096 0.885021
vt 0.053940 0.873273
vt 0.101672 0.927171
vt 0.115053 0.926682
vt 0.114925 0.930881
vt 0.101465 0.931228
vt 0.132248 0.926026
vt 0.132141 0.930323
vt 0.114885 0.935621
vt 0.101328 0.935799
vt 0.132143 0.935171
vt 0.091871 0.924054
vt 0.102257 0.923527
vt 0.091152 0.927501
vt 0.115508 0.922858
vt 0.132591 0.922044
vt 0.154501 0.921174
vt 0.154236 0.925281
vt 0.154110 0.929620
vt 0.154142 0.934505
vt 0.154360 0.940563
vt 0.132150 0.941128
vt 0.114729 0.941387
vt 0.100985 0.941313
vt 0.090449 0.935708
vt 0.089822 0.940917
vt 0.090790 0.931365
vt 0.288660 0.932805
vt 0.304290 0.939562
vt 0.293841 0.944530
vt 0.281008 0.937544
vt 0.313918 0.947758
vt 0.301785 0.952662
vt 0.282460 0.948504
vt 0.272036 0.941559
vt 0.289101 0.956792
vt 0.271849 0.922747
vt 0.297588 0.927034
vt 0.267043 0.927848
vt 0.317092 0.933169
vt 0.329032 0.941529
vt 0.334922 0.951941
vt 0.318849 0.956932
vt 0.306150 0.961433
vt 0.292902 0.965864
vt 0.274847 0.970219
vt 0.271926 0.960554
vt 0.266610 0.951714
vt 0.258894 0.944453
vt 0.256843 0.936583
vt 0.251269 0.939850
vt 0.262446 0.932367
vt 0.891163 0.265283
vt 0.869204 0.255605
vt 0.910459 0.272660
vt 0.901884 0.324765
vt 0.880263 0.315259
vt 0.919817 0.331624
vt 0.797878 0.225944
vt 0.782491 0.225749
vt 0.847585 0.244992
vt 0.828758 0.235500
vt 0.857469 0.303202
vt 0.837081 0.290557
vt 0.805168 0.274888
vt 0.789930 0.272346
vt 0.936783 0.356745
vt 0.945067 0.359071
vt 0.948112 0.375000
vt 0.940705 0.372802
vt 0.950904 0.360191
vt 0.953441 0.376277
vt 0.950900 0.387293
vt 0.944727 0.385488
vt 0.955618 0.388616
vt 0.932727 0.335923
vt 0.924783 0.352732
vt 0.941727 0.338200
vt 0.948105 0.339111
vt 0.952794 0.339320
vt 0.955218 0.360580
vt 0.957459 0.376881
vt 0.959344 0.389426
vt 0.960794 0.399262
vt 0.957369 0.398268
vt 0.953320 0.396937
vt 0.948520 0.395630
vt 0.936275 0.382883
vt 0.942754 0.394981
vt 0.930085 0.369331
vt 0.812936 0.229064
vt 0.820473 0.280790
vt 0.211067 0.924279
vt 0.210263 0.928627
vt 0.766949 0.227931
vt 0.774994 0.272529
vt 0.928032 0.454411
vt 0.935727 0.451734
vt 0.941073 0.455344
vt 0.935048 0.457460
vt 0.943570 0.449673
vt 0.947149 0.453772
vt 0.945511 0.459127
vt 0.940730 0.461046
vt 0.950215 0.457663
vt 0.921992 0.457558
vt 0.950496 0.448659
vt 0.952511 0.452900
vt 0.954530 0.456591
vt 0.956203 0.460217
vt 0.952412 0.461622
vt 0.948451 0.463298
vt 0.944393 0.465335
vt 0.936587 0.463198
vt 0.940709 0.467517
vt 0.930155 0.459920
vt 0.948011 0.434340
vt 0.942689 0.431168
vt 0.948028 0.428414
vt 0.952443 0.430674
vt 0.937992 0.428119
vt 0.943946 0.426400
vt 0.952132 0.425257
vt 0.955778 0.426907
vt 0.948650 0.423871
vt 0.953156 0.437581
vt 0.934951 0.425314
vt 0.940955 0.424648
vt 0.945816 0.422734
vt 0.949322 0.419516
vt 0.951870 0.420352
vt 0.954864 0.421474
vt 0.958008 0.422828
vt 0.959194 0.428795
vt 0.961042 0.424310
vt 0.956524 0.433147
vt 0.209567 0.933352
vt 0.211819 0.919886
vt 0.209897 0.939147
vt 0.935630 0.279366
vt 0.925023 0.277078
vt 0.951514 0.403648
vt 0.955167 0.404797
vt 0.956185 0.411375
vt 0.953171 0.410229
vt 0.958621 0.406156
vt 0.959245 0.412724
vt 0.956157 0.416896
vt 0.953338 0.415786
vt 0.959105 0.418200
vt 0.948397 0.403521
vt 0.961770 0.407290
vt 0.962205 0.413943
vt 0.962010 0.419498
vt 0.950916 0.415082
vt 0.950591 0.409731
vt 0.069891 0.927294
vt 0.075720 0.927724
vt 0.074818 0.931091
vt 0.068596 0.930443
vt 0.082664 0.927729
vt 0.082068 0.931351
vt 0.073735 0.934803
vt 0.067030 0.933853
vt 0.081400 0.935393
vt 0.066308 0.923332
vt 0.071130 0.924356
vt 0.064695 0.926252
vt 0.076725 0.924667
vt 0.083511 0.924490
vt 0.080350 0.940232
vt 0.072176 0.939233
vt 0.064940 0.937869
vt 0.060788 0.932462
vt 0.058201 0.936079
vt 0.062895 0.929278
vt 0.943340 0.280558
vt 0.948932 0.281264
vt 0.214715 0.956168
vt 0.217021 0.966227
vt 0.155670 0.968083
vt 0.155264 0.958072
vt 0.862582 0.325360
vt 0.886571 0.337824
vt 0.893877 0.358551
vt 0.865539 0.341623
vt 0.907860 0.346609
vt 0.915030 0.364441
vt 0.924639 0.379310
vt 0.912706 0.377518
vt 0.904717 0.380358
vt 0.886198 0.366491
vt 0.863572 0.351793
vt 0.840221 0.311954
vt 0.842019 0.327711
vt 0.933058 0.390541
vt 0.924594 0.389383
vt 0.918299 0.391371
vt 0.841012 0.338250
vt 0.790542 0.289254
vt 0.806074 0.293420
vt 0.805575 0.307717
vt 0.789570 0.301957
vt 0.822114 0.300866
vt 0.822590 0.316242
vt 0.803998 0.318020
vt 0.787687 0.311018
vt 0.821490 0.326996
vt 0.775774 0.287656
vt 0.773309 0.305854
vt 0.774920 0.298442
vt 0.756748 0.350290
vt 0.767648 0.358394
vt 0.757956 0.366653
vt 0.747426 0.358950
vt 0.780121 0.365540
vt 0.769861 0.373275
vt 0.747296 0.376257
vt 0.736841 0.369191
vt 0.758902 0.382265
vt 0.746644 0.340959
vt 0.796021 0.373602
vt 0.785017 0.380579
vt 0.773505 0.388942
vt 0.726758 0.360552
vt 0.737479 0.349801
vt 0.816270 0.385642
vt 0.837631 0.401438
vt 0.826176 0.406294
vt 0.804711 0.391467
vt 0.857039 0.418280
vt 0.846155 0.422787
vt 0.813654 0.412791
vt 0.792539 0.398919
vt 0.833539 0.428739
vt 0.820946 0.473349
vt 0.824964 0.484171
vt 0.799557 0.492021
vt 0.797837 0.481433
vt 0.827265 0.494576
vt 0.800093 0.502336
vt 0.775111 0.496131
vt 0.776279 0.486214
vt 0.773226 0.506019
vt 0.829826 0.505044
vt 0.801300 0.512934
vt 0.772276 0.516608
vt 0.031418 0.830166
vt 0.036870 0.825843
vt 0.039256 0.829887
vt 0.034064 0.833691
vt 0.043150 0.822149
vt 0.045032 0.826674
vt 0.051517 0.824416
vt 0.024165 0.832670
vt 0.029213 0.827383
vt 0.026646 0.834762
vt 0.034675 0.822592
vt 0.041212 0.818491
vt 0.050757 0.814490
vt 0.050517 0.819540
vt 0.029413 0.837663
vt 0.066934 0.822768
vt 0.059022 0.823265
vt 0.058928 0.818554
vt 0.067356 0.818260
vt 0.074847 0.818261
vt 0.074256 0.822673
vt 0.080323 0.823024
vt 0.060938 0.814590
vt 0.069215 0.814597
vt 0.076217 0.814651
vt 0.081977 0.815407
vt 0.080964 0.818918
vt 0.031489 0.935187
vt 0.035044 0.933408
vt 0.038946 0.937468
vt 0.035107 0.940426
vt 0.038449 0.931563
vt 0.042565 0.934499
vt 0.044518 0.941692
vt 0.040519 0.945850
vt 0.048274 0.937615
vt 0.026114 0.931361
vt 0.029683 0.930659
vt 0.027543 0.936875
vt 0.032977 0.929780
vt 0.036253 0.928827
vt 0.038985 0.928089
vt 0.041540 0.929522
vt 0.045911 0.931586
vt 0.051679 0.933877
vt 0.054963 0.940551
vt 0.051258 0.945594
vt 0.047313 0.950827
vt 0.036256 0.950038
vt 0.043244 0.956199
vt 0.030900 0.943347
vt 0.062100 0.942981
vt 0.069885 0.944929
vt 0.067047 0.951520
vt 0.058720 0.948846
vt 0.078658 0.946465
vt 0.076467 0.953702
vt 0.063970 0.958487
vt 0.055099 0.955007
vt 0.074044 0.961361
vt 0.088673 0.947628
vt 0.087104 0.955431
vt 0.085312 0.963679
vt 0.083505 0.972027
vt 0.071669 0.969188
vt 0.060958 0.965680
vt 0.051480 0.961388
vt 0.097901 0.965506
vt 0.099170 0.956738
vt 0.113684 0.957648
vt 0.112895 0.966907
vt 0.100243 0.948437
vt 0.114319 0.948887
vt 0.131953 0.958117
vt 0.131702 0.967822
vt 0.132096 0.948947
vt 0.096570 0.974334
vt 0.154777 0.948604
vt 0.131322 0.977565
vt 0.155845 0.978072
vt 0.112020 0.976206
vt 0.211938 0.946895
vt 0.218333 0.976440
vt 0.031709 0.916244
vt 0.035661 0.916481
vt 0.033789 0.921574
vt 0.030237 0.921440
vt 0.040078 0.916624
vt 0.037653 0.921653
vt 0.032726 0.926075
vt 0.029422 0.926362
vt 0.036181 0.925719
vt 0.029123 0.911026
vt 0.033142 0.911595
vt 0.028012 0.915622
vt 0.037433 0.911494
vt 0.042192 0.910925
vt 0.048387 0.910244
vt 0.044933 0.917390
vt 0.041974 0.922196
vt 0.039957 0.925822
vt 0.025933 0.926380
vt 0.026728 0.920989
vt 0.049851 0.919600
vt 0.054748 0.922204
vt 0.051822 0.925570
vt 0.046717 0.923615
vt 0.059687 0.924505
vt 0.057278 0.927566
vt 0.048926 0.928697
vt 0.044083 0.926943
vt 0.054637 0.930641
vt 0.053270 0.915090
vt 0.057573 0.918665
vt 0.061859 0.921426
vt 0.349517 0.958919
vt 0.350422 0.953334
vt 0.353375 0.953078
vt 0.352356 0.958520
vt 0.350660 0.947111
vt 0.353877 0.947500
vt 0.353557 0.942226
vt 0.943833 0.421606
vt 0.947251 0.418887
vt 0.939403 0.422932
vt 0.934663 0.422814
vt 0.929699 0.421350
vt 0.349660 0.940607
vt 0.351272 0.963498
vt 0.128981 0.870519
vt 0.126639 0.875052
vt 0.348469 0.963826
vt 0.118660 0.874024
vt 0.121512 0.869420
vt 0.126276 0.865308
vt 0.132502 0.866529
vt 0.136587 0.863153
vt 0.926917 0.398914
vt 0.923447 0.402451
vt 0.931789 0.397204
vt 0.937564 0.397778
vt 0.942895 0.400719
vt 0.131993 0.861687
vt 0.125854 0.880017
vt 0.129143 0.890256
vt 0.132369 0.894750
vt 0.117808 0.879167
vt 0.126704 0.894681
vt 0.121933 0.889695
vt 0.118914 0.884518
vt 0.126771 0.885217
vt 0.925097 0.417797
vt 0.922161 0.412696
vt 0.921679 0.407263
vt 0.352614 0.937155
vt 0.145057 0.856972
vt 0.140838 0.860068
vt 0.348127 0.933772
vt 0.137691 0.858417
vt 0.142741 0.855118
vt 0.147130 0.852187
vt 0.149065 0.854142
vt 0.350561 0.968177
vt 0.946587 0.405290
vt 0.948543 0.410216
vt 0.948852 0.414925
vt 0.347801 0.968593
vt 0.969248 0.954418
vt 0.957024 0.957487
vt 0.952752 0.930210
vt 0.964790 0.929388
vt 0.944471 0.959837
vt 0.940433 0.931090
vt 0.931885 0.961738
vt 0.927589 0.932511
vt 0.925005 0.902758
vt 0.938658 0.902860
vt 0.951315 0.903904
vt 0.963289 0.905499
vt 0.331945 0.034946
vt 0.348657 0.055068
vt 0.322011 0.009400
vt 0.952733 0.876234
vt 0.938308 0.872774
vt 0.936919 0.840366
vt 0.952599 0.846768
vt 0.933985 0.808823
vt 0.953588 0.813405
vt 0.378779 0.072595
vt 0.922936 0.870746
vt 0.919767 0.836845
vt 0.915269 0.804576
vt 0.910698 0.776408
vt 0.930586 0.780825
vt 0.949877 0.787237
vt 0.963651 0.791914
vt 0.972534 0.771394
vt 0.951802 0.761503
vt 0.958868 0.734565
vt 0.982824 0.745149
vt 0.930115 0.754765
vt 0.934004 0.726726
vt 0.907909 0.750594
vt 0.907903 0.722670
vt 0.914936 0.934397
vt 0.919769 0.963711
vt 0.908079 0.965973
vt 0.902557 0.936927
vt 0.896582 0.968642
vt 0.890454 0.940243
vt 0.911191 0.903910
vt 0.884943 0.971790
vt 0.878559 0.944424
vt 0.884727 0.910519
vt 0.872395 0.916435
vt 0.897716 0.906410
vt 0.831795 0.837846
vt 0.842804 0.866947
vt 0.830972 0.882493
vt 0.819160 0.856482
vt 0.852882 0.896572
vt 0.841085 0.908188
vt 0.818493 0.897340
vt 0.806566 0.875419
vt 0.828089 0.918528
vt 0.835794 0.795839
vt 0.845393 0.822472
vt 0.820787 0.812363
vt 0.855329 0.853481
vt 0.864786 0.885897
vt 0.860610 0.923956
vt 0.848482 0.931631
vt 0.834938 0.938080
vt 0.818159 0.941931
vt 0.812345 0.925814
vt 0.803906 0.908841
vt 0.792944 0.891195
vt 0.793316 0.855156
vt 0.780107 0.874617
vt 0.806720 0.833097
vt 0.896446 0.803517
vt 0.902425 0.836153
vt 0.885550 0.838482
vt 0.878101 0.805871
vt 0.907410 0.870795
vt 0.892300 0.873195
vt 0.869674 0.844072
vt 0.860902 0.812015
vt 0.877957 0.878082
vt 0.890529 0.775315
vt 0.852437 0.784631
vt 0.870826 0.777850
vt 0.881475 0.723238
vt 0.885493 0.750091
vt 0.863767 0.753460
vt 0.856192 0.728621
vt 0.843652 0.761347
vt 0.832597 0.738149
vt 0.825243 0.773731
vt 0.810883 0.753109
vt 0.739766 0.867207
vt 0.753713 0.876989
vt 0.742576 0.889444
vt 0.730540 0.881054
vt 0.733061 0.899378
vt 0.722563 0.893373
vt 0.749696 0.849977
vt 0.765713 0.860686
vt 0.766348 0.888635
vt 0.752812 0.898605
vt 0.741188 0.905697
vt 0.733796 0.910080
vt 0.726727 0.908080
vt 0.716769 0.904904
vt 0.791381 0.774312
vt 0.808246 0.791672
vt 0.792583 0.814406
vt 0.774715 0.800202
vt 0.778514 0.838827
vt 0.761054 0.826877
vt 0.866612 0.949309
vt 0.872605 0.975319
vt 0.858843 0.978616
vt 0.853972 0.954096
vt 0.842659 0.980883
vt 0.839577 0.958013
vt 0.822004 0.981505
vt 0.821338 0.959925
vt 0.727403 0.930822
vt 0.716663 0.934518
vt 0.713771 0.925219
vt 0.724601 0.923667
vt 0.713798 0.915789
vt 0.724345 0.916371
vt 0.741912 0.934968
vt 0.734715 0.939034
vt 0.738625 0.929136
vt 0.725245 0.946086
vt 0.734305 0.915747
vt 0.735815 0.922441
vt 0.797617 0.958942
vt 0.795338 0.978415
vt 0.766850 0.970741
vt 0.772003 0.954419
vt 0.742295 0.959059
vt 0.749813 0.947421
vt 0.796771 0.942741
vt 0.754164 0.937809
vt 0.773839 0.940891
vt 0.777207 0.901892
vt 0.786052 0.915614
vt 0.767045 0.919151
vt 0.760814 0.908683
vt 0.792720 0.929077
vt 0.771734 0.929722
vt 0.749784 0.921110
vt 0.746139 0.913184
vt 0.753127 0.929244
s 1
usemtl Material.001
f 1/1/1 13/2/2 14/3/3 2/4/4
f 2/4/4 14/3/3 15/5/5 3/6/6
f 3/6/6 15/5/5 16/7/7 4/8/8
f 4/8/8 16/7/7 17/9/9 5/10/10
f 5/10/10 17/9/9 18/11/11 6/12/12
f 6/12/12 18/11/11 19/13/13 7/14/14
f 7/15/14 19/16/13 20/17/15 8/18/16
f 8/18/16 20/17/15 21/19/17 9/20/18
f 9/20/18 21/19/17 22/21/19 10/22/20
f 10/22/20 22/21/19 23/23/21 11/24/22
f 11/24/22 23/23/21 24/25/23 12/26/24
f 12/26/24 24/25/23 13/2/2 1/1/1
f 13/2/2 25/27/25 26/28/26 14/3/3
f 14/3/3 26/28/26 27/29/27 15/5/5
f 15/5/5 27/29/27 28/30/28 16/7/7
f 16/7/7 28/30/28 29/31/29 17/9/9
f 17/9/9 29/31/29 30/32/30 18/11/11
f 18/11/11 30/32/30 31/33/31 19/13/13
f 19/16/13 31/34/31 32/35/32 20/17/15
f 20/17/15 32/35/32 33/36/33 21/19/17
f 21/19/17 33/36/33 34/37/34 22/21/19
f 22/21/19 34/37/34 35/38/35 23/23/21
f 23/23/21 35/38/35 36/39/36 24/25/23
f 24/25/23 36/39/36 25/27/25 13/2/2
f 25/27/25 37/40/37 38/41/38 26/28/26
f 26/28/26 38/41/38 39/42/39 27/29/27
f 27/29/27 39/42/39 40/43/40 28/30/28
f 28/30/28 40/43/40 41/44/41 29/31/29
f 29/31/29 41/44/41 42/45/42 30/32/30
f 30/32/30 42/45/42 43/46/43 31/33/31
f 31/34/31 43/47/43 44/48/44 32/35/32
f 32/35/32 44/48/44 45/49/45 33/36/33
f 33/36/33 45/49/45 46/50/46 34/37/34
f 34/37/34 46/50/46 47/51/47 35/38/35
f 35/38/35 47/51/47 48/52/48 36/39/36
f 36/39/36 48/52/48 37/40/37 25/27/25
f 37/40/37 49/53/49 50/54/50 38/41/38
f 38/41/38 50/54/50 51/55/51 39/42/39
f 39/42/39 51/55/51 52/56/52 40/43/40
f 40/43/40 52/56/52 53/57/53 41/44/41
f 41/44/41 53/57/53 54/58/54 42/45/42
f 42/45/42 54/58/54 55/59/55 43/46/43
f 43/47/43 55/60/55 56/61/56 44/48/44
f 44/48/44 56/61/56 57/62/57 45/49/45
f 45/49/45 57/62/57 58/63/58 46/50/46
f 46/50/46 58/63/58 59/64/59 47/51/47
f 47/51/47 59/64/59 60/65/60 48/52/48
f 48/52/48 60/65/60 49/53/49 37/40/37
f 49/53/49 61/66/61 62/67/62 50/54/50
f 50/54/50 62/67/62 63/68/63 51/55/51
f 51/55/51 63/68/63 64/69/64 52/56/52
f 52/56/52 64/69/64 65/70/65 53/57/53
f 53/57/53 65/70/65 66/71/66 54/58/54
f 54/58/54 66/71/66 67/72/67 55/59/55
f 55/60/55 67/73/67 68/74/68 56/61/56
f 56/61/56 68/74/68 69/75/69 57/62/57
f 57/62/57 69/75/69 70/76/70 58/63/58
f 58/63/58 70/76/70 71/77/71 59/64/59
f 59/64/59 71/77/71 72/78/72 60/65/60
f 60/65/60 72/78/72 61/66/61 49/53/49
f 61/66/61 73/79/73 74/80/74 62/67/62
f 62/67/62 74/80/74 75/81/75 63/68/63
f 63/68/63 75/81/75 76/82/76 64/69/64
f 64/69/64 76/82/76 77/83/77 65/70/65
f 65/70/65 77/83/77 78/84/78 66/71/66
f 66/71/66 78/84/78 79/85/79 67/72/67
f 67/73/67 79/86/79 80/87/80 68/74/68
f 68/74/68 80/87/80 81/88/81 69/75/69
f 69/75/69 81/88/81 82/89/82 70/76/70
f 70/76/70 82/89/82 83/90/83 71/77/71
f 71/77/71 83/90/83 84/91/84 72/78/72
f 72/78/72 84/91/84 73/79/73 61/66/61
f 73/79/73 85/92/85 86/93/86 74/80/74
f 74/80/74 86/93/86 87/94/87 75/81/75
f 75/81/75 87/94/87 88/95/88 76/82/76
f 76/82/76 88/95/88 89/96/89 77/83/77
f 77/83/77 89/96/89 90/97/90 78/84/78
f 78/84/78 90/97/90 91/98/91 79/85/79
f 79/86/79 91/99/91 92/100/92 80/87/80
f 80/87/80 92/100/92 93/101/93 81/88/81
f 81/88/81 93/101/93 94/102/94 82/89/82
f 82/89/82 94/102/94 95/103/95 83/90/83
f 83/90/83 95/103/95 96/104/96 84/91/84
f 84/91/84 96/104/96 85/92/85 73/79/73
f 85/92/85 97/105/97 98/106/98 86/93/86
f 86/93/86 98/106/98 99/107/99 87/94/87
f 87/94/87 99/107/99 100/108/100 88/95/88
f 88/95/88 100/108/100 101/109/101 89/96/89
f 89/96/89 101/109/101 102/110/102 90/97/90
f 90/97/90 102/110/102 103/111/103 91/98/91
f 91/99/91 103/112/103 104/113/104 92/100/92
f 92/100/92 104/113/104 105/114/105 93/101/93
f 93/101/93 105/114/105 106/115/106 94/102/94
f 94/102/94 106/115/106 107/116/107 95/103/95
f 95/103/95 107/116/107 108/117/108 96/104/96
f 96/104/96 108/117/108 97/105/97 85/92/85
f 97/105/97 109/118/109 110/119/110 98/106/98
f 98/106/98 110/119/110 111/120/111 99/107/99
f 99/107/99 111/120/111 112/121/112 100/108/100
f 100/108/100 112/121/112 113/122/113 101/109/101
f 101/109/101 113/122/113 114/123/114 102/110/102
f 102/110/102 114/123/114 115/124/115 103/111/103
f 103/112/103 115/125/115 116/126/116 104/113/104
f 104/113/104 116/126/116 117/127/117 105/114/105
f 105/114/105 117/127/117 118/128/118 106/115/106
f 106/115/106 118/128/118 119/129/119 107/116/107
f 107/116/107 119/129/119 120/130/120 108/117/108
f 108/117/108 120/130/120 109/118/109 97/105/97
f 109/118/109 121/131/121 122/132/122 110/119/110
f 110/119/110 122/132/122 1057/133/123
f 111/120/111 123/134/124 124/135/125 112/121/112
f 112/121/112 124/135/125 125/136/126 113/122/113
f 113/122/113 125/136/126 126/137/127 114/123/114
f 114/123/114 126/137/127 127/138/128 115/124/115
f 115/125/115 127/139/128 128/140/129 116/126/116
f 116/126/116 128/140/129 129/141/130 117/127/117
f 117/127/117 129/141/130 130/142/131 118/128/118
f 118/128/118 130/142/131 131/143/132 119/129/119
f 119/129/119 131/143/132 132/144/133 120/130/120
f 120/130/120 132/144/133 121/131/121 109/118/109
f 134/145/134 135/146/135 124/135/125 1007/147/136
f 124/135/125 135/146/135 136/148/137 125/136/126
f 125/136/126 136/148/137 137/149/138 126/137/127
f 126/137/127 137/149/138 138/150/139 127/138/128
f 127/139/128 138/151/139 139/152/140 128/140/129
f 128/140/129 139/152/140 140/153/141 129/141/130
f 129/141/130 140/153/141 141/154/142 130/142/131
f 130/142/131 141/154/142 142/155/143 131/143/132
f 131/143/132 142/155/143 143/156/144 132/144/133
f 132/144/133 143/156/144 133/157/145 121/131/121
f 134/145/134 145/158/146 146/159/147 135/146/135
f 135/146/135 146/159/147 147/160/148 136/148/137
f 136/148/137 147/160/148 148/161/149 137/149/138
f 137/149/138 148/161/149 149/162/150 138/150/139
f 138/151/139 149/163/150 150/164/151 139/152/140
f 139/152/140 150/164/151 151/165/152 140/153/141
f 140/153/141 151/165/152 152/166/153 141/154/142
f 141/154/142 152/166/153 153/167/154 142/155/143
f 142/155/143 153/167/154 154/168/155 143/156/144
f 143/156/144 154/168/155 144/169/156 133/157/145
f 155/170/157 165/171/158 166/172/159 156/173/160
f 176/174/161 177/175/162 362/176/163
f 157/177/164 167/178/165 168/179/166 158/180/167
f 158/180/167 168/179/166 169/181/168 159/182/169
f 159/183/169 169/184/168 170/185/170 160/186/171
f 160/186/171 170/185/170 171/187/172 161/188/173
f 161/188/173 171/187/172 172/189/174 162/190/175
f 162/190/175 172/189/174 173/191/176 163/192/177
f 163/192/177 173/191/176 174/193/178 164/194/179
f 164/194/179 174/193/178 165/171/158 155/170/157
f 165/171/158 175/195/180 176/196/161 166/172/159
f 167/178/165 178/197/181 179/198/182 168/179/166
f 168/179/166 179/198/182 180/199/183 169/181/168
f 169/184/168 180/200/183 181/201/184 170/185/170
f 170/185/170 181/201/184 182/202/185 171/187/172
f 171/187/172 182/202/185 183/203/186 172/189/174
f 172/189/174 183/203/186 184/204/187 173/191/176
f 173/191/176 184/204/187 185/205/188 174/193/178
f 174/193/178 185/205/188 175/195/180 165/171/158
f 175/195/180 186/206/189 187/207/190 176/196/161
f 176/196/161 187/207/190 188/208/191 177/209/162
f 190/210/192 678/211/193 189/212/194
f 188/208/191 189/213/194 177/209/162
f 178/197/181 190/214/192 191/215/195 179/198/182
f 179/198/182 191/215/195 192/216/196 180/199/183
f 180/200/183 192/217/196 193/218/197 181/201/184
f 181/201/184 193/218/197 194/219/198 182/202/185
f 182/202/185 194/219/198 195/220/199 183/203/186
f 183/203/186 195/220/199 196/221/200 184/204/187
f 184/204/187 196/221/200 197/222/201 185/205/188
f 185/205/188 197/222/201 186/206/189 175/195/180
f 186/206/189 198/223/202 199/224/203 187/207/190
f 187/207/190 199/224/203 200/225/204 188/208/191
f 188/208/191 200/225/204 201/226/205 189/213/194
f 189/213/194 201/226/205 202/227/206 190/214/192
f 190/214/192 202/227/206 203/228/207 191/215/195
f 191/215/195 203/228/207 204/229/208 192/216/196
f 192/217/196 204/230/208 205/231/209 193/218/197
f 193/218/197 205/231/209 206/232/210 194/219/198
f 194/219/198 206/232/210 207/233/211 195/220/199
f 195/220/199 207/233/211 208/234/212 196/221/200
f 196/221/200 208/234/212 209/235/213 197/222/201
f 197/222/201 209/235/213 198/223/202 186/206/189
f 198/223/202 210/236/214 211/237/215 199/224/203
f 199/224/203 211/237/215 212/238/216 200/225/204
f 200/225/204 212/238/216 213/239/217 201/226/205
f 201/226/205 213/239/217 214/240/218 202/227/206
f 202/227/206 214/240/218 215/241/219 203/228/207
f 203/228/207 215/241/219 216/242/220 204/229/208
f 204/230/208 216/243/220 217/244/221 205/231/209
f 205/231/209 217/244/221 218/245/222 206/232/210
f 206/232/210 218/245/222 219/246/223 207/233/211
f 207/233/211 219/246/223 220/247/224 208/234/212
f 208/234/212 220/247/224 221/248/225 209/235/213
f 209/235/213 221/248/225 210/236/214 198/223/202
f 210/236/214 222/249/226 223/250/227 211/237/215
f 211/237/215 223/250/227 224/251/228 212/238/216
f 212/238/216 224/251/228 225/252/229 213/239/217
f 213/239/217 225/252/229 226/253/230 214/240/218
f 214/240/218 226/253/230 227/254/231 215/241/219
f 215/241/219 227/254/231 228/255/232 216/242/220
f 216/243/220 228/256/232 229/257/233 217/244/221
f 217/244/221 229/257/233 230/258/234 218/245/222
f 218/245/222 230/258/234 231/259/235 219/246/223
f 219/246/223 231/259/235 232/260/236 220/247/224
f 220/247/224 232/260/236 233/261/237 221/248/225
f 221/248/225 233/261/237 222/249/226 210/236/214
f 222/249/226 234/262/238 235/263/239 223/250/227
f 223/250/227 235/263/239 236/264/240 224/251/228
f 224/251/228 236/264/240 237/265/241 225/252/229
f 225/252/229 237/265/241 238/266/242 226/253/230
f 226/253/230 238/266/242 239/267/243 227/254/231
f 227/254/231 239/267/243 240/268/244 228/255/232
f 228/256/232 240/269/244 241/270/245 229/257/233
f 229/257/233 241/270/245 242/271/246 230/258/234
f 230/258/234 242/271/246 243/272/247 231/259/235
f 231/259/235 243/272/247 244/273/248 232/260/236
f 232/260/236 244/273/248 245/274/249 233/261/237
f 233/261/237 245/274/249 234/262/238 222/249/226
f 234/262/238 246/275/250 247/276/251 235/263/239
f 235/263/239 247/276/251 248/277/252 236/264/240
f 236/264/240 248/277/252 249/278/253 237/265/241
f 237/265/241 249/278/253 250/279/254 238/266/242
f 238/266/242 250/279/254 251/280/255 239/267/243
f 239/267/243 251/280/255 252/281/256 240/268/244
f 240/269/244 252/282/256 253/283/257 241/270/245
f 241/270/245 253/283/257 254/284/258 242/271/246
f 242/271/246 254/284/258 255/285/259 243/272/247
f 243/272/247 255/285/259 256/286/260 244/273/248
f 244/273/248 256/286/260 257/287/261 245/274/249
f 245/274/249 257/287/261 246/275/250 234/262/238
f 246/275/250 258/288/262 259/289/263 247/276/251
f 247/276/251 259/289/263 260/290/264 248/277/252
f 248/277/252 260/290/264 261/291/265 249/278/253
f 249/278/253 261/291/265 262/292/266 250/279/254
f 250/279/254 262/292/266 263/293/267 251/280/255
f 251/280/255 263/293/267 264/294/268 252/281/256
f 252/282/256 264/295/268 265/296/269 253/283/257
f 253/283/257 265/296/269 266/297/270 254/284/258
f 254/284/258 266/297/270 267/298/271 255/285/259
f 255/285/259 267/298/271 268/299/272 256/286/260
f 256/286/260 268/299/272 269/300/273 257/287/261
f 257/287/261 269/300/273 258/288/262 246/275/250
f 258/288/262 270/301/274 271/302/275 259/289/263
f 259/289/263 271/302/275 272/303/276 260/290/264
f 260/290/264 272/303/276 273/304/277 261/291/265
f 261/291/265 273/304/277 274/305/278 262/292/266
f 262/292/266 274/305/278 275/306/279 263/293/267
f 263/293/267 275/306/279 276/307/280 264/294/268
f 264/295/268 276/308/280 277/309/281 265/296/269
f 265/296/269 277/309/281 278/310/282 266/297/270
f 266/297/270 278/310/282 279/311/283 267/298/271
f 267/298/271 279/311/283 280/312/284 268/299/272
f 268/299/272 280/312/284 281/313/285 269/300/273
f 269/300/273 281/313/285 270/301/274 258/288/262
f 270/301/274 282/314/286 283/315/287 271/302/275
f 271/302/275 283/315/287 284/316/288 272/303/276
f 272/303/276 284/316/288 285/317/289 273/304/277
f 273/304/277 285/317/289 286/318/290 274/305/278
f 274/305/278 286/318/290 287/319/291 275/306/279
f 275/306/279 287/319/291 288/320/292 276/307/280
f 276/308/280 288/321/292 289/322/293 277/309/281
f 277/309/281 289/322/293 290/323/294 278/310/282
f 278/310/282 290/323/294 291/324/295 279/311/283
f 279/311/283 291/324/295 292/325/296 280/312/284
f 280/312/284 292/325/296 293/326/297 281/313/285
f 281/313/285 293/326/297 282/314/286 270/301/274
f 282/314/286 1/1/1 2/4/4 283/315/287
f 283/315/287 2/4/4 3/6/6 284/316/288
f 284/316/288 3/6/6 4/8/8 285/317/289
f 285/317/289 4/8/8 5/10/10 286/318/290
f 286/318/290 5/10/10 6/12/12 287/319/291
f 287/319/291 6/12/12 7/14/14 288/320/292
f 288/321/292 7/15/14 8/18/16 289/322/293
f 289/322/293 8/18/16 9/20/18 290/323/294
f 290/323/294 9/20/18 10/22/20 291/324/295
f 291/324/295 10/22/20 11/24/22 292/325/296
f 292/325/296 11/24/22 12/26/24 293/326/297
f 293/326/297 12/26/24 1/1/1 282/314/286
f 189/212/194 442/327/298 637/328/299 177/175/162
f 442/327/298 636/329/300 638/330/301 637/328/299
f 637/328/299 638/330/301 639/331/302
f 442/332/298 441/333/303 636/329/300
f 441/333/303 323/334/304 485/335/305 636/329/300
f 636/329/300 485/335/305 486/336/306 638/330/301
f 638/330/301 486/336/306 487/337/307 639/331/302
f 639/331/302 487/337/307 322/338/308 360/339/309
f 637/340/299 639/331/302 360/339/309 361/341/310
f 177/175/162 637/340/299 361/341/310 362/176/163
f 641/342/311 642/343/312 640/344/313 650/345/314
f 643/346/315 644/347/316 640/344/313 642/343/312
f 645/348/317 646/349/318 640/344/313 644/347/316
f 647/350/319 648/351/320 640/344/313 646/349/318
f 649/352/321 650/345/314 640/344/313 648/351/320
f 294/353/322 445/354/323 641/342/311 374/355/324
f 445/354/323 444/356/325 642/343/312 641/342/311
f 374/355/324 641/342/311 650/345/314 373/357/326
f 308/358/327 428/359/328 643/346/315 443/360/329
f 428/359/328 427/361/330 644/347/316 643/346/315
f 443/360/329 643/346/315 642/343/312 444/356/325
f 307/362/331 437/363/332 645/348/317 426/364/333
f 437/363/332 436/365/334 646/349/318 645/348/317
f 426/364/333 645/348/317 644/347/316 427/361/330
f 301/366/335 405/367/336 647/350/319 435/368/337
f 405/367/336 406/369/338 648/351/320 647/350/319
f 435/368/337 647/350/319 646/349/318 436/365/334
f 302/370/339 372/371/340 649/352/321 407/372/341
f 372/371/340 373/357/326 650/345/314 649/352/321
f 407/372/341 649/352/321 648/351/320 406/369/338
f 651/373/342 652/374/343 655/375/344 654/376/345
f 652/374/343 653/377/346 656/378/347 655/375/344
f 654/376/345 655/375/344 658/379/348 657/380/349
f 655/375/344 656/378/347 659/381/350 658/379/348
f 332/382/351 554/383/352 651/373/342 548/384/353
f 554/383/352 553/385/354 652/374/343 651/373/342
f 553/385/354 552/386/355 653/377/346 652/374/343
f 552/386/355 330/387/356 369/388/357 653/377/346
f 653/377/346 369/388/357 370/389/358 656/378/347
f 656/378/347 370/389/358 371/390/359 659/381/350
f 659/381/350 371/390/359 296/391/360 366/392/361
f 658/379/348 659/381/350 366/392/361 367/393/362
f 657/380/349 658/379/348 367/393/362 368/394/363
f 546/395/364 657/380/349 368/394/363 297/396/365
f 547/397/366 654/376/345 657/380/349 546/395/364
f 548/384/353 651/373/342 654/376/345 547/397/366
f 660/398/367 661/399/368 664/400/369 663/401/370
f 661/399/368 662/402/371 665/403/372 664/400/369
f 663/401/370 664/400/369 667/404/373 666/405/374
f 664/400/369 665/403/372 668/406/375 667/404/373
f 331/407/376 551/408/377 660/398/367 381/409/378
f 551/408/377 550/410/379 661/399/368 660/398/367
f 550/410/379 549/411/380 662/402/371 661/399/368
f 549/411/380 332/382/351 548/384/353 662/402/371
f 662/402/371 548/384/353 547/397/366 665/403/372
f 665/403/372 547/397/366 546/395/364 668/406/375
f 668/406/375 546/395/364 297/396/365 378/412/381
f 667/404/373 668/406/375 378/412/381 379/413/382
f 666/405/374 667/404/373 379/413/382 380/414/383
f 383/415/384 666/405/374 380/414/383 300/416/385
f 382/417/386 663/401/370 666/405/374 383/415/384
f 381/409/378 660/398/367 663/401/370 382/417/386
f 670/418/387 671/419/388 669/420/389 679/421/390
f 672/422/391 673/423/392 669/420/389 671/419/388
f 674/424/393 675/425/394 669/420/389 673/423/392
f 676/426/395 677/427/396 669/420/389 675/425/394
f 678/211/193 679/421/390 669/420/389 677/427/396
f 157/428/164 392/429/397 670/418/387 167/430/165
f 392/429/397 391/431/398 671/419/388 670/418/387
f 167/430/165 670/418/387 679/421/390 178/432/181
f 317/433/399 482/434/400 672/422/391 390/435/401
f 482/434/400 481/436/402 673/423/392 672/422/391
f 390/435/401 672/422/391 671/419/388 391/431/398
f 321/437/403 488/438/404 674/424/393 480/439/405
f 488/438/404 489/440/406 675/425/394 674/424/393
f 480/439/405 674/424/393 673/423/392 481/436/402
f 323/334/304 441/333/303 676/426/395 490/441/407
f 441/333/303 442/332/298 677/427/396 676/426/395
f 490/441/407 676/426/395 675/425/394 489/440/406
f 190/210/192 178/432/181 679/421/390 678/211/193
f 189/212/194 678/211/193 677/427/396 442/332/298
f 680/442/408 681/443/409 684/444/410 683/445/411
f 681/443/409 682/446/412 685/447/413 684/444/410
f 683/445/411 684/444/410 687/448/414 686/449/415
f 684/444/410 685/447/413 688/450/416 687/448/414
f 296/391/360 365/451/417 680/442/408 366/392/361
f 365/451/417 364/452/418 681/443/409 680/442/408
f 364/452/418 363/453/419 682/446/412 681/443/409
f 363/453/419 299/454/420 384/455/421 682/446/412
f 682/446/412 384/455/421 385/456/422 685/447/413
f 685/447/413 385/456/422 386/457/423 688/450/416
f 688/450/416 386/457/423 300/416/385 380/414/383
f 687/448/414 688/450/416 380/414/383 379/413/382
f 686/449/415 687/448/414 379/413/382 378/412/381
f 368/394/363 686/449/415 378/412/381 297/396/365
f 367/393/362 683/445/411 686/449/415 368/394/363
f 366/392/361 680/442/408 683/445/411 367/393/362
f 362/176/163 361/458/310 691/459/424 690/460/425
f 361/458/310 689/461/426 692/462/427 691/459/424
f 690/460/425 691/459/424 694/463/428 693/464/429
f 691/459/424 692/462/427 695/465/430 694/463/428
f 361/341/310 360/339/309 689/461/426
f 360/339/309 322/338/308 492/466/431 689/461/426
f 689/461/426 492/466/431 493/467/432 692/462/427
f 692/462/427 493/467/432 494/468/433 695/465/430
f 695/465/430 494/468/433 324/469/434 387/470/435
f 694/463/428 695/465/430 387/470/435 388/471/436
f 693/464/429 694/463/428 388/471/436 389/472/437
f 166/473/159 693/464/429 389/472/437 156/474/160
f 176/174/161 690/460/425 693/464/429 166/473/159
f 176/174/161 362/176/163 690/460/425
f 696/475/438 697/476/439 700/477/440 699/478/441
f 697/476/439 698/479/442 701/480/443 700/477/440
f 699/478/441 700/477/440 703/481/444 702/482/445
f 700/477/440 701/480/443 704/483/446 703/481/444
f 298/484/447 377/485/448 696/475/438 399/486/449
f 377/485/448 376/487/450 697/476/439 696/475/438
f 376/487/450 375/488/451 698/479/442 697/476/439
f 375/488/451 294/353/322 374/355/324 698/479/442
f 698/479/442 374/355/324 373/357/326 701/480/443
f 701/480/443 373/357/326 372/371/340 704/483/446
f 704/483/446 372/371/340 302/370/339 402/489/452
f 703/481/444 704/483/446 402/489/452 403/490/453
f 702/482/445 703/481/444 403/490/453 404/491/454
f 401/492/455 702/482/445 404/491/454 303/493/456
f 400/494/457 699/478/441 702/482/445 401/492/455
f 399/486/449 696/475/438 699/478/441 400/494/457
f 705/495/458 706/496/459 709/497/460 708/498/461
f 706/496/459 707/499/462 710/500/463 709/497/460
f 708/498/461 709/497/460 712/501/464 711/502/465
f 709/497/460 710/500/463 713/503/466 712/501/464
f 295/504/467 357/505/468 705/506/458 395/507/469
f 357/508/468 358/509/470 706/496/459 705/495/458
f 358/509/470 359/510/471 707/499/462 706/496/459
f 359/510/471 311/511/472 354/512/473 707/499/462
f 707/499/462 354/512/473 355/513/474 710/500/463
f 710/500/463 355/513/474 356/514/475 713/503/466
f 713/503/466 356/514/475 312/515/476 351/516/477
f 712/501/464 713/503/466 351/516/477 352/517/478
f 711/502/465 712/501/464 352/517/478 353/518/479
f 393/519/480 711/520/465 353/521/479 313/522/481
f 394/523/482 708/524/461 711/520/465 393/519/480
f 395/507/469 705/506/458 708/524/461 394/523/482
f 714/525/483 715/526/484 718/527/485 717/528/486
f 715/526/484 716/529/487 719/530/488 718/527/485
f 717/528/486 718/527/485 721/531/489 720/532/490
f 718/527/485 719/530/488 722/533/491 721/531/489
f 335/534/492 574/535/493 714/525/483 565/536/494
f 574/535/493 573/537/495 715/526/484 714/525/483
f 573/537/495 572/538/496 716/529/487 715/526/484
f 572/538/496 334/539/497 463/540/498 716/529/487
f 716/529/487 463/540/498 464/541/499 719/530/488
f 719/530/488 464/541/499 465/542/500 722/533/491
f 722/533/491 465/542/500 314/543/501 462/544/502
f 721/531/489 722/533/491 462/544/502 461/545/503
f 720/532/490 721/531/489 461/545/503 460/546/504
f 563/547/505 720/532/490 460/546/504 316/548/506
f 564/549/507 717/528/486 720/532/490 563/547/505
f 565/536/494 714/525/483 717/528/486 564/549/507
f 724/550/508 725/551/509 723/552/510 733/553/511
f 726/554/512 727/555/513 723/552/510 725/551/509
f 728/556/514 729/557/515 723/552/510 727/555/513
f 730/558/516 731/559/517 723/552/510 729/557/515
f 732/560/518 733/553/511 723/552/510 731/559/517
f 301/366/335 414/561/519 724/550/508 540/562/520
f 414/561/519 415/563/521 725/551/509 724/550/508
f 540/562/520 724/550/508 733/553/511 541/564/522
f 305/565/523 410/566/524 726/554/512 416/567/525
f 410/566/524 409/568/526 727/555/513 726/554/512
f 416/567/525 726/554/512 725/551/509 415/563/521
f 304/569/527 555/570/528 728/556/514 408/571/529
f 555/570/528 556/572/530 729/557/515 728/556/514
f 408/571/529 728/556/514 727/555/513 409/568/526
f 333/573/531 560/574/532 730/558/516 557/575/533
f 560/574/532 559/576/534 731/559/517 730/558/516
f 557/575/533 730/558/516 729/557/515 556/572/530
f 330/387/356 542/577/535 732/560/518 558/578/536
f 542/577/535 541/564/522 733/553/511 732/560/518
f 558/578/536 732/560/518 731/559/517 559/576/534
f 736/579/537 739/580/538 738/581/539 735/582/540
f 446/583/541 447/584/542 739/585/538 736/586/537
f 348/587/543 635/588/544 734/589/545 619/590/546
f 635/588/544 634/591/547 735/582/540 734/589/545
f 634/591/547 633/592/548 736/579/537 735/582/540
f 633/593/548 347/594/549 446/583/541 736/586/537
f 619/590/546 734/589/545 737/595/550 618/596/551
f 739/585/538 447/584/542 313/522/481 353/521/479
f 738/581/539 739/580/538 353/518/479 352/517/478
f 737/595/550 738/581/539 352/517/478 351/516/477
f 618/596/551 737/595/550 351/516/477 312/515/476
f 750/597/552 753/598/553 752/599/554 749/600/555
f 740/601/556 741/602/557 744/603/558 743/604/559
f 741/602/557 742/605/560 745/606/561 744/603/558
f 743/604/559 744/603/558 747/607/562 746/608/563
f 744/603/558 745/606/561 748/609/564 747/607/562
f 307/362/331 500/610/565 740/601/556 437/363/332
f 500/610/565 499/611/566 741/602/557 740/601/556
f 499/611/566 498/612/567 742/605/560 741/602/557
f 498/612/567 320/613/568 497/614/569 742/605/560
f 742/605/560 497/614/569 496/615/570 745/606/561
f 745/606/561 496/615/570 495/616/571 748/609/564
f 748/609/564 495/616/571 305/565/523 416/567/525
f 747/607/562 748/609/564 416/567/525 415/563/521
f 746/608/563 747/607/562 415/563/521 414/561/519
f 435/368/337 746/608/563 414/561/519 301/366/335
f 436/365/334 743/604/559 746/608/563 435/368/337
f 437/363/332 740/601/556 743/604/559 436/365/334
f 751/617/572 754/618/573 753/598/553 750/597/552
f 450/619/574 451/620/575 754/618/573 751/617/572
f 350/621/576 632/622/577 749/623/555 623/624/578
f 632/625/577 631/626/579 750/597/552 749/600/555
f 631/626/579 630/627/580 751/617/572 750/597/552
f 630/627/580 349/628/581 450/619/574 751/617/572
f 623/624/578 749/623/555 752/629/554 622/630/582
f 754/618/573 451/620/575 311/511/472 359/510/471
f 753/598/553 754/618/573 359/510/471 358/509/470
f 752/599/554 753/598/553 358/509/470 357/508/468
f 622/630/582 752/629/554 357/505/468 295/504/467
f 756/631/583 759/632/584 758/633/585 755/634/586
f 757/635/587 760/636/588 759/632/584 756/631/583
f 618/596/551 760/636/588 757/635/587 619/590/546
f 349/628/581 629/637/589 755/634/586 450/619/574
f 629/637/589 628/638/590 756/631/583 755/634/586
f 628/638/590 627/639/591 757/635/587 756/631/583
f 627/639/591 348/587/543 619/590/546 757/635/587
f 450/619/574 755/634/586 758/633/585 451/620/575
f 760/636/588 618/596/551 312/515/476 356/514/475
f 759/632/584 760/636/588 356/514/475 355/513/474
f 758/633/585 759/632/584 355/513/474 354/512/473
f 451/620/575 758/633/585 354/512/473 311/511/472
f 762/640/592 765/641/593 764/642/594 761/643/595
f 763/644/596 766/645/597 765/641/593 762/640/592
f 622/630/582 766/645/597 763/644/596 623/624/578
f 347/594/549 626/646/598 761/643/595 446/583/541
f 626/646/598 625/647/599 762/640/592 761/643/595
f 625/647/599 624/648/600 763/644/596 762/640/592
f 624/648/600 350/621/576 623/624/578 763/644/596
f 446/583/541 761/643/595 764/642/594 447/584/542
f 766/645/597 622/630/582 295/504/467 395/507/469
f 765/641/593 766/645/597 395/507/469 394/523/482
f 764/642/594 765/641/593 394/523/482 393/519/480
f 447/584/542 764/642/594 393/519/480 313/522/481
f 768/649/601 769/650/602 767/651/603 773/652/604
f 770/653/605 771/654/606 767/651/603 769/650/602
f 772/655/607 773/652/604 767/651/603 771/654/606
f 315/656/608 457/657/609 768/649/601 456/658/610
f 457/657/609 458/659/611 769/650/602 768/649/601
f 456/658/610 768/649/601 773/652/604 455/660/612
f 316/548/506 460/546/504 770/653/605 459/661/613
f 460/546/504 461/545/503 771/654/606 770/653/605
f 459/661/613 770/653/605 769/650/602 458/659/611
f 314/543/501 454/662/614 772/655/607 462/544/502
f 454/662/614 455/660/612 773/652/604 772/655/607
f 462/544/502 772/655/607 771/654/606 461/545/503
f 774/663/615 775/664/616 778/665/617 777/666/618
f 775/664/616 776/667/619 779/668/620 778/665/617
f 777/666/618 778/665/617 781/669/621 780/670/622
f 778/665/617 779/668/620 782/671/623 781/669/621
f 336/672/624 571/673/625 774/663/615 568/674/626
f 571/673/625 570/675/627 775/664/616 774/663/615
f 570/675/627 569/676/628 776/667/619 775/664/616
f 569/676/628 335/534/492 565/536/494 776/667/619
f 776/667/619 565/536/494 564/549/507 779/668/620
f 779/668/620 564/549/507 563/547/505 782/671/623
f 782/671/623 563/547/505 316/548/506 459/661/613
f 781/669/621 782/671/623 459/661/613 458/659/611
f 780/670/622 781/669/621 458/659/611 457/657/609
f 566/677/629 780/670/622 457/657/609 315/656/608
f 567/678/630 777/666/618 780/670/622 566/677/629
f 568/674/626 774/663/615 777/666/618 567/678/630
f 783/679/631 784/680/632 787/681/633 786/682/634
f 784/680/632 785/683/635 788/684/636 787/681/633
f 786/682/634 787/681/633 790/685/637 789/686/638
f 787/681/633 788/684/636 791/687/639 790/685/637
f 325/688/640 516/689/641 783/679/631 522/690/642
f 516/689/641 517/691/643 784/680/632 783/679/631
f 517/691/643 518/692/644 785/683/635 784/680/632
f 518/692/644 326/693/645 612/694/646 785/683/635
f 785/683/635 612/694/646 611/695/647 788/684/636
f 788/684/636 611/695/647 610/696/648 791/687/639
f 791/687/639 610/696/648 343/697/649 606/698/650
f 790/685/637 791/687/639 606/698/650 605/699/651
f 789/686/638 790/685/637 605/699/651 604/700/652
f 524/701/653 789/686/638 604/700/652 345/702/654
f 523/703/655 786/682/634 789/686/638 524/701/653
f 522/690/642 783/679/631 786/682/634 523/703/655
f 792/704/656 793/705/657 796/706/658 795/707/659
f 793/705/657 794/708/660 797/709/661 796/706/658
f 795/707/659 796/706/658 799/710/662 798/711/663
f 796/706/658 797/709/661 800/712/664 799/710/662
f 321/713/403 480/714/405 792/704/656 438/715/665
f 480/714/405 481/716/402 793/705/657 792/704/656
f 481/716/402 482/717/400 794/708/660 793/705/657
f 482/717/400 317/718/399 504/719/666 794/708/660
f 794/708/660 504/719/666 505/720/667 797/709/661
f 797/709/661 505/720/667 506/721/668 800/712/664
f 800/712/664 506/721/668 340/722/669 591/723/670
f 799/710/662 800/712/664 591/723/670 590/724/671
f 798/711/663 799/710/662 590/724/671 589/725/672
f 440/726/673 798/711/663 589/725/672 344/727/674
f 439/728/675 795/707/659 798/711/663 440/726/673
f 438/715/665 792/704/656 795/707/659 439/728/675
f 486/336/306 485/335/305 803/729/676 802/730/677
f 484/731/678 803/729/676 485/335/305 323/334/304
f 803/729/676 531/732/679 532/733/680 802/730/677
f 327/734/681 531/732/679 803/729/676 484/731/678
f 494/468/433 493/467/432 814/735/682 813/736/683
f 801/737/684 483/738/685 322/338/308 487/337/307
f 483/738/685 801/737/684 533/739/686 328/740/687
f 814/735/682 538/741/688 539/742/689 813/736/683
f 804/743/690 805/744/691 808/745/692 807/746/693
f 805/744/691 806/747/694 809/748/695 808/745/692
f 807/746/693 808/745/692 811/749/696 810/750/697
f 808/745/692 809/748/695 812/751/698 811/749/696
f 327/734/681 527/752/699 804/743/690 521/753/700
f 527/752/699 526/754/701 805/744/691 804/743/690
f 526/754/701 525/755/702 806/747/694 805/744/691
f 525/755/702 326/756/645 518/757/644 806/747/694
f 806/747/694 518/757/644 517/758/643 809/748/695
f 809/748/695 517/758/643 516/759/641 812/751/698
f 812/751/698 516/759/641 325/760/640 509/761/703
f 811/749/696 812/751/698 509/761/703 508/762/704
f 810/750/697 811/749/696 508/762/704 507/763/705
f 519/764/706 810/750/697 507/763/705 309/765/707
f 520/766/708 807/746/693 810/750/697 519/764/706
f 521/753/700 804/743/690 807/746/693 520/766/708
f 493/467/432 492/466/431 815/767/709 814/735/682
f 483/738/685 815/767/709 492/466/431 322/338/308
f 815/767/709 537/768/710 538/741/688 814/735/682
f 328/740/687 537/768/710 815/767/709 483/738/685
f 834/769/711 438/715/665 439/728/675 835/770/712
f 813/736/683 491/771/713 324/469/434 494/468/433
f 491/771/713 813/736/683 539/742/689 329/772/714
f 612/694/646 834/769/711 835/770/712 611/695/647
f 816/773/715 817/774/716 820/775/717 819/776/718
f 817/774/716 818/777/719 821/778/720 820/775/717
f 819/776/718 820/775/717 823/779/721 822/780/722
f 820/775/717 821/778/720 824/781/723 823/779/721
f 305/565/523 495/616/571 816/773/715 411/782/724
f 495/616/571 496/615/570 817/774/716 816/773/715
f 496/615/570 497/614/569 818/777/719 817/774/716
f 497/614/569 320/613/568 475/783/725 818/777/719
f 818/777/719 475/783/725 474/784/726 821/778/720
f 821/778/720 474/784/726 473/785/727 824/781/723
f 824/781/723 473/785/727 318/786/728 420/787/729
f 823/779/721 824/781/723 420/787/729 421/788/730
f 822/780/722 823/779/721 421/788/730 422/789/731
f 413/790/732 822/780/722 422/789/731 306/791/733
f 412/792/734 819/776/718 822/780/722 413/790/732
f 411/782/724 816/773/715 819/776/718 412/792/734
f 825/793/735 826/794/736 829/795/737 828/796/738
f 826/794/736 827/797/739 830/798/740 829/795/737
f 828/796/738 829/795/737 832/799/741 831/800/742
f 829/795/737 830/798/740 833/801/743 832/799/741
f 320/613/568 498/612/567 825/793/735 476/802/744
f 498/612/567 499/611/566 826/794/736 825/793/735
f 499/611/566 500/610/565 827/797/739 826/794/736
f 500/610/565 307/362/331 425/803/745 827/797/739
f 827/797/739 425/803/745 424/804/746 830/798/740
f 830/798/740 424/804/746 423/805/747 833/801/743
f 833/801/743 423/805/747 310/806/748 470/807/749
f 832/799/741 833/801/743 470/807/749 471/808/750
f 831/800/742 832/799/741 471/808/750 472/809/751
f 478/810/752 831/800/742 472/809/751 319/811/753
f 477/812/754 828/796/738 831/800/742 478/810/752
f 476/802/744 825/793/735 828/796/738 477/812/754
f 611/695/647 835/770/712 836/813/755 610/696/648
f 835/770/712 439/728/675 440/726/673 836/813/755
f 326/693/645 479/814/756 834/769/711 612/694/646
f 479/814/756 321/713/403 438/715/665 834/769/711
f 610/696/648 836/813/755 588/815/757 343/697/649
f 836/813/755 440/726/673 344/727/674 588/815/757
f 490/441/407 489/440/406 856/816/758 855/817/759
f 856/816/758 526/754/701 527/752/699 855/817/759
f 837/818/760 838/819/761 841/820/762 840/821/763
f 838/819/761 839/822/764 842/823/765 841/820/762
f 840/821/763 841/820/762 844/824/766 843/825/767
f 841/820/762 842/823/765 845/826/768 844/824/766
f 309/765/707 507/763/705 837/818/760 432/827/769
f 507/763/705 508/762/704 838/819/761 837/818/760
f 508/762/704 509/761/703 839/822/764 838/819/761
f 509/761/703 325/760/640 503/828/770 839/822/764
f 839/822/764 503/828/770 502/829/771 842/823/765
f 842/823/765 502/829/771 501/830/772 845/826/768
f 845/826/768 501/830/772 319/811/753 472/809/751
f 844/824/766 845/826/768 472/809/751 471/808/750
f 843/825/767 844/824/766 471/808/750 470/807/749
f 434/831/773 843/825/767 470/807/749 310/806/748
f 433/832/774 840/821/763 843/825/767 434/831/773
f 432/827/769 837/818/760 840/821/763 433/832/774
f 846/833/775 847/834/776 850/835/777 849/836/778
f 847/834/776 848/837/779 851/838/780 850/835/777
f 849/836/778 850/835/777 853/839/781 852/840/782
f 850/835/777 851/838/780 854/841/783 853/839/781
f 319/842/753 501/843/772 846/833/775 512/844/784
f 501/843/772 502/845/771 847/834/776 846/833/775
f 502/845/771 503/846/770 848/837/779 847/834/776
f 503/846/770 325/688/640 522/690/642 848/837/779
f 848/837/779 522/690/642 523/703/655 851/838/780
f 851/838/780 523/703/655 524/701/653 854/841/783
f 854/841/783 524/701/653 345/702/654 594/847/785
f 853/839/781 854/841/783 594/847/785 593/848/786
f 852/840/782 853/839/781 593/848/786 592/849/787
f 510/850/788 852/840/782 592/849/787 337/851/789
f 511/852/790 849/836/778 852/840/782 510/850/788
f 512/844/784 846/833/775 849/836/778 511/852/790
f 489/440/406 488/438/404 857/853/791 856/816/758
f 479/854/756 857/853/791 488/438/404 321/437/403
f 857/853/791 525/755/702 526/754/701 856/816/758
f 326/756/645 525/755/702 857/853/791 479/854/756
f 945/855/792 590/724/671 591/723/670 944/856/793
f 855/817/759 484/731/678 323/334/304 490/441/407
f 484/731/678 855/817/759 527/752/699 327/734/681
f 609/857/794 608/858/795 945/855/792 944/856/793
f 859/859/796 860/860/797 858/861/798 868/862/799
f 861/863/800 862/864/801 858/861/798 860/860/797
f 863/865/802 864/866/803 858/861/798 862/864/801
f 865/867/804 866/868/805 858/861/798 864/866/803
f 867/869/806 868/862/799 858/861/798 866/868/805
f 328/740/687 533/739/686 859/859/796 530/870/807
f 533/739/686 532/733/680 860/860/797 859/859/796
f 530/870/807 859/859/796 868/862/799 529/871/808
f 327/734/681 521/753/700 861/863/800 531/732/679
f 521/753/700 520/766/708 862/864/801 861/863/800
f 531/732/679 861/863/800 860/860/797 532/733/680
f 309/765/707 431/872/809 863/865/802 519/764/706
f 431/872/809 430/873/810 864/866/803 863/865/802
f 519/764/706 863/865/802 862/864/801 520/766/708
f 308/358/327 443/360/329 865/867/804 429/874/811
f 443/360/329 444/356/325 866/868/805 865/867/804
f 429/874/811 865/867/804 864/866/803 430/873/810
f 294/353/322 528/875/812 867/869/806 445/354/323
f 528/875/812 529/871/808 868/862/799 867/869/806
f 445/354/323 867/869/806 866/868/805 444/356/325
f 869/876/813 870/877/814 873/878/815 872/879/816
f 870/877/814 871/880/817 874/881/818 873/878/815
f 872/879/816 873/878/815 876/882/819 875/883/820
f 873/878/815 874/881/818 877/884/821 876/882/819
f 329/772/714 539/742/689 869/876/813 536/885/822
f 539/742/689 538/741/688 870/877/814 869/876/813
f 538/741/688 537/768/710 871/880/817 870/877/814
f 537/768/710 328/740/687 530/870/807 871/880/817
f 871/880/817 530/870/807 529/871/808 874/881/818
f 874/881/818 529/871/808 528/875/812 877/884/821
f 877/884/821 528/875/812 294/353/322 375/488/451
f 876/882/819 877/884/821 375/488/451 376/487/450
f 875/883/820 876/882/819 376/487/450 377/485/448
f 534/886/823 875/883/820 377/485/448 298/484/447
f 535/887/824 872/879/816 875/883/820 534/886/823
f 536/885/822 869/876/813 872/879/816 535/887/824
f 878/888/825 879/889/826 882/890/827 881/891/828
f 879/889/826 880/892/829 883/893/830 882/890/827
f 881/891/828 882/890/827 885/894/831 884/895/832
f 882/890/827 883/893/830 886/896/833 885/894/831
f 303/493/456 404/491/454 878/888/825 543/897/834
f 404/491/454 403/490/453 879/889/826 878/888/825
f 403/490/453 402/489/452 880/892/829 879/889/826
f 402/489/452 302/370/339 398/898/835 880/892/829
f 880/892/829 398/898/835 397/899/836 883/893/830
f 883/893/830 397/899/836 396/900/837 886/896/833
f 886/896/833 396/900/837 332/382/351 549/411/380
f 885/894/831 886/896/833 549/411/380 550/410/379
f 884/895/832 885/894/831 550/410/379 551/408/377
f 545/901/838 884/895/832 551/408/377 331/407/376
f 544/902/839 881/891/828 884/895/832 545/901/838
f 543/897/834 878/888/825 881/891/828 544/902/839
f 887/903/840 888/904/841 891/905/842 890/906/843
f 888/904/841 889/907/844 892/908/845 891/905/842
f 890/906/843 891/905/842 894/909/846 893/910/847
f 891/905/842 892/908/845 895/911/848 894/909/846
f 302/370/339 407/372/341 887/903/840 398/898/835
f 407/372/341 406/369/338 888/904/841 887/903/840
f 406/369/338 405/367/336 889/907/844 888/904/841
f 405/367/336 301/366/335 540/562/520 889/907/844
f 889/907/844 540/562/520 541/564/522 892/908/845
f 892/908/845 541/564/522 542/577/535 895/911/848
f 895/911/848 542/577/535 330/387/356 552/386/355
f 894/909/846 895/911/848 552/386/355 553/385/354
f 893/910/847 894/909/846 553/385/354 554/383/352
f 396/900/837 893/910/847 554/383/352 332/382/351
f 397/899/836 890/906/843 893/910/847 396/900/837
f 398/898/835 887/903/840 890/906/843 397/899/836
f 896/912/849 897/913/850 900/914/851 899/915/852
f 897/913/850 898/916/853 901/917/854 900/914/851
f 899/915/852 900/914/851 903/918/855 902/919/856
f 900/914/851 901/917/854 904/920/857 903/918/855
f 330/387/356 558/578/536 896/912/849 369/388/357
f 558/578/536 559/576/534 897/913/850 896/912/849
f 559/576/534 560/574/532 898/916/853 897/913/850
f 560/574/532 333/573/531 417/921/858 898/916/853
f 898/916/853 417/921/858 418/922/859 901/917/854
f 901/917/854 418/922/859 419/923/860 904/920/857
f 904/920/857 419/923/860 299/454/420 363/453/419
f 903/918/855 904/920/857 363/453/419 364/452/418
f 902/919/856 903/918/855 364/452/418 365/451/417
f 371/390/359 902/919/856 365/451/417 296/391/360
f 370/389/358 899/915/852 902/919/856 371/390/359
f 369/388/357 896/912/849 899/915/852 370/389/358
f 905/924/861 906/925/862 909/926/863 908/927/864
f 906/925/862 907/928/865 910/929/866 909/926/863
f 910/929/866 569/676/628 570/675/627 909/926/863
f 335/534/492 569/676/628 910/929/866 466/930/867
f 304/931/527 408/932/529 905/924/861 469/933/868
f 408/932/529 409/934/526 906/925/862 905/924/861
f 409/934/526 410/935/524 907/928/865 906/925/862
f 410/935/524 305/936/523 467/937/869 907/928/865
f 907/928/865 467/937/869 466/930/867 910/929/866
f 468/938/870 908/927/864 571/673/625 336/672/624
f 915/939/871 573/537/495 574/535/493 914/940/872
f 469/933/868 905/924/861 908/927/864 468/938/870
f 911/941/873 912/942/874 915/939/871 914/940/872
f 912/942/874 913/943/875 916/944/876 915/939/871
f 916/944/876 572/538/496 573/537/495 915/939/871
f 562/945/877 334/539/497 572/538/496 916/944/876
f 305/936/523 411/946/724 911/941/873 467/937/869
f 411/946/724 412/947/734 912/942/874 911/941/873
f 412/947/734 413/948/732 913/943/875 912/942/874
f 413/948/732 306/949/733 561/950/878 913/943/875
f 913/943/875 561/950/878 562/945/877 916/944/876
f 466/930/867 914/940/872 574/535/493 335/534/492
f 467/937/869 911/941/873 914/940/872 466/930/867
f 917/951/879 918/952/880 921/953/881 920/954/882
f 918/952/880 919/955/883 922/956/884 921/953/881
f 920/954/882 921/953/881 924/957/885 923/958/886
f 921/953/881 922/956/884 925/959/887 924/957/885
f 341/960/888 582/961/889 917/951/879 581/962/890
f 582/961/889 583/963/891 918/952/880 917/951/879
f 583/963/891 584/964/892 919/955/883 918/952/880
f 584/964/892 342/965/893 585/966/894 919/955/883
f 919/955/883 585/966/894 586/967/895 922/956/884
f 922/956/884 586/967/895 587/968/896 925/959/887
f 925/959/887 587/968/896 337/851/789 575/969/897
f 924/957/885 925/959/887 575/969/897 576/970/898
f 923/958/886 924/957/885 576/970/898 577/971/899
f 579/972/900 923/958/886 577/971/899 338/973/901
f 580/974/902 920/954/882 923/958/886 579/972/900
f 581/962/890 917/951/879 920/954/882 580/974/902
f 926/975/903 927/976/904 930/977/905 929/978/906
f 927/976/904 928/979/907 931/980/908 930/977/905
f 929/978/906 930/977/905 933/981/909 932/982/910
f 930/977/905 931/980/908 934/983/911 933/981/909
f 337/851/789 592/849/787 926/975/903 575/969/897
f 592/849/787 593/848/786 927/976/904 926/975/903
f 593/848/786 594/847/785 928/979/907 927/976/904
f 594/847/785 345/702/654 598/984/912 928/979/907
f 928/979/907 598/984/912 599/985/913 931/980/908
f 931/980/908 599/985/913 600/986/914 934/983/911
f 934/983/911 600/986/914 346/987/915 597/988/916
f 933/981/909 934/983/911 597/988/916 596/989/917
f 932/982/910 933/981/909 596/989/917 595/990/918
f 577/971/899 932/982/910 595/990/918 338/973/901
f 576/970/898 929/978/906 932/982/910 577/971/899
f 575/969/897 926/975/903 929/978/906 576/970/898
f 935/991/919 936/992/920 939/993/921 938/994/922
f 936/992/920 937/995/923 940/996/924 939/993/921
f 938/994/922 939/993/921 942/997/925 941/998/926
f 939/993/921 940/996/924 943/999/927 942/997/925
f 346/987/915 600/986/914 935/991/919 601/1000/928
f 600/986/914 599/985/913 936/992/920 935/991/919
f 599/985/913 598/984/912 937/995/923 936/992/920
f 598/984/912 345/702/654 604/700/652 937/995/923
f 937/995/923 604/700/652 605/699/651 940/996/924
f 940/996/924 605/699/651 606/698/650 943/999/927
f 943/999/927 606/698/650 343/697/649 607/1001/929
f 942/997/925 943/999/927 607/1001/929 608/858/795
f 941/998/926 942/997/925 608/858/795 609/857/794
f 603/1002/930 941/998/926 609/857/794 339/1003/931
f 602/1004/932 938/994/922 941/998/926 603/1002/930
f 601/1000/928 935/991/919 938/994/922 602/1004/932
f 608/858/795 607/1001/929 946/1005/933 945/855/792
f 343/697/649 588/815/757 946/1005/933 607/1001/929
f 946/1005/933 589/725/672 590/724/671 945/855/792
f 588/815/757 344/727/674 589/725/672 946/1005/933
f 909/926/863 570/675/627 571/673/625 908/927/864
f 944/856/793 578/1006/934 339/1003/931 609/857/794
f 578/1006/934 944/856/793 591/723/670 340/722/669
f 802/730/677 532/733/680 533/739/686 801/737/684
f 947/1007/935 948/1008/936 951/1009/937 950/1010/938
f 948/1008/936 949/1011/939 952/1012/940 951/1009/937
f 950/1010/938 951/1009/937 954/1013/941 953/1014/942
f 951/1009/937 952/1012/940 955/1015/943 954/1013/941
f 318/1016/728 473/1017/727 947/1007/935 615/1018/944
f 473/1017/727 474/1019/726 948/1008/936 947/1007/935
f 474/1019/726 475/1020/725 949/1011/939 948/1008/936
f 475/1020/725 320/1021/568 513/1022/945 949/1011/939
f 949/1011/939 513/1022/945 514/1023/946 952/1012/940
f 952/1012/940 514/1023/946 515/1024/947 955/1015/943
f 955/1015/943 515/1024/947 342/965/893 584/964/892
f 954/1013/941 955/1015/943 584/964/892 583/963/891
f 953/1014/942 954/1013/941 583/963/891 582/961/889
f 613/1025/948 953/1014/942 582/961/889 341/960/888
f 614/1026/949 950/1010/938 953/1014/942 613/1025/948
f 615/1018/944 947/1007/935 950/1010/938 614/1026/949
f 956/1027/950 957/1028/951 960/1029/952 959/1030/953
f 957/1028/951 958/1031/954 961/1032/955 960/1029/952
f 959/1030/953 960/1029/952 963/1033/956 962/1034/957
f 960/1029/952 961/1032/955 964/1035/958 963/1033/956
f 320/1021/568 476/1036/744 956/1027/950 513/1022/945
f 476/1036/744 477/1037/754 957/1028/951 956/1027/950
f 477/1037/754 478/1038/752 958/1031/954 957/1028/951
f 478/1038/752 319/842/753 512/844/784 958/1031/954
f 958/1031/954 512/844/784 511/852/790 961/1032/955
f 961/1032/955 511/852/790 510/850/788 964/1035/958
f 964/1035/958 510/850/788 337/851/789 587/968/896
f 963/1033/956 964/1035/958 587/968/896 586/967/895
f 962/1034/957 963/1033/956 586/967/895 585/966/894
f 515/1024/947 962/1034/957 585/966/894 342/965/893
f 514/1023/946 959/1030/953 962/1034/957 515/1024/947
f 513/1022/945 956/1027/950 959/1030/953 514/1023/946
f 965/1039/959 966/1040/960 969/1041/961 968/1042/962
f 966/1040/960 967/1043/963 970/1044/964 969/1041/961
f 970/1044/964 624/648/600 625/647/599 969/1041/961
f 350/621/576 624/648/600 970/1044/964 452/1045/965
f 310/806/748 423/805/747 965/1046/959 616/1047/966
f 423/805/747 424/804/746 966/1048/960 965/1046/959
f 424/804/746 425/803/745 967/1049/963 966/1048/960
f 425/803/745 307/362/331 453/1050/967 967/1049/963
f 967/1043/963 453/1051/967 452/1045/965 970/1044/964
f 617/1052/968 968/1042/962 626/646/598 347/594/549
f 975/1053/969 628/638/590 629/637/589 974/1054/970
f 616/1055/966 965/1039/959 968/1042/962 617/1052/968
f 971/1056/971 972/1057/972 975/1053/969 974/1054/970
f 972/1057/972 973/1058/973 976/1059/974 975/1053/969
f 976/1059/974 627/639/591 628/638/590 975/1053/969
f 348/587/543 627/639/591 976/1059/974 448/1060/975
f 308/358/327 429/874/811 971/1061/971 620/1062/976
f 429/874/811 430/873/810 972/1063/972 971/1061/971
f 430/873/810 431/872/809 973/1064/973 972/1063/972
f 431/872/809 309/765/707 449/1065/977 973/1064/973
f 973/1058/973 449/1066/977 448/1060/975 976/1059/974
f 621/1067/978 974/1054/970 629/637/589 349/628/581
f 981/1068/979 631/626/579 632/625/577 980/1069/980
f 620/1070/976 971/1056/971 974/1054/970 621/1067/978
f 977/1071/981 978/1072/982 981/1068/979 980/1069/980
f 978/1072/982 979/1073/983 982/1074/984 981/1068/979
f 982/1074/984 630/627/580 631/626/579 981/1068/979
f 621/1067/978 349/628/581 630/627/580 982/1074/984
f 307/362/331 426/364/333 977/1075/981 453/1050/967
f 426/364/333 427/361/330 978/1076/982 977/1075/981
f 427/361/330 428/359/328 979/1077/983 978/1076/982
f 428/359/328 308/358/327 620/1062/976 979/1077/983
f 979/1073/983 620/1070/976 621/1067/978 982/1074/984
f 452/1045/965 980/1078/980 632/622/577 350/621/576
f 987/1079/985 634/591/547 635/588/544 986/1080/986
f 453/1051/967 977/1081/981 980/1078/980 452/1045/965
f 983/1082/987 984/1083/988 987/1079/985 986/1080/986
f 984/1083/988 985/1084/989 988/1085/990 987/1079/985
f 988/1085/990 633/592/548 634/591/547 987/1079/985
f 617/1052/968 347/594/549 633/593/548 988/1086/990
f 309/765/707 432/827/769 983/1087/987 449/1065/977
f 432/827/769 433/832/774 984/1088/988 983/1087/987
f 433/832/774 434/831/773 985/1089/989 984/1088/988
f 434/831/773 310/806/748 616/1047/966 985/1089/989
f 985/1090/989 616/1055/966 617/1052/968 988/1086/990
f 448/1060/975 986/1080/986 635/588/544 348/587/543
f 735/582/540 738/581/539 737/595/550 734/589/545
f 449/1066/977 983/1082/987 986/1080/986 448/1060/975
f 1049/1091/991 1050/1092/992 1053/1093/993 1052/1094/994
f 1050/1092/992 1051/1095/995 1054/1096/996 1053/1093/993
f 1051/1095/995 997/1097/997 998/1098/998 1054/1096/996
f 1054/1096/996 998/1098/998 990/1099/999 999/1100/1000
f 1053/1093/993 1054/1096/996 999/1100/1000 1000/1101/1001
f 1052/1094/994 1053/1093/993 1000/1101/1001 1001/1102/1002
f 133/157/145 1052/1103/994 1001/1104/1002 121/131/121
f 133/157/145 144/169/156 1049/1105/991 1052/1103/994
f 1055/1106/1003 1056/1107/1004 1058/1108/1005 1057/1109/123
f 123/134/124 1007/147/136 124/135/125
f 1057/1109/123 1058/1108/1005 1059/1110/1006 123/1111/124
f 121/131/121 1001/1104/1002 1055/1112/1003 122/132/122
f 1000/1101/1001 999/1100/1000 1056/1107/1004 1055/1106/1003
f 999/1100/1000 990/1099/999 1002/1113/1007 1056/1107/1004
f 1056/1107/1004 1002/1113/1007 1003/1114/1008 1058/1108/1005
f 1058/1108/1005 1003/1114/1008 1004/1115/1009 1059/1110/1006
f 1059/1110/1006 1004/1115/1009 989/1116/1010 1005/1117/1011
f 123/1111/124 1059/1110/1006 1005/1117/1011 1006/1118/1012
f 1007/1119/136 123/1111/124 1006/1118/1012
f 134/1120/134 1060/1121/1013 1062/1122/1014 145/1123/146
f 1060/1121/1013 1061/1124/1015 1063/1125/1016 1062/1122/1014
f 1007/1119/136 1006/1118/1012 1060/1121/1013 134/1120/134
f 1006/1118/1012 1005/1117/1011 1061/1124/1015 1060/1121/1013
f 1005/1117/1011 989/1116/1010 1008/1126/1017 1061/1124/1015
f 1061/1124/1015 1008/1126/1017 1009/1127/1018 1063/1125/1016
f 1064/1128/1019 1065/1129/1020 1067/1130/834 1066/1131/1021
f 1066/1131/1021 1067/1130/834 1069/1132/1022 1068/1133/1023
f 990/1099/999 998/1098/998 1064/1128/1019 1019/1134/1024
f 998/1098/998 997/1097/997 1065/1129/1020 1064/1128/1019
f 1068/1133/1023 1069/1132/1022 1010/1135/1025 1011/1136/1026
f 1017/1137/1027 1068/1133/1023 1011/1136/1026 991/1138/1028
f 1018/1139/1029 1066/1131/1021 1068/1133/1023 1017/1137/1027
f 1019/1134/1024 1064/1128/1019 1066/1131/1021 1018/1139/1029
f 1070/1140/1030 1071/1141/1031 1074/1142/1032 1073/1143/1033
f 1071/1141/1031 1072/1144/1034 1075/1145/1035 1074/1142/1032
f 1073/1143/1033 1074/1142/1032 1077/1146/1036 1076/1147/1037
f 1074/1142/1032 1075/1145/1035 1078/1148/1038 1077/1146/1036
f 992/1149/1039 1014/1150/1040 1070/1140/1030 1035/1151/1041
f 1014/1150/1040 1013/1152/1042 1071/1141/1031 1070/1140/1030
f 1013/1152/1042 1012/1153/1043 1072/1144/1034 1071/1141/1031
f 1012/1153/1043 991/1138/1028 1030/1154/1044 1072/1144/1034
f 1072/1144/1034 1030/1154/1044 1031/1155/1045 1075/1145/1035
f 1075/1145/1035 1031/1155/1045 1032/1156/1046 1078/1148/1038
f 1078/1148/1038 1032/1156/1046 993/1157/1047 1025/1158/1048
f 1077/1146/1036 1078/1148/1038 1025/1158/1048 1026/1159/1049
f 1076/1147/1037 1077/1146/1036 1026/1159/1049 1027/1160/1050
f 1033/1161/1051 1076/1147/1037 1027/1160/1050 994/1162/1052
f 1034/1163/1053 1073/1143/1033 1076/1147/1037 1033/1161/1051
f 1035/1151/1041 1070/1140/1030 1073/1143/1033 1034/1163/1053
f 1079/1164/1054 1080/1165/1055 1083/1166/1056 1082/1167/1057
f 1080/1165/1055 1081/1168/1058 1084/1169/1059 1083/1166/1056
f 1082/1167/1057 1083/1166/1056 1086/1170/1060 1085/1171/1061
f 1083/1166/1056 1084/1169/1059 1087/1172/1062 1086/1170/1060
f 989/1116/1010 1004/1115/1009 1079/1164/1054 1022/1173/1063
f 1004/1115/1009 1003/1114/1008 1080/1165/1055 1079/1164/1054
f 1003/1114/1008 1002/1113/1007 1081/1168/1058 1080/1165/1055
f 1002/1113/1007 990/1099/999 1019/1134/1024 1081/1168/1058
f 1081/1168/1058 1019/1134/1024 1018/1139/1029 1084/1169/1059
f 1084/1169/1059 1018/1139/1029 1017/1137/1027 1087/1172/1062
f 1087/1172/1062 1017/1137/1027 991/1138/1028 1012/1153/1043
f 1086/1170/1060 1087/1172/1062 1012/1153/1043 1013/1152/1042
f 1085/1171/1061 1086/1170/1060 1013/1152/1042 1014/1150/1040
f 1020/1174/1064 1085/1171/1061 1014/1150/1040 992/1149/1039
f 1021/1175/1065 1082/1167/1057 1085/1171/1061 1020/1174/1064
f 1022/1173/1063 1079/1164/1054 1082/1167/1057 1021/1175/1065
f 1088/1176/1066 1089/1177/1067 1091/1178/1068 1090/1179/1069
f 1090/1179/1069 1091/1178/1068 1093/1180/1070 1092/1181/1071
f 1009/1127/1018 1008/1126/1017 1089/1177/1067 1088/1176/1066
f 1008/1126/1017 989/1116/1010 1022/1173/1063 1089/1177/1067
f 1089/1177/1067 1022/1173/1063 1021/1175/1065 1091/1178/1068
f 1091/1178/1068 1021/1175/1065 1020/1174/1064 1093/1180/1070
f 1093/1180/1070 1020/1174/1064 992/1149/1039 1015/1182/1072
f 1092/1181/1071 1093/1180/1070 1015/1182/1072 1016/1183/1073
f 1094/1184/1074 1095/1185/1075 1097/1186/1076 1096/1187/1077
f 1096/1187/1077 1097/1186/1076 1099/1188/1078 1098/1189/1079
f 1029/1190/1080 1028/1191/1081 1095/1185/1075 1094/1184/1074
f 1028/1191/1081 994/1162/1052 1043/1192/1082 1095/1185/1075
f 1095/1185/1075 1043/1192/1082 1044/1193/1083 1097/1186/1076
f 1097/1186/1076 1044/1193/1083 1045/1194/1084 1099/1188/1078
f 1099/1188/1078 1045/1194/1084 996/1195/1085 1041/1196/1086
f 1098/1189/1079 1099/1188/1078 1041/1196/1086 1042/1197/1087
f 1100/1198/1088 1101/1199/1089 1103/1200/1090 1102/1201/1091
f 1102/1201/1091 1103/1200/1090 1105/1202/1092 1104/1203/1093
f 1016/1183/1073 1015/1182/1072 1101/1199/1089 1100/1198/1088
f 1015/1182/1072 992/1149/1039 1035/1151/1041 1101/1199/1089
f 1101/1199/1089 1035/1151/1041 1034/1163/1053 1103/1200/1090
f 1103/1200/1090 1034/1163/1053 1033/1161/1051 1105/1202/1092
f 1105/1202/1092 1033/1161/1051 994/1162/1052 1028/1191/1081
f 1104/1203/1093 1105/1202/1092 1028/1191/1081 1029/1190/1080
f 1106/1204/1094 1107/1205/1095 1109/1206/1096 1108/1207/1097
f 1108/1207/1097 1109/1206/1096 1111/1208/1098 1110/1209/1099
f 991/1138/1028 1011/1136/1026 1106/1204/1094 1030/1154/1044
f 1011/1136/1026 1010/1135/1025 1107/1205/1095 1106/1204/1094
f 1110/1209/1099 1111/1208/1098 1023/1210/1100 1024/1211/1101
f 1032/1156/1046 1110/1209/1099 1024/1211/1101 993/1157/1047
f 1031/1155/1045 1108/1207/1097 1110/1209/1099 1032/1156/1046
f 1030/1154/1044 1106/1204/1094 1108/1207/1097 1031/1155/1045
f 1112/1212/1102 1113/1213/1103 1115/1214/1104 1114/1215/1105
f 1114/1215/1105 1115/1214/1104 1117/1216/1106 1116/1217/1107
f 995/1218/1108 1037/1219/1109 1112/1212/1102 1038/1220/1110
f 1037/1219/1109 1036/1221/1111 1113/1213/1103 1112/1212/1102
f 1116/1217/1107 1117/1216/1106 1042/1197/1087 1041/1196/1086
f 1040/1222/1112 1116/1217/1107 1041/1196/1086 996/1195/1085
f 1039/1223/1113 1114/1215/1105 1116/1217/1107 1040/1222/1112
f 1038/1220/1110 1112/1212/1102 1114/1215/1105 1039/1223/1113
f 1118/1224/1114 1119/1225/1115 1121/1226/1116 1120/1227/1117
f 1120/1227/1117 1121/1226/1116 1123/1228/1118 1122/1229/1119
f 993/1157/1047 1024/1211/1101 1118/1224/1114 1048/1230/1120
f 1024/1211/1101 1023/1210/1100 1119/1225/1115 1118/1224/1114
f 1122/1229/1119 1123/1228/1118 1036/1221/1111 1037/1219/1109
f 1046/1231/1121 1122/1229/1119 1037/1219/1109 995/1218/1108
f 1047/1232/1122 1120/1227/1117 1122/1229/1119 1046/1231/1121
f 1048/1230/1120 1118/1224/1114 1120/1227/1117 1047/1232/1122
f 1124/1233/1123 1125/1234/1124 1128/1235/1125 1127/1236/1126
f 1125/1234/1124 1126/1237/1127 1129/1238/1128 1128/1235/1125
f 1127/1236/1126 1128/1235/1125 1131/1239/1129 1130/1240/1130
f 1128/1235/1125 1129/1238/1128 1132/1241/1131 1131/1239/1129
f 994/1162/1052 1027/1160/1050 1124/1233/1123 1043/1192/1082
f 1027/1160/1050 1026/1159/1049 1125/1234/1124 1124/1233/1123
f 1026/1159/1049 1025/1158/1048 1126/1237/1127 1125/1234/1124
f 1025/1158/1048 993/1157/1047 1048/1230/1120 1126/1237/1127
f 1126/1237/1127 1048/1230/1120 1047/1232/1122 1129/1238/1128
f 1129/1238/1128 1047/1232/1122 1046/1231/1121 1132/1241/1131
f 1132/1241/1131 1046/1231/1121 995/1218/1108 1038/1220/1110
f 1131/1239/1129 1132/1241/1131 1038/1220/1110 1039/1223/1113
f 1130/1240/1130 1131/1239/1129 1039/1223/1113 1040/1222/1112
f 1045/1194/1084 1130/1240/1130 1040/1222/1112 996/1195/1085
f 1044/1193/1083 1127/1236/1126 1130/1240/1130 1045/1194/1084
f 1043/1192/1082 1124/1233/1123 1127/1236/1126 1044/1193/1083
f 1057/133/123 122/132/122 1055/1112/1003
f 1057/133/123 123/134/124 111/120/111 110/119/110
f 1055/1106/1003 1001/1102/1002 1000/1101/1001
f 969/1041/961 625/647/599 626/646/598 968/1042/962
f 487/337/307 486/336/306 802/730/677 801/737/684
f 1133/1/14 1134/4/1132 1146/3/1133 1145/2/1134
f 1134/4/1132 1135/6/1135 1147/5/1136 1146/3/1133
f 1135/6/1135 1136/8/1137 1148/7/1138 1147/5/1136
f 1136/8/1137 1137/10/1139 1149/9/1140 1148/7/1138
f 1137/10/1139 1138/12/1141 1150/11/1142 1149/9/1140
f 1138/12/1141 1139/14/1 1151/13/1143 1150/11/1142
f 1139/15/1 1140/18/1144 1152/17/1145 1151/16/1143
f 1140/18/1144 1141/20/1146 1153/19/1147 1152/17/1145
f 1141/20/1146 1142/22/1148 1154/21/1149 1153/19/1147
f 1142/22/1148 1143/24/1150 1155/23/1151 1154/21/1149
f 1143/24/1150 1144/26/1152 1156/25/1153 1155/23/1151
f 1144/26/1152 1133/1/14 1145/2/1134 1156/25/1153
f 1145/2/1134 1146/3/1133 1158/28/1154 1157/27/1155
f 1146/3/1133 1147/5/1136 1159/29/1156 1158/28/1154
f 1147/5/1136 1148/7/1138 1160/30/1157 1159/29/1156
f 1148/7/1138 1149/9/1140 1161/31/1158 1160/30/1157
f 1149/9/1140 1150/11/1142 1162/32/1159 1161/31/1158
f 1150/11/1142 1151/13/1143 1163/33/1160 1162/32/1159
f 1151/16/1143 1152/17/1145 1164/35/1161 1163/34/1160
f 1152/17/1145 1153/19/1147 1165/36/1162 1164/35/1161
f 1153/19/1147 1154/21/1149 1166/37/1163 1165/36/1162
f 1154/21/1149 1155/23/1151 1167/38/1164 1166/37/1163
f 1155/23/1151 1156/25/1153 1168/39/1165 1167/38/1164
f 1156/25/1153 1145/2/1134 1157/27/1155 1168/39/1165
f 1157/27/1155 1158/28/1154 1170/41/1166 1169/40/1167
f 1158/28/1154 1159/29/1156 1171/42/1168 1170/41/1166
f 1159/29/1156 1160/30/1157 1172/43/1169 1171/42/1168
f 1160/30/1157 1161/31/1158 1173/44/1170 1172/43/1169
f 1161/31/1158 1162/32/1159 1174/45/1171 1173/44/1170
f 1162/32/1159 1163/33/1160 1175/46/1172 1174/45/1171
f 1163/34/1160 1164/35/1161 1176/48/1173 1175/47/1172
f 1164/35/1161 1165/36/1162 1177/49/1174 1176/48/1173
f 1165/36/1162 1166/37/1163 1178/50/1175 1177/49/1174
f 1166/37/1163 1167/38/1164 1179/51/1176 1178/50/1175
f 1167/38/1164 1168/39/1165 1180/52/1177 1179/51/1176
f 1168/39/1165 1157/27/1155 1169/40/1167 1180/52/1177
f 1169/40/1167 1170/41/1166 1182/54/1178 1181/53/1179
f 1170/41/1166 1171/42/1168 1183/55/1180 1182/54/1178
f 1171/42/1168 1172/43/1169 1184/56/1181 1183/55/1180
f 1172/43/1169 1173/44/1170 1185/57/1182 1184/56/1181
f 1173/44/1170 1174/45/1171 1186/58/1183 1185/57/1182
f 1174/45/1171 1175/46/1172 1187/59/1184 1186/58/1183
f 1175/47/1172 1176/48/1173 1188/61/1185 1187/60/1184
f 1176/48/1173 1177/49/1174 1189/62/1186 1188/61/1185
f 1177/49/1174 1178/50/1175 1190/63/1187 1189/62/1186
f 1178/50/1175 1179/51/1176 1191/64/1188 1190/63/1187
f 1179/51/1176 1180/52/1177 1192/65/1189 1191/64/1188
f 1180/52/1177 1169/40/1167 1181/53/1179 1192/65/1189
f 1181/53/1179 1182/54/1178 1194/67/1190 1193/66/1191
f 1182/54/1178 1183/55/1180 1195/68/1192 1194/67/1190
f 1183/55/1180 1184/56/1181 1196/69/1193 1195/68/1192
f 1184/56/1181 1185/57/1182 1197/70/1194 1196/69/1193
f 1185/57/1182 1186/58/1183 1198/71/1195 1197/70/1194
f 1186/58/1183 1187/59/1184 1199/72/1196 1198/71/1195
f 1187/60/1184 1188/61/1185 1200/74/1197 1199/73/1196
f 1188/61/1185 1189/62/1186 1201/75/1198 1200/74/1197
f 1189/62/1186 1190/63/1187 1202/76/1199 1201/75/1198
f 1190/63/1187 1191/64/1188 1203/77/1200 1202/76/1199
f 1191/64/1188 1192/65/1189 1204/78/1201 1203/77/1200
f 1192/65/1189 1181/53/1179 1193/66/1191 1204/78/1201
f 1193/66/1191 1194/67/1190 1206/80/1202 1205/79/1203
f 1194/67/1190 1195/68/1192 1207/81/1204 1206/80/1202
f 1195/68/1192 1196/69/1193 1208/82/1205 1207/81/1204
f 1196/69/1193 1197/70/1194 1209/83/1206 1208/82/1205
f 1197/70/1194 1198/71/1195 1210/84/1207 1209/83/1206
f 1198/71/1195 1199/72/1196 1211/85/1208 1210/84/1207
f 1199/73/1196 1200/74/1197 1212/87/1209 1211/86/1208
f 1200/74/1197 1201/75/1198 1213/88/1210 1212/87/1209
f 1201/75/1198 1202/76/1199 1214/89/1211 1213/88/1210
f 1202/76/1199 1203/77/1200 1215/90/1212 1214/89/1211
f 1203/77/1200 1204/78/1201 1216/91/1213 1215/90/1212
f 1204/78/1201 1193/66/1191 1205/79/1203 1216/91/1213
f 1205/79/1203 1206/80/1202 1218/93/1214 1217/92/1215
f 1206/80/1202 1207/81/1204 1219/94/1216 1218/93/1214
f 1207/81/1204 1208/82/1205 1220/95/1217 1219/94/1216
f 1208/82/1205 1209/83/1206 1221/96/1218 1220/95/1217
f 1209/83/1206 1210/84/1207 1222/97/1219 1221/96/1218
f 1210/84/1207 1211/85/1208 1223/98/1220 1222/97/1219
f 1211/86/1208 1212/87/1209 1224/100/1221 1223/99/1220
f 1212/87/1209 1213/88/1210 1225/101/1222 1224/100/1221
f 1213/88/1210 1214/89/1211 1226/102/1223 1225/101/1222
f 1214/89/1211 1215/90/1212 1227/103/1224 1226/102/1223
f 1215/90/1212 1216/91/1213 1228/104/1225 1227/103/1224
f 1216/91/1213 1205/79/1203 1217/92/1215 1228/104/1225
f 1217/92/1215 1218/93/1214 1230/106/1226 1229/105/1227
f 1218/93/1214 1219/94/1216 1231/107/1228 1230/106/1226
f 1219/94/1216 1220/95/1217 1232/108/1229 1231/107/1228
f 1220/95/1217 1221/96/1218 1233/109/1230 1232/108/1229
f 1221/96/1218 1222/97/1219 1234/110/1231 1233/109/1230
f 1222/97/1219 1223/98/1220 1235/111/1232 1234/110/1231
f 1223/99/1220 1224/100/1221 1236/113/1233 1235/112/1232
f 1224/100/1221 1225/101/1222 1237/114/1234 1236/113/1233
f 1225/101/1222 1226/102/1223 1238/115/1235 1237/114/1234
f 1226/102/1223 1227/103/1224 1239/116/1236 1238/115/1235
f 1227/103/1224 1228/104/1225 1240/117/1237 1239/116/1236
f 1228/104/1225 1217/92/1215 1229/105/1227 1240/117/1237
f 1229/105/1227 1230/106/1226 1242/119/1238 1241/118/1239
f 1230/106/1226 1231/107/1228 1243/120/1240 1242/119/1238
f 1231/107/1228 1232/108/1229 1244/121/1241 1243/120/1240
f 1232/108/1229 1233/109/1230 1245/122/1242 1244/121/1241
f 1233/109/1230 1234/110/1231 1246/123/1243 1245/122/1242
f 1234/110/1231 1235/111/1232 1247/124/1244 1246/123/1243
f 1235/112/1232 1236/113/1233 1248/126/1245 1247/125/1244
f 1236/113/1233 1237/114/1234 1249/127/1246 1248/126/1245
f 1237/114/1234 1238/115/1235 1250/128/1247 1249/127/1246
f 1238/115/1235 1239/116/1236 1251/129/1248 1250/128/1247
f 1239/116/1236 1240/117/1237 1252/130/1249 1251/129/1248
f 1240/117/1237 1229/105/1227 1241/118/1239 1252/130/1249
f 1241/118/1239 1242/119/1238 1254/132/1250 1253/131/1251
f 1242/119/1238 2076/133/1252 1254/132/1250
f 1243/120/1240 1244/121/1241 1256/135/1253 1255/134/1254
f 1244/121/1241 1245/122/1242 1257/136/1255 1256/135/1253
f 1245/122/1242 1246/123/1243 1258/137/1256 1257/136/1255
f 1246/123/1243 1247/124/1244 1259/138/1257 1258/137/1256
f 1247/125/1244 1248/126/1245 1260/140/1258 1259/139/1257
f 1248/126/1245 1249/127/1246 1261/141/1259 1260/140/1258
f 1249/127/1246 1250/128/1247 1262/142/1260 1261/141/1259
f 1250/128/1247 1251/129/1248 1263/143/1261 1262/142/1260
f 1251/129/1248 1252/130/1249 1264/144/1262 1263/143/1261
f 1252/130/1249 1241/118/1239 1253/131/1251 1264/144/1262
f 1266/145/1263 2036/147/1264 1256/135/1253 1267/146/1265
f 1256/135/1253 1257/136/1255 1268/148/1266 1267/146/1265
f 1257/136/1255 1258/137/1256 1269/149/1267 1268/148/1266
f 1258/137/1256 1259/138/1257 1270/150/1268 1269/149/1267
f 1259/139/1257 1260/140/1258 1271/152/1269 1270/151/1268
f 1260/140/1258 1261/141/1259 1272/153/1270 1271/152/1269
f 1261/141/1259 1262/142/1260 1273/154/1271 1272/153/1270
f 1262/142/1260 1263/143/1261 1274/155/1272 1273/154/1271
f 1263/143/1261 1264/144/1262 1275/156/1273 1274/155/1272
f 1264/144/1262 1253/131/1251 1265/157/1274 1275/156/1273
f 1266/145/1263 1267/146/1265 146/159/147 145/158/146
f 1267/146/1265 1268/148/1266 147/160/148 146/159/147
f 1268/148/1266 1269/149/1267 148/161/149 147/160/148
f 1269/149/1267 1270/150/1268 149/162/150 148/161/149
f 1270/151/1268 1271/152/1269 150/164/151 149/163/150
f 1271/152/1269 1272/153/1270 151/165/152 150/164/151
f 1272/153/1270 1273/154/1271 152/166/153 151/165/152
f 1273/154/1271 1274/155/1272 153/167/154 152/166/153
f 1274/155/1272 1275/156/1273 154/168/155 153/167/154
f 1275/156/1273 1265/157/1274 144/169/156 154/168/155
f 155/170/157 156/173/160 1277/172/1275 1276/171/1276
f 1287/174/1277 1452/176/1278 1288/175/1279
f 157/177/164 158/180/167 1279/179/1280 1278/178/1281
f 158/180/167 159/182/169 1280/181/1282 1279/179/1280
f 159/183/169 160/186/171 1281/185/1283 1280/184/1282
f 160/186/171 161/188/173 1282/187/1284 1281/185/1283
f 161/188/173 162/190/175 1283/189/1285 1282/187/1284
f 162/190/175 163/192/177 1284/191/1286 1283/189/1285
f 163/192/177 164/194/179 1285/193/1287 1284/191/1286
f 164/194/179 155/170/157 1276/171/1276 1285/193/1287
f 1276/171/1276 1277/172/1275 1287/196/1277 1286/195/1288
f 1278/178/1281 1279/179/1280 1290/198/1289 1289/197/1290
f 1279/179/1280 1280/181/1282 1291/199/1291 1290/198/1289
f 1280/184/1282 1281/185/1283 1292/201/1292 1291/200/1291
f 1281/185/1283 1282/187/1284 1293/202/1293 1292/201/1292
f 1282/187/1284 1283/189/1285 1294/203/1294 1293/202/1293
f 1283/189/1285 1284/191/1286 1295/204/1295 1294/203/1294
f 1284/191/1286 1285/193/1287 1296/205/1296 1295/204/1295
f 1285/193/1287 1276/171/1276 1286/195/1288 1296/205/1296
f 1286/195/1288 1287/196/1277 1298/207/1297 1297/206/1298
f 1287/196/1277 1288/209/1279 1299/208/1299 1298/207/1297
f 1301/210/1300 1300/212/1301 1708/211/1302
f 1299/208/1299 1288/209/1279 1300/213/1301
f 1289/197/1290 1290/198/1289 1302/215/1303 1301/214/1300
f 1290/198/1289 1291/199/1291 1303/216/1304 1302/215/1303
f 1291/200/1291 1292/201/1292 1304/218/1305 1303/217/1304
f 1292/201/1292 1293/202/1293 1305/219/1306 1304/218/1305
f 1293/202/1293 1294/203/1294 1306/220/1307 1305/219/1306
f 1294/203/1294 1295/204/1295 1307/221/1308 1306/220/1307
f 1295/204/1295 1296/205/1296 1308/222/1309 1307/221/1308
f 1296/205/1296 1286/195/1288 1297/206/1298 1308/222/1309
f 1297/206/1298 1298/207/1297 1310/224/1310 1309/223/1311
f 1298/207/1297 1299/208/1299 1311/225/1312 1310/224/1310
f 1299/208/1299 1300/213/1301 1312/226/1313 1311/225/1312
f 1300/213/1301 1301/214/1300 1313/227/1314 1312/226/1313
f 1301/214/1300 1302/215/1303 1314/228/1315 1313/227/1314
f 1302/215/1303 1303/216/1304 1315/229/1316 1314/228/1315
f 1303/217/1304 1304/218/1305 1316/231/1317 1315/230/1316
f 1304/218/1305 1305/219/1306 1317/232/1318 1316/231/1317
f 1305/219/1306 1306/220/1307 1318/233/1319 1317/232/1318
f 1306/220/1307 1307/221/1308 1319/234/1320 1318/233/1319
f 1307/221/1308 1308/222/1309 1320/235/1321 1319/234/1320
f 1308/222/1309 1297/206/1298 1309/223/1311 1320/235/1321
f 1309/223/1311 1310/224/1310 1322/237/1322 1321/236/1323
f 1310/224/1310 1311/225/1312 1323/238/1324 1322/237/1322
f 1311/225/1312 1312/226/1313 1324/239/1325 1323/238/1324
f 1312/226/1313 1313/227/1314 1325/240/1326 1324/239/1325
f 1313/227/1314 1314/228/1315 1326/241/1327 1325/240/1326
f 1314/228/1315 1315/229/1316 1327/242/1328 1326/241/1327
f 1315/230/1316 1316/231/1317 1328/244/1329 1327/243/1328
f 1316/231/1317 1317/232/1318 1329/245/1330 1328/244/1329
f 1317/232/1318 1318/233/1319 1330/246/1331 1329/245/1330
f 1318/233/1319 1319/234/1320 1331/247/1332 1330/246/1331
f 1319/234/1320 1320/235/1321 1332/248/1333 1331/247/1332
f 1320/235/1321 1309/223/1311 1321/236/1323 1332/248/1333
f 1321/236/1323 1322/237/1322 1334/250/1334 1333/249/1335
f 1322/237/1322 1323/238/1324 1335/251/1336 1334/250/1334
f 1323/238/1324 1324/239/1325 1336/252/1337 1335/251/1336
f 1324/239/1325 1325/240/1326 1337/253/1338 1336/252/1337
f 1325/240/1326 1326/241/1327 1338/254/1339 1337/253/1338
f 1326/241/1327 1327/242/1328 1339/255/1340 1338/254/1339
f 1327/243/1328 1328/244/1329 1340/257/1341 1339/256/1340
f 1328/244/1329 1329/245/1330 1341/258/1342 1340/257/1341
f 1329/245/1330 1330/246/1331 1342/259/1343 1341/258/1342
f 1330/246/1331 1331/247/1332 1343/260/1344 1342/259/1343
f 1331/247/1332 1332/248/1333 1344/261/1345 1343/260/1344
f 1332/248/1333 1321/236/1323 1333/249/1335 1344/261/1345
f 1333/249/1335 1334/250/1334 1346/263/1346 1345/262/1347
f 1334/250/1334 1335/251/1336 1347/264/1348 1346/263/1346
f 1335/251/1336 1336/252/1337 1348/265/1349 1347/264/1348
f 1336/252/1337 1337/253/1338 1349/266/1350 1348/265/1349
f 1337/253/1338 1338/254/1339 1350/267/1351 1349/266/1350
f 1338/254/1339 1339/255/1340 1351/268/1352 1350/267/1351
f 1339/256/1340 1340/257/1341 1352/270/1353 1351/269/1352
f 1340/257/1341 1341/258/1342 1353/271/1354 1352/270/1353
f 1341/258/1342 1342/259/1343 1354/272/1355 1353/271/1354
f 1342/259/1343 1343/260/1344 1355/273/1356 1354/272/1355
f 1343/260/1344 1344/261/1345 1356/274/1357 1355/273/1356
f 1344/261/1345 1333/249/1335 1345/262/1347 1356/274/1357
f 1345/262/1347 1346/263/1346 1358/276/1358 1357/275/1359
f 1346/263/1346 1347/264/1348 1359/277/1360 1358/276/1358
f 1347/264/1348 1348/265/1349 1360/278/1361 1359/277/1360
f 1348/265/1349 1349/266/1350 1361/279/1362 1360/278/1361
f 1349/266/1350 1350/267/1351 1362/280/1363 1361/279/1362
f 1350/267/1351 1351/268/1352 1363/281/1364 1362/280/1363
f 1351/269/1352 1352/270/1353 1364/283/1365 1363/282/1364
f 1352/270/1353 1353/271/1354 1365/284/1366 1364/283/1365
f 1353/271/1354 1354/272/1355 1366/285/1367 1365/284/1366
f 1354/272/1355 1355/273/1356 1367/286/1368 1366/285/1367
f 1355/273/1356 1356/274/1357 1368/287/1369 1367/286/1368
f 1356/274/1357 1345/262/1347 1357/275/1359 1368/287/1369
f 1357/275/1359 1358/276/1358 1370/289/1370 1369/288/1371
f 1358/276/1358 1359/277/1360 1371/290/1372 1370/289/1370
f 1359/277/1360 1360/278/1361 1372/291/1373 1371/290/1372
f 1360/278/1361 1361/279/1362 1373/292/1374 1372/291/1373
f 1361/279/1362 1362/280/1363 1374/293/1375 1373/292/1374
f 1362/280/1363 1363/281/1364 1375/294/1376 1374/293/1375
f 1363/282/1364 1364/283/1365 1376/296/1377 1375/295/1376
f 1364/283/1365 1365/284/1366 1377/297/1378 1376/296/1377
f 1365/284/1366 1366/285/1367 1378/298/1379 1377/297/1378
f 1366/285/1367 1367/286/1368 1379/299/1380 1378/298/1379
f 1367/286/1368 1368/287/1369 1380/300/1381 1379/299/1380
f 1368/287/1369 1357/275/1359 1369/288/1371 1380/300/1381
f 1369/288/1371 1370/289/1370 1382/302/1382 1381/301/1383
f 1370/289/1370 1371/290/1372 1383/303/1384 1382/302/1382
f 1371/290/1372 1372/291/1373 1384/304/1385 1383/303/1384
f 1372/291/1373 1373/292/1374 1385/305/1386 1384/304/1385
f 1373/292/1374 1374/293/1375 1386/306/1387 1385/305/1386
f 1374/293/1375 1375/294/1376 1387/307/1388 1386/306/1387
f 1375/295/1376 1376/296/1377 1388/309/1389 1387/308/1388
f 1376/296/1377 1377/297/1378 1389/310/1390 1388/309/1389
f 1377/297/1378 1378/298/1379 1390/311/1391 1389/310/1390
f 1378/298/1379 1379/299/1380 1391/312/1392 1390/311/1391
f 1379/299/1380 1380/300/1381 1392/313/1393 1391/312/1392
f 1380/300/1381 1369/288/1371 1381/301/1383 1392/313/1393
f 1381/301/1383 1382/302/1382 1394/315/1394 1393/314/1395
f 1382/302/1382 1383/303/1384 1395/316/1396 1394/315/1394
f 1383/303/1384 1384/304/1385 1396/317/1397 1395/316/1396
f 1384/304/1385 1385/305/1386 1397/318/1398 1396/317/1397
f 1385/305/1386 1386/306/1387 1398/319/1399 1397/318/1398
f 1386/306/1387 1387/307/1388 1399/320/1400 1398/319/1399
f 1387/308/1388 1388/309/1389 1400/322/1401 1399/321/1400
f 1388/309/1389 1389/310/1390 1401/323/1402 1400/322/1401
f 1389/310/1390 1390/311/1391 1402/324/1403 1401/323/1402
f 1390/311/1391 1391/312/1392 1403/325/1404 1402/324/1403
f 1391/312/1392 1392/313/1393 1404/326/1405 1403/325/1404
f 1392/313/1393 1381/301/1383 1393/314/1395 1404/326/1405
f 1393/314/1395 1394/315/1394 1134/4/1132 1133/1/14
f 1394/315/1394 1395/316/1396 1135/6/1135 1134/4/1132
f 1395/316/1396 1396/317/1397 1136/8/1137 1135/6/1135
f 1396/317/1397 1397/318/1398 1137/10/1139 1136/8/1137
f 1397/318/1398 1398/319/1399 1138/12/1141 1137/10/1139
f 1398/319/1399 1399/320/1400 1139/14/1 1138/12/1141
f 1399/321/1400 1400/322/1401 1140/18/1144 1139/15/1
f 1400/322/1401 1401/323/1402 1141/20/1146 1140/18/1144
f 1401/323/1402 1402/324/1403 1142/22/1148 1141/20/1146
f 1402/324/1403 1403/325/1404 1143/24/1150 1142/22/1148
f 1403/325/1404 1404/326/1405 1144/26/1152 1143/24/1150
f 1404/326/1405 1393/314/1395 1133/1/14 1144/26/1152
f 1300/212/1301 1288/175/1279 1667/328/1406 1511/327/1407
f 1511/327/1407 1667/328/1406 1668/330/1408 1666/329/1409
f 1667/328/1406 1669/331/1410 1668/330/1408
f 1511/332/1407 1666/329/1409 1510/333/1411
f 1510/333/1411 1666/329/1409 1546/335/1412 1424/334/1413
f 1666/329/1409 1668/330/1408 1547/336/1414 1546/335/1412
f 1668/330/1408 1669/331/1410 1548/337/1415 1547/336/1414
f 1669/331/1410 1450/339/1416 1423/338/1417 1548/337/1415
f 1667/340/1406 1451/341/1418 1450/339/1416 1669/331/1410
f 1288/175/1279 1452/176/1278 1451/341/1418 1667/340/1406
f 1671/342/1419 1680/345/1420 1670/344/1421 1672/343/1422
f 1673/346/1423 1672/343/1422 1670/344/1421 1674/347/1424
f 1675/348/1425 1674/347/1424 1670/344/1421 1676/349/1426
f 1677/350/1427 1676/349/1426 1670/344/1421 1678/351/1428
f 1679/352/1429 1678/351/1428 1670/344/1421 1680/345/1420
f 1405/353/1430 1464/355/1431 1671/342/1419 1514/354/1432
f 1514/354/1432 1671/342/1419 1672/343/1422 1513/356/1433
f 1464/355/1431 1463/357/1434 1680/345/1420 1671/342/1419
f 1413/358/1435 1512/360/1436 1673/346/1423 1497/359/1437
f 1497/359/1437 1673/346/1423 1674/347/1424 1496/361/1438
f 1512/360/1436 1513/356/1433 1672/343/1422 1673/346/1423
f 1412/362/1439 1495/364/1440 1675/348/1425 1506/363/1441
f 1506/363/1441 1675/348/1425 1676/349/1426 1505/365/1442
f 1495/364/1440 1496/361/1438 1674/347/1424 1675/348/1425
f 1409/366/1443 1504/368/1444 1677/350/1427 1480/367/1445
f 1480/367/1445 1677/350/1427 1678/351/1428 1481/369/1446
f 1504/368/1444 1505/365/1442 1676/349/1426 1677/350/1427
f 1410/370/1447 1482/372/1448 1679/352/1429 1462/371/1449
f 1462/371/1449 1679/352/1429 1680/345/1420 1463/357/1434
f 1482/372/1448 1481/369/1446 1678/351/1428 1679/352/1429
f 1681/373/1450 1684/376/1451 1685/375/1452 1682/374/1453
f 1682/374/1453 1685/375/1452 1686/378/1454 1683/377/1455
f 1684/376/1451 1687/380/1456 1688/379/1457 1685/375/1452
f 1685/375/1452 1688/379/1457 1689/381/1458 1686/378/1454
f 1430/382/1459 1599/384/1460 1681/373/1450 1605/383/1461
f 1605/383/1461 1681/373/1450 1682/374/1453 1604/385/1462
f 1604/385/1462 1682/374/1453 1683/377/1455 1603/386/1463
f 1603/386/1463 1683/377/1455 1459/388/1464 1429/387/1465
f 1683/377/1455 1686/378/1454 1460/389/1466 1459/388/1464
f 1686/378/1454 1689/381/1458 1461/390/1467 1460/389/1466
f 1689/381/1458 1456/392/1468 1407/391/1469 1461/390/1467
f 1688/379/1457 1457/393/1470 1456/392/1468 1689/381/1458
f 1687/380/1456 1458/394/1471 1457/393/1470 1688/379/1457
f 1597/395/1472 1408/396/1473 1458/394/1471 1687/380/1456
f 1598/397/1474 1597/395/1472 1687/380/1456 1684/376/1451
f 1599/384/1460 1598/397/1474 1684/376/1451 1681/373/1450
f 1690/398/1475 1693/401/1476 1694/400/1477 1691/399/1478
f 1691/399/1478 1694/400/1477 1695/403/1479 1692/402/1480
f 1693/401/1476 1696/405/1481 1697/404/1482 1694/400/1477
f 1694/400/1477 1697/404/1482 1698/406/1483 1695/403/1479
f 331/407/376 381/409/378 1690/398/1475 1602/408/1484
f 1602/408/1484 1690/398/1475 1691/399/1478 1601/410/1485
f 1601/410/1485 1691/399/1478 1692/402/1480 1600/411/1486
f 1600/411/1486 1692/402/1480 1599/384/1460 1430/382/1459
f 1692/402/1480 1695/403/1479 1598/397/1474 1599/384/1460
f 1695/403/1479 1698/406/1483 1597/395/1472 1598/397/1474
f 1698/406/1483 1468/412/1487 1408/396/1473 1597/395/1472
f 1697/404/1482 1469/413/1488 1468/412/1487 1698/406/1483
f 1696/405/1481 1470/414/1489 1469/413/1488 1697/404/1482
f 383/415/384 300/416/385 1470/414/1489 1696/405/1481
f 382/417/386 383/415/384 1696/405/1481 1693/401/1476
f 381/409/378 382/417/386 1693/401/1476 1690/398/1475
f 1700/418/1490 1709/421/1491 1699/420/1492 1701/419/1493
f 1702/422/1494 1701/419/1493 1699/420/1492 1703/423/1495
f 1704/424/1496 1703/423/1495 1699/420/1492 1705/425/1497
f 1706/426/1498 1705/425/1497 1699/420/1492 1707/427/1499
f 1708/211/1302 1707/427/1499 1699/420/1492 1709/421/1491
f 157/428/164 1278/430/1281 1700/418/1490 392/429/397
f 392/429/397 1700/418/1490 1701/419/1493 391/431/398
f 1278/430/1281 1289/432/1290 1709/421/1491 1700/418/1490
f 317/433/399 390/435/401 1702/422/1494 1543/434/1500
f 1543/434/1500 1702/422/1494 1703/423/1495 1542/436/1501
f 390/435/401 391/431/398 1701/419/1493 1702/422/1494
f 1422/437/1502 1541/439/1503 1704/424/1496 1549/438/1504
f 1549/438/1504 1704/424/1496 1705/425/1497 1550/440/1505
f 1541/439/1503 1542/436/1501 1703/423/1495 1704/424/1496
f 1424/334/1413 1551/441/1506 1706/426/1498 1510/333/1411
f 1510/333/1411 1706/426/1498 1707/427/1499 1511/332/1407
f 1551/441/1506 1550/440/1505 1705/425/1497 1706/426/1498
f 1301/210/1300 1708/211/1302 1709/421/1491 1289/432/1290
f 1300/212/1301 1511/332/1407 1707/427/1499 1708/211/1302
f 1710/442/1507 1713/445/1508 1714/444/1509 1711/443/1510
f 1711/443/1510 1714/444/1509 1715/447/1511 1712/446/1512
f 1713/445/1508 1716/449/1513 1717/448/1514 1714/444/1509
f 1714/444/1509 1717/448/1514 1718/450/1515 1715/447/1511
f 1407/391/1469 1456/392/1468 1710/442/1507 1455/451/1516
f 1455/451/1516 1710/442/1507 1711/443/1510 1454/452/1517
f 1454/452/1517 1711/443/1510 1712/446/1512 1453/453/1518
f 1453/453/1518 1712/446/1512 384/455/421 299/454/420
f 1712/446/1512 1715/447/1511 385/456/422 384/455/421
f 1715/447/1511 1718/450/1515 386/457/423 385/456/422
f 1718/450/1515 1470/414/1489 300/416/385 386/457/423
f 1717/448/1514 1469/413/1488 1470/414/1489 1718/450/1515
f 1716/449/1513 1468/412/1487 1469/413/1488 1717/448/1514
f 1458/394/1471 1408/396/1473 1468/412/1487 1716/449/1513
f 1457/393/1470 1458/394/1471 1716/449/1513 1713/445/1508
f 1456/392/1468 1457/393/1470 1713/445/1508 1710/442/1507
f 1452/176/1278 1720/460/1519 1721/459/1520 1451/458/1418
f 1451/458/1418 1721/459/1520 1722/462/1521 1719/461/1522
f 1720/460/1519 1723/464/1523 1724/463/1524 1721/459/1520
f 1721/459/1520 1724/463/1524 1725/465/1525 1722/462/1521
f 1451/341/1418 1719/461/1522 1450/339/1416
f 1450/339/1416 1719/461/1522 1552/466/1526 1423/338/1417
f 1719/461/1522 1722/462/1521 1553/467/1527 1552/466/1526
f 1722/462/1521 1725/465/1525 1554/468/1528 1553/467/1527
f 1725/465/1525 387/470/435 324/469/434 1554/468/1528
f 1724/463/1524 388/471/436 387/470/435 1725/465/1525
f 1723/464/1523 389/472/437 388/471/436 1724/463/1524
f 1277/473/1275 156/474/160 389/472/437 1723/464/1523
f 1287/174/1277 1277/473/1275 1723/464/1523 1720/460/1519
f 1287/174/1277 1720/460/1519 1452/176/1278
f 1726/475/1529 1729/478/1530 1730/477/1531 1727/476/1532
f 1727/476/1532 1730/477/1531 1731/480/1533 1728/479/1534
f 1729/478/1530 1732/482/1535 1733/481/1536 1730/477/1531
f 1730/477/1531 1733/481/1536 1734/483/1537 1731/480/1533
f 298/484/447 399/486/449 1726/475/1529 1467/485/1538
f 1467/485/1538 1726/475/1529 1727/476/1532 1466/487/1539
f 1466/487/1539 1727/476/1532 1728/479/1534 1465/488/1540
f 1465/488/1540 1728/479/1534 1464/355/1431 1405/353/1430
f 1728/479/1534 1731/480/1533 1463/357/1434 1464/355/1431
f 1731/480/1533 1734/483/1537 1462/371/1449 1463/357/1434
f 1734/483/1537 1477/489/1541 1410/370/1447 1462/371/1449
f 1733/481/1536 1478/490/1542 1477/489/1541 1734/483/1537
f 1732/482/1535 1479/491/1543 1478/490/1542 1733/481/1536
f 401/492/455 303/493/456 1479/491/1543 1732/482/1535
f 400/494/457 401/492/455 1732/482/1535 1729/478/1530
f 399/486/449 400/494/457 1729/478/1530 1726/475/1529
f 1735/495/1544 1738/498/1545 1739/497/1546 1736/496/1547
f 1736/496/1547 1739/497/1546 1740/500/1548 1737/499/1549
f 1738/498/1545 1741/502/1550 1742/501/1551 1739/497/1546
f 1739/497/1546 1742/501/1551 1743/503/1552 1740/500/1548
f 1406/504/1553 1473/507/1554 1735/506/1544 1447/505/1555
f 1447/508/1555 1735/495/1544 1736/496/1547 1448/509/1556
f 1448/509/1556 1736/496/1547 1737/499/1549 1449/510/1557
f 1449/510/1557 1737/499/1549 1444/512/1558 1416/511/1559
f 1737/499/1549 1740/500/1548 1445/513/1560 1444/512/1558
f 1740/500/1548 1743/503/1552 1446/514/1561 1445/513/1560
f 1743/503/1552 1441/516/1562 1417/515/1563 1446/514/1561
f 1742/501/1551 1442/517/1564 1441/516/1562 1743/503/1552
f 1741/502/1550 1443/518/1565 1442/517/1564 1742/501/1551
f 1471/519/1566 1418/522/1567 1443/521/1565 1741/520/1550
f 1472/523/1568 1471/519/1566 1741/520/1550 1738/524/1545
f 1473/507/1554 1472/523/1568 1738/524/1545 1735/506/1544
f 1744/525/1569 1747/528/1570 1748/527/1571 1745/526/1572
f 1745/526/1572 1748/527/1571 1749/530/1573 1746/529/1574
f 1747/528/1570 1750/532/1575 1751/531/1576 1748/527/1571
f 1748/527/1571 1751/531/1576 1752/533/1577 1749/530/1573
f 1431/534/1578 1611/536/1579 1744/525/1569 1617/535/1580
f 1617/535/1580 1744/525/1569 1745/526/1572 1616/537/1581
f 1616/537/1581 1745/526/1572 1746/529/1574 1615/538/1582
f 1615/538/1582 1746/529/1574 463/540/498 334/539/497
f 1746/529/1574 1749/530/1573 464/541/499 463/540/498
f 1749/530/1573 1752/533/1577 465/542/500 464/541/499
f 1752/533/1577 1528/544/1583 314/543/501 465/542/500
f 1751/531/1576 1527/545/1584 1528/544/1583 1752/533/1577
f 1750/532/1575 1526/546/1585 1527/545/1584 1751/531/1576
f 1609/547/1586 1419/548/1587 1526/546/1585 1750/532/1575
f 1610/549/1588 1609/547/1586 1750/532/1575 1747/528/1570
f 1611/536/1579 1610/549/1588 1747/528/1570 1744/525/1569
f 1754/550/1589 1763/553/1590 1753/552/1591 1755/551/1592
f 1756/554/1593 1755/551/1592 1753/552/1591 1757/555/1594
f 1758/556/1595 1757/555/1594 1753/552/1591 1759/557/1596
f 1760/558/1597 1759/557/1596 1753/552/1591 1761/559/1598
f 1762/560/1599 1761/559/1598 1753/552/1591 1763/553/1590
f 1409/366/1443 1594/562/1600 1754/550/1589 1489/561/1601
f 1489/561/1601 1754/550/1589 1755/551/1592 1490/563/1602
f 1594/562/1600 1595/564/1603 1763/553/1590 1754/550/1589
f 1411/565/1604 1491/567/1605 1756/554/1593 1485/566/1606
f 1485/566/1606 1756/554/1593 1757/555/1594 1484/568/1607
f 1491/567/1605 1490/563/1602 1755/551/1592 1756/554/1593
f 304/569/527 1483/571/1608 1758/556/1595 555/570/528
f 555/570/528 1758/556/1595 1759/557/1596 556/572/530
f 1483/571/1608 1484/568/1607 1757/555/1594 1758/556/1595
f 333/573/531 557/575/533 1760/558/1597 1608/574/1609
f 1608/574/1609 1760/558/1597 1761/559/1598 1607/576/1610
f 557/575/533 556/572/530 1759/557/1596 1760/558/1597
f 1429/387/1465 1606/578/1611 1762/560/1599 1596/577/1612
f 1596/577/1612 1762/560/1599 1763/553/1590 1595/564/1603
f 1606/578/1611 1607/576/1610 1761/559/1598 1762/560/1599
f 1766/579/1613 1765/582/1614 1768/581/1615 1769/580/1616
f 1515/583/1617 1766/586/1613 1769/585/1616 1516/584/1618
f 1438/587/1619 1649/590/1620 1764/589/1621 1665/588/1622
f 1665/588/1622 1764/589/1621 1765/582/1614 1664/591/1623
f 1664/591/1623 1765/582/1614 1766/579/1613 1663/592/1624
f 1663/593/1624 1766/586/1613 1515/583/1617 1437/594/1625
f 1649/590/1620 1648/596/1626 1767/595/1627 1764/589/1621
f 1769/585/1616 1443/521/1565 1418/522/1567 1516/584/1618
f 1768/581/1615 1442/517/1564 1443/518/1565 1769/580/1616
f 1767/595/1627 1441/516/1562 1442/517/1564 1768/581/1615
f 1648/596/1626 1417/515/1563 1441/516/1562 1767/595/1627
f 1780/597/1628 1779/600/1629 1782/599/1630 1783/598/1631
f 1770/601/1632 1773/604/1633 1774/603/1634 1771/602/1635
f 1771/602/1635 1774/603/1634 1775/606/1636 1772/605/1637
f 1773/604/1633 1776/608/1638 1777/607/1639 1774/603/1634
f 1774/603/1634 1777/607/1639 1778/609/1640 1775/606/1636
f 1412/362/1439 1506/363/1441 1770/601/1632 1560/610/1641
f 1560/610/1641 1770/601/1632 1771/602/1635 1559/611/1642
f 1559/611/1642 1771/602/1635 1772/605/1637 1558/612/1643
f 1558/612/1643 1772/605/1637 1557/614/1644 1421/613/1645
f 1772/605/1637 1775/606/1636 1556/615/1646 1557/614/1644
f 1775/606/1636 1778/609/1640 1555/616/1647 1556/615/1646
f 1778/609/1640 1491/567/1605 1411/565/1604 1555/616/1647
f 1777/607/1639 1490/563/1602 1491/567/1605 1778/609/1640
f 1776/608/1638 1489/561/1601 1490/563/1602 1777/607/1639
f 1504/368/1444 1409/366/1443 1489/561/1601 1776/608/1638
f 1505/365/1442 1504/368/1444 1776/608/1638 1773/604/1633
f 1506/363/1441 1505/365/1442 1773/604/1633 1770/601/1632
f 1781/617/1648 1780/597/1628 1783/598/1631 1784/618/1649
f 1519/619/1650 1781/617/1648 1784/618/1649 1520/620/1651
f 1440/621/1652 1653/624/1653 1779/623/1629 1662/622/1654
f 1662/625/1654 1779/600/1629 1780/597/1628 1661/626/1655
f 1661/626/1655 1780/597/1628 1781/617/1648 1660/627/1656
f 1660/627/1656 1781/617/1648 1519/619/1650 1439/628/1657
f 1653/624/1653 1652/630/1658 1782/629/1630 1779/623/1629
f 1784/618/1649 1449/510/1557 1416/511/1559 1520/620/1651
f 1783/598/1631 1448/509/1556 1449/510/1557 1784/618/1649
f 1782/599/1630 1447/508/1555 1448/509/1556 1783/598/1631
f 1652/630/1658 1406/504/1553 1447/505/1555 1782/629/1630
f 1786/631/1659 1785/634/1660 1788/633/1661 1789/632/1662
f 1787/635/1663 1786/631/1659 1789/632/1662 1790/636/1664
f 1648/596/1626 1649/590/1620 1787/635/1663 1790/636/1664
f 1439/628/1657 1519/619/1650 1785/634/1660 1659/637/1665
f 1659/637/1665 1785/634/1660 1786/631/1659 1658/638/1666
f 1658/638/1666 1786/631/1659 1787/635/1663 1657/639/1667
f 1657/639/1667 1787/635/1663 1649/590/1620 1438/587/1619
f 1519/619/1650 1520/620/1651 1788/633/1661 1785/634/1660
f 1790/636/1664 1446/514/1561 1417/515/1563 1648/596/1626
f 1789/632/1662 1445/513/1560 1446/514/1561 1790/636/1664
f 1788/633/1661 1444/512/1558 1445/513/1560 1789/632/1662
f 1520/620/1651 1416/511/1559 1444/512/1558 1788/633/1661
f 1792/640/1668 1791/643/1669 1794/642/1670 1795/641/1671
f 1793/644/1672 1792/640/1668 1795/641/1671 1796/645/1673
f 1652/630/1658 1653/624/1653 1793/644/1672 1796/645/1673
f 1437/594/1625 1515/583/1617 1791/643/1669 1656/646/1674
f 1656/646/1674 1791/643/1669 1792/640/1668 1655/647/1675
f 1655/647/1675 1792/640/1668 1793/644/1672 1654/648/1676
f 1654/648/1676 1793/644/1672 1653/624/1653 1440/621/1652
f 1515/583/1617 1516/584/1618 1794/642/1670 1791/643/1669
f 1796/645/1673 1473/507/1554 1406/504/1553 1652/630/1658
f 1795/641/1671 1472/523/1568 1473/507/1554 1796/645/1673
f 1794/642/1670 1471/519/1566 1472/523/1568 1795/641/1671
f 1516/584/1618 1418/522/1567 1471/519/1566 1794/642/1670
f 1798/649/1677 1803/652/1678 1797/651/1679 1799/650/1680
f 1800/653/1681 1799/650/1680 1797/651/1679 1801/654/1682
f 1802/655/1683 1801/654/1682 1797/651/1679 1803/652/1678
f 315/656/608 456/658/610 1798/649/1677 1523/657/1684
f 1523/657/1684 1798/649/1677 1799/650/1680 1524/659/1685
f 456/658/610 455/660/612 1803/652/1678 1798/649/1677
f 1419/548/1587 1525/661/1686 1800/653/1681 1526/546/1585
f 1526/546/1585 1800/653/1681 1801/654/1682 1527/545/1584
f 1525/661/1686 1524/659/1685 1799/650/1680 1800/653/1681
f 314/543/501 1528/544/1583 1802/655/1683 454/662/614
f 454/662/614 1802/655/1683 1803/652/1678 455/660/612
f 1528/544/1583 1527/545/1584 1801/654/1682 1802/655/1683
f 1804/663/1687 1807/666/1688 1808/665/1689 1805/664/1690
f 1805/664/1690 1808/665/1689 1809/668/1691 1806/667/1692
f 1807/666/1688 1810/670/1693 1811/669/1694 1808/665/1689
f 1808/665/1689 1811/669/1694 1812/671/1695 1809/668/1691
f 336/672/624 568/674/626 1804/663/1687 1614/673/1696
f 1614/673/1696 1804/663/1687 1805/664/1690 1613/675/1697
f 1613/675/1697 1805/664/1690 1806/667/1692 1612/676/1698
f 1612/676/1698 1806/667/1692 1611/536/1579 1431/534/1578
f 1806/667/1692 1809/668/1691 1610/549/1588 1611/536/1579
f 1809/668/1691 1812/671/1695 1609/547/1586 1610/549/1588
f 1812/671/1695 1525/661/1686 1419/548/1587 1609/547/1586
f 1811/669/1694 1524/659/1685 1525/661/1686 1812/671/1695
f 1810/670/1693 1523/657/1684 1524/659/1685 1811/669/1694
f 566/677/629 315/656/608 1523/657/1684 1810/670/1693
f 567/678/630 566/677/629 1810/670/1693 1807/666/1688
f 568/674/626 567/678/630 1807/666/1688 1804/663/1687
f 1813/679/1699 1816/682/1700 1817/681/1701 1814/680/1702
f 1814/680/1702 1817/681/1701 1818/684/1703 1815/683/1704
f 1816/682/1700 1819/686/1705 1820/685/1706 1817/681/1701
f 1817/681/1701 1820/685/1706 1821/687/1707 1818/684/1703
f 1425/688/1708 1579/690/1709 1813/679/1699 1573/689/1710
f 1573/689/1710 1813/679/1699 1814/680/1702 1574/691/1711
f 1574/691/1711 1814/680/1702 1815/683/1704 1575/692/1712
f 1575/692/1712 1815/683/1704 1645/694/1713 1426/693/1714
f 1815/683/1704 1818/684/1703 1644/695/1715 1645/694/1713
f 1818/684/1703 1821/687/1707 1643/696/1716 1644/695/1715
f 1821/687/1707 1639/698/1717 1434/697/1718 1643/696/1716
f 1820/685/1706 1638/699/1719 1639/698/1717 1821/687/1707
f 1819/686/1705 1637/700/1720 1638/699/1719 1820/685/1706
f 1581/701/1721 1436/702/1722 1637/700/1720 1819/686/1705
f 1580/703/1723 1581/701/1721 1819/686/1705 1816/682/1700
f 1579/690/1709 1580/703/1723 1816/682/1700 1813/679/1699
f 1822/704/1724 1825/707/1725 1826/706/1726 1823/705/1727
f 1823/705/1727 1826/706/1726 1827/709/1728 1824/708/1729
f 1825/707/1725 1828/711/1730 1829/710/1731 1826/706/1726
f 1826/706/1726 1829/710/1731 1830/712/1732 1827/709/1728
f 1422/713/1502 1507/715/1733 1822/704/1724 1541/714/1503
f 1541/714/1503 1822/704/1724 1823/705/1727 1542/716/1501
f 1542/716/1501 1823/705/1727 1824/708/1729 1543/717/1500
f 1543/717/1500 1824/708/1729 504/719/666 317/718/399
f 1824/708/1729 1827/709/1728 505/720/667 504/719/666
f 1827/709/1728 1830/712/1732 506/721/668 505/720/667
f 1830/712/1732 1630/723/1734 340/722/669 506/721/668
f 1829/710/1731 1629/724/1735 1630/723/1734 1830/712/1732
f 1828/711/1730 1628/725/1736 1629/724/1735 1829/710/1731
f 1509/726/1737 1435/727/1738 1628/725/1736 1828/711/1730
f 1508/728/1739 1509/726/1737 1828/711/1730 1825/707/1725
f 1507/715/1733 1508/728/1739 1825/707/1725 1822/704/1724
f 1547/336/1414 1832/730/1740 1833/729/1741 1546/335/1412
f 1545/731/1742 1424/334/1413 1546/335/1412 1833/729/1741
f 1833/729/1741 1832/730/1740 1589/733/1743 1588/732/1744
f 1427/734/1745 1545/731/1742 1833/729/1741 1588/732/1744
f 1554/468/1528 1843/736/1746 1844/735/1747 1553/467/1527
f 1831/737/1748 1548/337/1415 1423/338/1417 1544/738/1749
f 1544/738/1749 1428/740/1750 1590/739/1751 1831/737/1748
f 1844/735/1747 1843/736/1746 1593/742/1752 1592/741/1753
f 1834/743/1754 1837/746/1755 1838/745/1756 1835/744/1757
f 1835/744/1757 1838/745/1756 1839/748/1758 1836/747/1759
f 1837/746/1755 1840/750/1760 1841/749/1761 1838/745/1756
f 1838/745/1756 1841/749/1761 1842/751/1762 1839/748/1758
f 1427/734/1745 1578/753/1763 1834/743/1754 1584/752/1764
f 1584/752/1764 1834/743/1754 1835/744/1757 1583/754/1765
f 1583/754/1765 1835/744/1757 1836/747/1759 1582/755/1766
f 1582/755/1766 1836/747/1759 1575/757/1712 1426/756/1714
f 1836/747/1759 1839/748/1758 1574/758/1711 1575/757/1712
f 1839/748/1758 1842/751/1762 1573/759/1710 1574/758/1711
f 1842/751/1762 1566/761/1767 1425/760/1708 1573/759/1710
f 1841/749/1761 1565/762/1768 1566/761/1767 1842/751/1762
f 1840/750/1760 1564/763/1769 1565/762/1768 1841/749/1761
f 1576/764/1770 1414/765/1771 1564/763/1769 1840/750/1760
f 1577/766/1772 1576/764/1770 1840/750/1760 1837/746/1755
f 1578/753/1763 1577/766/1772 1837/746/1755 1834/743/1754
f 1553/467/1527 1844/735/1747 1845/767/1773 1552/466/1526
f 1544/738/1749 1423/338/1417 1552/466/1526 1845/767/1773
f 1845/767/1773 1844/735/1747 1592/741/1753 1591/768/1774
f 1428/740/1750 1544/738/1749 1845/767/1773 1591/768/1774
f 1864/769/1775 1865/770/1776 1508/728/1739 1507/715/1733
f 1843/736/1746 1554/468/1528 324/469/434 491/771/713
f 491/771/713 329/772/714 1593/742/1752 1843/736/1746
f 1645/694/1713 1644/695/1715 1865/770/1776 1864/769/1775
f 1846/773/1777 1849/776/1778 1850/775/1779 1847/774/1780
f 1847/774/1780 1850/775/1779 1851/778/1781 1848/777/1782
f 1849/776/1778 1852/780/1783 1853/779/1784 1850/775/1779
f 1850/775/1779 1853/779/1784 1854/781/1785 1851/778/1781
f 1411/565/1604 1486/782/1786 1846/773/1777 1555/616/1647
f 1555/616/1647 1846/773/1777 1847/774/1780 1556/615/1646
f 1556/615/1646 1847/774/1780 1848/777/1782 1557/614/1644
f 1557/614/1644 1848/777/1782 1536/783/1787 1421/613/1645
f 1848/777/1782 1851/778/1781 1535/784/1788 1536/783/1787
f 1851/778/1781 1854/781/1785 1534/785/1789 1535/784/1788
f 1854/781/1785 420/787/729 318/786/728 1534/785/1789
f 1853/779/1784 421/788/730 420/787/729 1854/781/1785
f 1852/780/1783 422/789/731 421/788/730 1853/779/1784
f 1488/790/1790 306/791/733 422/789/731 1852/780/1783
f 1487/792/1791 1488/790/1790 1852/780/1783 1849/776/1778
f 1486/782/1786 1487/792/1791 1849/776/1778 1846/773/1777
f 1855/793/1792 1858/796/1793 1859/795/1794 1856/794/1795
f 1856/794/1795 1859/795/1794 1860/798/1796 1857/797/1797
f 1858/796/1793 1861/800/1798 1862/799/1799 1859/795/1794
f 1859/795/1794 1862/799/1799 1863/801/1800 1860/798/1796
f 1421/613/1645 1537/802/1801 1855/793/1792 1558/612/1643
f 1558/612/1643 1855/793/1792 1856/794/1795 1559/611/1642
f 1559/611/1642 1856/794/1795 1857/797/1797 1560/610/1641
f 1560/610/1641 1857/797/1797 1494/803/1802 1412/362/1439
f 1857/797/1797 1860/798/1796 1493/804/1803 1494/803/1802
f 1860/798/1796 1863/801/1800 1492/805/1804 1493/804/1803
f 1863/801/1800 1531/807/1805 1415/806/1806 1492/805/1804
f 1862/799/1799 1532/808/1807 1531/807/1805 1863/801/1800
f 1861/800/1798 1533/809/1808 1532/808/1807 1862/799/1799
f 1539/810/1809 1420/811/1810 1533/809/1808 1861/800/1798
f 1538/812/1811 1539/810/1809 1861/800/1798 1858/796/1793
f 1537/802/1801 1538/812/1811 1858/796/1793 1855/793/1792
f 1644/695/1715 1643/696/1716 1866/813/1812 1865/770/1776
f 1865/770/1776 1866/813/1812 1509/726/1737 1508/728/1739
f 1426/693/1714 1645/694/1713 1864/769/1775 1540/814/1813
f 1540/814/1813 1864/769/1775 1507/715/1733 1422/713/1502
f 1643/696/1716 1434/697/1718 1627/815/1814 1866/813/1812
f 1866/813/1812 1627/815/1814 1435/727/1738 1509/726/1737
f 1551/441/1506 1885/817/1815 1886/816/1816 1550/440/1505
f 1886/816/1816 1885/817/1815 1584/752/1764 1583/754/1765
f 1867/818/1817 1870/821/1818 1871/820/1819 1868/819/1820
f 1868/819/1820 1871/820/1819 1872/823/1821 1869/822/1822
f 1870/821/1818 1873/825/1823 1874/824/1824 1871/820/1819
f 1871/820/1819 1874/824/1824 1875/826/1825 1872/823/1821
f 1414/765/1771 1501/827/1826 1867/818/1817 1564/763/1769
f 1564/763/1769 1867/818/1817 1868/819/1820 1565/762/1768
f 1565/762/1768 1868/819/1820 1869/822/1822 1566/761/1767
f 1566/761/1767 1869/822/1822 1563/828/1827 1425/760/1708
f 1869/822/1822 1872/823/1821 1562/829/1828 1563/828/1827
f 1872/823/1821 1875/826/1825 1561/830/1829 1562/829/1828
f 1875/826/1825 1533/809/1808 1420/811/1810 1561/830/1829
f 1874/824/1824 1532/808/1807 1533/809/1808 1875/826/1825
f 1873/825/1823 1531/807/1805 1532/808/1807 1874/824/1824
f 1503/831/1830 1415/806/1806 1531/807/1805 1873/825/1823
f 1502/832/1831 1503/831/1830 1873/825/1823 1870/821/1818
f 1501/827/1826 1502/832/1831 1870/821/1818 1867/818/1817
f 1876/833/1832 1879/836/1833 1880/835/1834 1877/834/1835
f 1877/834/1835 1880/835/1834 1881/838/1836 1878/837/1837
f 1879/836/1833 1882/840/1838 1883/839/1839 1880/835/1834
f 1880/835/1834 1883/839/1839 1884/841/1840 1881/838/1836
f 1420/842/1810 1569/844/1841 1876/833/1832 1561/843/1829
f 1561/843/1829 1876/833/1832 1877/834/1835 1562/845/1828
f 1562/845/1828 1877/834/1835 1878/837/1837 1563/846/1827
f 1563/846/1827 1878/837/1837 1579/690/1709 1425/688/1708
f 1878/837/1837 1881/838/1836 1580/703/1723 1579/690/1709
f 1881/838/1836 1884/841/1840 1581/701/1721 1580/703/1723
f 1884/841/1840 1633/847/1842 1436/702/1722 1581/701/1721
f 1883/839/1839 1632/848/1843 1633/847/1842 1884/841/1840
f 1882/840/1838 1631/849/1844 1632/848/1843 1883/839/1839
f 1567/850/1845 1432/851/1846 1631/849/1844 1882/840/1838
f 1568/852/1847 1567/850/1845 1882/840/1838 1879/836/1833
f 1569/844/1841 1568/852/1847 1879/836/1833 1876/833/1832
f 1550/440/1505 1886/816/1816 1887/853/1848 1549/438/1504
f 1540/854/1813 1422/437/1502 1549/438/1504 1887/853/1848
f 1887/853/1848 1886/816/1816 1583/754/1765 1582/755/1766
f 1426/756/1714 1540/854/1813 1887/853/1848 1582/755/1766
f 1975/855/1849 1974/856/1850 1630/723/1734 1629/724/1735
f 1885/817/1815 1551/441/1506 1424/334/1413 1545/731/1742
f 1545/731/1742 1427/734/1745 1584/752/1764 1885/817/1815
f 1642/857/1851 1974/856/1850 1975/855/1849 1641/858/1852
f 1889/859/1853 1898/862/1854 1888/861/1855 1890/860/1856
f 1891/863/1857 1890/860/1856 1888/861/1855 1892/864/1858
f 1893/865/1859 1892/864/1858 1888/861/1855 1894/866/1860
f 1895/867/1861 1894/866/1860 1888/861/1855 1896/868/1862
f 1897/869/1863 1896/868/1862 1888/861/1855 1898/862/1854
f 1428/740/1750 1587/870/1864 1889/859/1853 1590/739/1751
f 1590/739/1751 1889/859/1853 1890/860/1856 1589/733/1743
f 1587/870/1864 1586/871/1865 1898/862/1854 1889/859/1853
f 1427/734/1745 1588/732/1744 1891/863/1857 1578/753/1763
f 1578/753/1763 1891/863/1857 1892/864/1858 1577/766/1772
f 1588/732/1744 1589/733/1743 1890/860/1856 1891/863/1857
f 1414/765/1771 1576/764/1770 1893/865/1859 1500/872/1866
f 1500/872/1866 1893/865/1859 1894/866/1860 1499/873/1867
f 1576/764/1770 1577/766/1772 1892/864/1858 1893/865/1859
f 1413/358/1435 1498/874/1868 1895/867/1861 1512/360/1436
f 1512/360/1436 1895/867/1861 1896/868/1862 1513/356/1433
f 1498/874/1868 1499/873/1867 1894/866/1860 1895/867/1861
f 1405/353/1430 1514/354/1432 1897/869/1863 1585/875/1869
f 1585/875/1869 1897/869/1863 1898/862/1854 1586/871/1865
f 1514/354/1432 1513/356/1433 1896/868/1862 1897/869/1863
f 1899/876/1870 1902/879/1871 1903/878/1872 1900/877/1873
f 1900/877/1873 1903/878/1872 1904/881/1874 1901/880/1875
f 1902/879/1871 1905/883/1876 1906/882/1877 1903/878/1872
f 1903/878/1872 1906/882/1877 1907/884/1878 1904/881/1874
f 329/772/714 536/885/822 1899/876/1870 1593/742/1752
f 1593/742/1752 1899/876/1870 1900/877/1873 1592/741/1753
f 1592/741/1753 1900/877/1873 1901/880/1875 1591/768/1774
f 1591/768/1774 1901/880/1875 1587/870/1864 1428/740/1750
f 1901/880/1875 1904/881/1874 1586/871/1865 1587/870/1864
f 1904/881/1874 1907/884/1878 1585/875/1869 1586/871/1865
f 1907/884/1878 1465/488/1540 1405/353/1430 1585/875/1869
f 1906/882/1877 1466/487/1539 1465/488/1540 1907/884/1878
f 1905/883/1876 1467/485/1538 1466/487/1539 1906/882/1877
f 534/886/823 298/484/447 1467/485/1538 1905/883/1876
f 535/887/824 534/886/823 1905/883/1876 1902/879/1871
f 536/885/822 535/887/824 1902/879/1871 1899/876/1870
f 1908/888/1879 1911/891/1880 1912/890/1881 1909/889/1882
f 1909/889/1882 1912/890/1881 1913/893/1883 1910/892/1884
f 1911/891/1880 1914/895/1885 1915/894/1886 1912/890/1881
f 1912/890/1881 1915/894/1886 1916/896/1887 1913/893/1883
f 303/493/456 543/897/834 1908/888/1879 1479/491/1543
f 1479/491/1543 1908/888/1879 1909/889/1882 1478/490/1542
f 1478/490/1542 1909/889/1882 1910/892/1884 1477/489/1541
f 1477/489/1541 1910/892/1884 1476/898/1888 1410/370/1447
f 1910/892/1884 1913/893/1883 1475/899/1889 1476/898/1888
f 1913/893/1883 1916/896/1887 1474/900/1890 1475/899/1889
f 1916/896/1887 1600/411/1486 1430/382/1459 1474/900/1890
f 1915/894/1886 1601/410/1485 1600/411/1486 1916/896/1887
f 1914/895/1885 1602/408/1484 1601/410/1485 1915/894/1886
f 545/901/838 331/407/376 1602/408/1484 1914/895/1885
f 544/902/839 545/901/838 1914/895/1885 1911/891/1880
f 543/897/834 544/902/839 1911/891/1880 1908/888/1879
f 1917/903/1891 1920/906/1892 1921/905/1893 1918/904/1894
f 1918/904/1894 1921/905/1893 1922/908/1895 1919/907/1896
f 1920/906/1892 1923/910/1897 1924/909/1898 1921/905/1893
f 1921/905/1893 1924/909/1898 1925/911/1899 1922/908/1895
f 1410/370/1447 1476/898/1888 1917/903/1891 1482/372/1448
f 1482/372/1448 1917/903/1891 1918/904/1894 1481/369/1446
f 1481/369/1446 1918/904/1894 1919/907/1896 1480/367/1445
f 1480/367/1445 1919/907/1896 1594/562/1600 1409/366/1443
f 1919/907/1896 1922/908/1895 1595/564/1603 1594/562/1600
f 1922/908/1895 1925/911/1899 1596/577/1612 1595/564/1603
f 1925/911/1899 1603/386/1463 1429/387/1465 1596/577/1612
f 1924/909/1898 1604/385/1462 1603/386/1463 1925/911/1899
f 1923/910/1897 1605/383/1461 1604/385/1462 1924/909/1898
f 1474/900/1890 1430/382/1459 1605/383/1461 1923/910/1897
f 1475/899/1889 1474/900/1890 1923/910/1897 1920/906/1892
f 1476/898/1888 1475/899/1889 1920/906/1892 1917/903/1891
f 1926/912/1900 1929/915/1901 1930/914/1902 1927/913/1903
f 1927/913/1903 1930/914/1902 1931/917/1904 1928/916/1905
f 1929/915/1901 1932/919/1906 1933/918/1907 1930/914/1902
f 1930/914/1902 1933/918/1907 1934/920/1908 1931/917/1904
f 1429/387/1465 1459/388/1464 1926/912/1900 1606/578/1611
f 1606/578/1611 1926/912/1900 1927/913/1903 1607/576/1610
f 1607/576/1610 1927/913/1903 1928/916/1905 1608/574/1609
f 1608/574/1609 1928/916/1905 417/921/858 333/573/531
f 1928/916/1905 1931/917/1904 418/922/859 417/921/858
f 1931/917/1904 1934/920/1908 419/923/860 418/922/859
f 1934/920/1908 1453/453/1518 299/454/420 419/923/860
f 1933/918/1907 1454/452/1517 1453/453/1518 1934/920/1908
f 1932/919/1906 1455/451/1516 1454/452/1517 1933/918/1907
f 1461/390/1467 1407/391/1469 1455/451/1516 1932/919/1906
f 1460/389/1466 1461/390/1467 1932/919/1906 1929/915/1901
f 1459/388/1464 1460/389/1466 1929/915/1901 1926/912/1900
f 1935/924/1909 1938/927/1910 1939/926/1911 1936/925/1912
f 1936/925/1912 1939/926/1911 1940/929/1913 1937/928/1914
f 1940/929/1913 1939/926/1911 1613/675/1697 1612/676/1698
f 1431/534/1578 1529/930/1915 1940/929/1913 1612/676/1698
f 304/931/527 469/933/868 1935/924/1909 1483/932/1608
f 1483/932/1608 1935/924/1909 1936/925/1912 1484/934/1607
f 1484/934/1607 1936/925/1912 1937/928/1914 1485/935/1606
f 1485/935/1606 1937/928/1914 1530/937/1916 1411/936/1604
f 1937/928/1914 1940/929/1913 1529/930/1915 1530/937/1916
f 468/938/870 336/672/624 1614/673/1696 1938/927/1910
f 1945/939/1917 1944/940/1918 1617/535/1580 1616/537/1581
f 469/933/868 468/938/870 1938/927/1910 1935/924/1909
f 1941/941/1919 1944/940/1918 1945/939/1917 1942/942/1920
f 1942/942/1920 1945/939/1917 1946/944/1921 1943/943/1922
f 1946/944/1921 1945/939/1917 1616/537/1581 1615/538/1582
f 562/945/877 1946/944/1921 1615/538/1582 334/539/497
f 1411/936/1604 1530/937/1916 1941/941/1919 1486/946/1786
f 1486/946/1786 1941/941/1919 1942/942/1920 1487/947/1791
f 1487/947/1791 1942/942/1920 1943/943/1922 1488/948/1790
f 1488/948/1790 1943/943/1922 561/950/878 306/949/733
f 1943/943/1922 1946/944/1921 562/945/877 561/950/878
f 1529/930/1915 1431/534/1578 1617/535/1580 1944/940/1918
f 1530/937/1916 1529/930/1915 1944/940/1918 1941/941/1919
f 1947/951/1923 1950/954/1924 1951/953/1925 1948/952/1926
f 1948/952/1926 1951/953/1925 1952/956/1927 1949/955/1928
f 1950/954/1924 1953/958/1929 1954/957/1930 1951/953/1925
f 1951/953/1925 1954/957/1930 1955/959/1931 1952/956/1927
f 341/960/888 581/962/890 1947/951/1923 1621/961/1932
f 1621/961/1932 1947/951/1923 1948/952/1926 1622/963/1933
f 1622/963/1933 1948/952/1926 1949/955/1928 1623/964/1934
f 1623/964/1934 1949/955/1928 1624/966/1935 1433/965/1936
f 1949/955/1928 1952/956/1927 1625/967/1937 1624/966/1935
f 1952/956/1927 1955/959/1931 1626/968/1938 1625/967/1937
f 1955/959/1931 1618/969/1939 1432/851/1846 1626/968/1938
f 1954/957/1930 1619/970/1940 1618/969/1939 1955/959/1931
f 1953/958/1929 1620/971/1941 1619/970/1940 1954/957/1930
f 579/972/900 338/973/901 1620/971/1941 1953/958/1929
f 580/974/902 579/972/900 1953/958/1929 1950/954/1924
f 581/962/890 580/974/902 1950/954/1924 1947/951/1923
f 1956/975/1942 1959/978/1943 1960/977/1944 1957/976/1945
f 1957/976/1945 1960/977/1944 1961/980/1946 1958/979/1947
f 1959/978/1943 1962/982/1948 1963/981/1949 1960/977/1944
f 1960/977/1944 1963/981/1949 1964/983/1950 1961/980/1946
f 1432/851/1846 1618/969/1939 1956/975/1942 1631/849/1844
f 1631/849/1844 1956/975/1942 1957/976/1945 1632/848/1843
f 1632/848/1843 1957/976/1945 1958/979/1947 1633/847/1842
f 1633/847/1842 1958/979/1947 1634/984/1951 1436/702/1722
f 1958/979/1947 1961/980/1946 1635/985/1952 1634/984/1951
f 1961/980/1946 1964/983/1950 1636/986/1953 1635/985/1952
f 1964/983/1950 597/988/916 346/987/915 1636/986/1953
f 1963/981/1949 596/989/917 597/988/916 1964/983/1950
f 1962/982/1948 595/990/918 596/989/917 1963/981/1949
f 1620/971/1941 338/973/901 595/990/918 1962/982/1948
f 1619/970/1940 1620/971/1941 1962/982/1948 1959/978/1943
f 1618/969/1939 1619/970/1940 1959/978/1943 1956/975/1942
f 1965/991/1954 1968/994/1955 1969/993/1956 1966/992/1957
f 1966/992/1957 1969/993/1956 1970/996/1958 1967/995/1959
f 1968/994/1955 1971/998/1960 1972/997/1961 1969/993/1956
f 1969/993/1956 1972/997/1961 1973/999/1962 1970/996/1958
f 346/987/915 601/1000/928 1965/991/1954 1636/986/1953
f 1636/986/1953 1965/991/1954 1966/992/1957 1635/985/1952
f 1635/985/1952 1966/992/1957 1967/995/1959 1634/984/1951
f 1634/984/1951 1967/995/1959 1637/700/1720 1436/702/1722
f 1967/995/1959 1970/996/1958 1638/699/1719 1637/700/1720
f 1970/996/1958 1973/999/1962 1639/698/1717 1638/699/1719
f 1973/999/1962 1640/1001/1963 1434/697/1718 1639/698/1717
f 1972/997/1961 1641/858/1852 1640/1001/1963 1973/999/1962
f 1971/998/1960 1642/857/1851 1641/858/1852 1972/997/1961
f 603/1002/930 339/1003/931 1642/857/1851 1971/998/1960
f 602/1004/932 603/1002/930 1971/998/1960 1968/994/1955
f 601/1000/928 602/1004/932 1968/994/1955 1965/991/1954
f 1641/858/1852 1975/855/1849 1976/1005/1964 1640/1001/1963
f 1434/697/1718 1640/1001/1963 1976/1005/1964 1627/815/1814
f 1976/1005/1964 1975/855/1849 1629/724/1735 1628/725/1736
f 1627/815/1814 1976/1005/1964 1628/725/1736 1435/727/1738
f 1939/926/1911 1938/927/1910 1614/673/1696 1613/675/1697
f 1974/856/1850 1642/857/1851 339/1003/931 578/1006/934
f 578/1006/934 340/722/669 1630/723/1734 1974/856/1850
f 1832/730/1740 1831/737/1748 1590/739/1751 1589/733/1743
f 1977/1007/1965 1980/1010/1966 1981/1009/1967 1978/1008/1968
f 1978/1008/1968 1981/1009/1967 1982/1012/1969 1979/1011/1970
f 1980/1010/1966 1983/1014/1971 1984/1013/1972 1981/1009/1967
f 1981/1009/1967 1984/1013/1972 1985/1015/1973 1982/1012/1969
f 318/1016/728 615/1018/944 1977/1007/1965 1534/1017/1789
f 1534/1017/1789 1977/1007/1965 1978/1008/1968 1535/1019/1788
f 1535/1019/1788 1978/1008/1968 1979/1011/1970 1536/1020/1787
f 1536/1020/1787 1979/1011/1970 1570/1022/1974 1421/1021/1645
f 1979/1011/1970 1982/1012/1969 1571/1023/1975 1570/1022/1974
f 1982/1012/1969 1985/1015/1973 1572/1024/1976 1571/1023/1975
f 1985/1015/1973 1623/964/1934 1433/965/1936 1572/1024/1976
f 1984/1013/1972 1622/963/1933 1623/964/1934 1985/1015/1973
f 1983/1014/1971 1621/961/1932 1622/963/1933 1984/1013/1972
f 613/1025/948 341/960/888 1621/961/1932 1983/1014/1971
f 614/1026/949 613/1025/948 1983/1014/1971 1980/1010/1966
f 615/1018/944 614/1026/949 1980/1010/1966 1977/1007/1965
f 1986/1027/1977 1989/1030/1978 1990/1029/1979 1987/1028/1980
f 1987/1028/1980 1990/1029/1979 1991/1032/1981 1988/1031/1982
f 1989/1030/1978 1992/1034/1983 1993/1033/1984 1990/1029/1979
f 1990/1029/1979 1993/1033/1984 1994/1035/1985 1991/1032/1981
f 1421/1021/1645 1570/1022/1974 1986/1027/1977 1537/1036/1801
f 1537/1036/1801 1986/1027/1977 1987/1028/1980 1538/1037/1811
f 1538/1037/1811 1987/1028/1980 1988/1031/1982 1539/1038/1809
f 1539/1038/1809 1988/1031/1982 1569/844/1841 1420/842/1810
f 1988/1031/1982 1991/1032/1981 1568/852/1847 1569/844/1841
f 1991/1032/1981 1994/1035/1985 1567/850/1845 1568/852/1847
f 1994/1035/1985 1626/968/1938 1432/851/1846 1567/850/1845
f 1993/1033/1984 1625/967/1937 1626/968/1938 1994/1035/1985
f 1992/1034/1983 1624/966/1935 1625/967/1937 1993/1033/1984
f 1572/1024/1976 1433/965/1936 1624/966/1935 1992/1034/1983
f 1571/1023/1975 1572/1024/1976 1992/1034/1983 1989/1030/1978
f 1570/1022/1974 1571/1023/1975 1989/1030/1978 1986/1027/1977
f 1995/1039/1986 1998/1042/1987 1999/1041/1988 1996/1040/1989
f 1996/1040/1989 1999/1041/1988 2000/1044/1990 1997/1043/1991
f 2000/1044/1990 1999/1041/1988 1655/647/1675 1654/648/1676
f 1440/621/1652 1521/1045/1992 2000/1044/1990 1654/648/1676
f 1415/806/1806 1646/1047/1993 1995/1046/1986 1492/805/1804
f 1492/805/1804 1995/1046/1986 1996/1048/1989 1493/804/1803
f 1493/804/1803 1996/1048/1989 1997/1049/1991 1494/803/1802
f 1494/803/1802 1997/1049/1991 1522/1050/1994 1412/362/1439
f 1997/1043/1991 2000/1044/1990 1521/1045/1992 1522/1051/1994
f 1647/1052/1995 1437/594/1625 1656/646/1674 1998/1042/1987
f 2005/1053/1996 2004/1054/1997 1659/637/1665 1658/638/1666
f 1646/1055/1993 1647/1052/1995 1998/1042/1987 1995/1039/1986
f 2001/1056/1998 2004/1054/1997 2005/1053/1996 2002/1057/1999
f 2002/1057/1999 2005/1053/1996 2006/1059/2000 2003/1058/2001
f 2006/1059/2000 2005/1053/1996 1658/638/1666 1657/639/1667
f 1438/587/1619 1517/1060/2002 2006/1059/2000 1657/639/1667
f 1413/358/1435 1650/1062/2003 2001/1061/1998 1498/874/1868
f 1498/874/1868 2001/1061/1998 2002/1063/1999 1499/873/1867
f 1499/873/1867 2002/1063/1999 2003/1064/2001 1500/872/1866
f 1500/872/1866 2003/1064/2001 1518/1065/2004 1414/765/1771
f 2003/1058/2001 2006/1059/2000 1517/1060/2002 1518/1066/2004
f 1651/1067/2005 1439/628/1657 1659/637/1665 2004/1054/1997
f 2011/1068/2006 2010/1069/2007 1662/625/1654 1661/626/1655
f 1650/1070/2003 1651/1067/2005 2004/1054/1997 2001/1056/1998
f 2007/1071/2008 2010/1069/2007 2011/1068/2006 2008/1072/2009
f 2008/1072/2009 2011/1068/2006 2012/1074/2010 2009/1073/2011
f 2012/1074/2010 2011/1068/2006 1661/626/1655 1660/627/1656
f 1651/1067/2005 2012/1074/2010 1660/627/1656 1439/628/1657
f 1412/362/1439 1522/1050/1994 2007/1075/2008 1495/364/1440
f 1495/364/1440 2007/1075/2008 2008/1076/2009 1496/361/1438
f 1496/361/1438 2008/1076/2009 2009/1077/2011 1497/359/1437
f 1497/359/1437 2009/1077/2011 1650/1062/2003 1413/358/1435
f 2009/1073/2011 2012/1074/2010 1651/1067/2005 1650/1070/2003
f 1521/1045/1992 1440/621/1652 1662/622/1654 2010/1078/2007
f 2017/1079/2012 2016/1080/2013 1665/588/1622 1664/591/1623
f 1522/1051/1994 1521/1045/1992 2010/1078/2007 2007/1081/2008
f 2013/1082/2014 2016/1080/2013 2017/1079/2012 2014/1083/2015
f 2014/1083/2015 2017/1079/2012 2018/1085/2016 2015/1084/2017
f 2018/1085/2016 2017/1079/2012 1664/591/1623 1663/592/1624
f 1647/1052/1995 2018/1086/2016 1663/593/1624 1437/594/1625
f 1414/765/1771 1518/1065/2004 2013/1087/2014 1501/827/1826
f 1501/827/1826 2013/1087/2014 2014/1088/2015 1502/832/1831
f 1502/832/1831 2014/1088/2015 2015/1089/2017 1503/831/1830
f 1503/831/1830 2015/1089/2017 1646/1047/1993 1415/806/1806
f 2015/1090/2017 2018/1086/2016 1647/1052/1995 1646/1055/1993
f 1517/1060/2002 1438/587/1619 1665/588/1622 2016/1080/2013
f 1765/582/1614 1764/589/1621 1767/595/1627 1768/581/1615
f 1518/1066/2004 1517/1060/2002 2016/1080/2013 2013/1082/2014
f 1049/1091/991 2071/1094/2018 2072/1093/2019 1050/1092/992
f 1050/1092/992 2072/1093/2019 2073/1096/2020 1051/1095/995
f 1051/1095/995 2073/1096/2020 2027/1098/2021 997/1097/997
f 2073/1096/2020 2028/1100/2022 2020/1099/2023 2027/1098/2021
f 2072/1093/2019 2029/1101/2024 2028/1100/2022 2073/1096/2020
f 2071/1094/2018 2030/1102/2025 2029/1101/2024 2072/1093/2019
f 1265/157/1274 1253/131/1251 2030/1104/2025 2071/1103/2018
f 1265/157/1274 2071/1103/2018 1049/1105/991 144/169/156
f 2074/1106/2026 2076/1109/1252 2077/1108/2027 2075/1107/2028
f 1255/134/1254 1256/135/1253 2036/147/1264
f 2076/1109/1252 1255/1111/1254 2078/1110/2029 2077/1108/2027
f 1253/131/1251 1254/132/1250 2074/1112/2026 2030/1104/2025
f 2029/1101/2024 2074/1106/2026 2075/1107/2028 2028/1100/2022
f 2028/1100/2022 2075/1107/2028 2031/1113/2030 2020/1099/2023
f 2075/1107/2028 2077/1108/2027 2032/1114/2031 2031/1113/2030
f 2077/1108/2027 2078/1110/2029 2033/1115/2032 2032/1114/2031
f 2078/1110/2029 2034/1117/2033 2019/1116/2034 2033/1115/2032
f 1255/1111/1254 2035/1118/2035 2034/1117/2033 2078/1110/2029
f 2036/1119/1264 2035/1118/2035 1255/1111/1254
f 1266/1120/1263 145/1123/146 1062/1122/1014 2079/1121/2036
f 2079/1121/2036 1062/1122/1014 1063/1125/1016 2080/1124/2037
f 2036/1119/1264 1266/1120/1263 2079/1121/2036 2035/1118/2035
f 2035/1118/2035 2079/1121/2036 2080/1124/2037 2034/1117/2033
f 2034/1117/2033 2080/1124/2037 2037/1126/2038 2019/1116/2034
f 2080/1124/2037 1063/1125/1016 1009/1127/1018 2037/1126/2038
f 2081/1128/2039 2082/1131/2040 1067/1130/834 1065/1129/1020
f 2082/1131/2040 2083/1133/2041 1069/1132/1022 1067/1130/834
f 2020/1099/2023 2045/1134/2042 2081/1128/2039 2027/1098/2021
f 2027/1098/2021 2081/1128/2039 1065/1129/1020 997/1097/997
f 2083/1133/2041 2038/1136/2043 1010/1135/1025 1069/1132/1022
f 2043/1137/2044 2021/1138/2045 2038/1136/2043 2083/1133/2041
f 2044/1139/2046 2043/1137/2044 2083/1133/2041 2082/1131/2040
f 2045/1134/2042 2044/1139/2046 2082/1131/2040 2081/1128/2039
f 2084/1140/2047 2087/1143/2048 2088/1142/2049 2085/1141/2050
f 2085/1141/2050 2088/1142/2049 2089/1145/2051 2086/1144/2052
f 2087/1143/2048 2090/1147/2053 2091/1146/2054 2088/1142/2049
f 2088/1142/2049 2091/1146/2054 2092/1148/2055 2089/1145/2051
f 2022/1149/2056 2059/1151/2057 2084/1140/2047 2041/1150/2058
f 2041/1150/2058 2084/1140/2047 2085/1141/2050 2040/1152/2059
f 2040/1152/2059 2085/1141/2050 2086/1144/2052 2039/1153/2060
f 2039/1153/2060 2086/1144/2052 2054/1154/2061 2021/1138/2045
f 2086/1144/2052 2089/1145/2051 2055/1155/2062 2054/1154/2061
f 2089/1145/2051 2092/1148/2055 2056/1156/2063 2055/1155/2062
f 2092/1148/2055 2050/1158/2064 2023/1157/2065 2056/1156/2063
f 2091/1146/2054 2051/1159/2066 2050/1158/2064 2092/1148/2055
f 2090/1147/2053 2052/1160/2067 2051/1159/2066 2091/1146/2054
f 2057/1161/2068 2024/1162/2069 2052/1160/2067 2090/1147/2053
f 2058/1163/2070 2057/1161/2068 2090/1147/2053 2087/1143/2048
f 2059/1151/2057 2058/1163/2070 2087/1143/2048 2084/1140/2047
f 2093/1164/2071 2096/1167/2072 2097/1166/2073 2094/1165/2074
f 2094/1165/2074 2097/1166/2073 2098/1169/2075 2095/1168/2076
f 2096/1167/2072 2099/1171/2077 2100/1170/2078 2097/1166/2073
f 2097/1166/2073 2100/1170/2078 2101/1172/2079 2098/1169/2075
f 2019/1116/2034 2048/1173/2080 2093/1164/2071 2033/1115/2032
f 2033/1115/2032 2093/1164/2071 2094/1165/2074 2032/1114/2031
f 2032/1114/2031 2094/1165/2074 2095/1168/2076 2031/1113/2030
f 2031/1113/2030 2095/1168/2076 2045/1134/2042 2020/1099/2023
f 2095/1168/2076 2098/1169/2075 2044/1139/2046 2045/1134/2042
f 2098/1169/2075 2101/1172/2079 2043/1137/2044 2044/1139/2046
f 2101/1172/2079 2039/1153/2060 2021/1138/2045 2043/1137/2044
f 2100/1170/2078 2040/1152/2059 2039/1153/2060 2101/1172/2079
f 2099/1171/2077 2041/1150/2058 2040/1152/2059 2100/1170/2078
f 2046/1174/2081 2022/1149/2056 2041/1150/2058 2099/1171/2077
f 2047/1175/2082 2046/1174/2081 2099/1171/2077 2096/1167/2072
f 2048/1173/2080 2047/1175/2082 2096/1167/2072 2093/1164/2071
f 1088/1176/1066 1090/1179/1069 2103/1178/2083 2102/1177/2084
f 1090/1179/1069 1092/1181/1071 2104/1180/2085 2103/1178/2083
f 1009/1127/1018 1088/1176/1066 2102/1177/2084 2037/1126/2038
f 2037/1126/2038 2102/1177/2084 2048/1173/2080 2019/1116/2034
f 2102/1177/2084 2103/1178/2083 2047/1175/2082 2048/1173/2080
f 2103/1178/2083 2104/1180/2085 2046/1174/2081 2047/1175/2082
f 2104/1180/2085 2042/1182/2086 2022/1149/2056 2046/1174/2081
f 1092/1181/1071 1016/1183/1073 2042/1182/2086 2104/1180/2085
f 1094/1184/1074 1096/1187/1077 2106/1186/2087 2105/1185/2088
f 1096/1187/1077 1098/1189/1079 2107/1188/2089 2106/1186/2087
f 1029/1190/1080 1094/1184/1074 2105/1185/2088 2053/1191/2090
f 2053/1191/2090 2105/1185/2088 2065/1192/2091 2024/1162/2069
f 2105/1185/2088 2106/1186/2087 2066/1193/2092 2065/1192/2091
f 2106/1186/2087 2107/1188/2089 2067/1194/2093 2066/1193/2092
f 2107/1188/2089 2064/1196/2094 2026/1195/2095 2067/1194/2093
f 1098/1189/1079 1042/1197/1087 2064/1196/2094 2107/1188/2089
f 1100/1198/1088 1102/1201/1091 2109/1200/2096 2108/1199/2097
f 1102/1201/1091 1104/1203/1093 2110/1202/2098 2109/1200/2096
f 1016/1183/1073 1100/1198/1088 2108/1199/2097 2042/1182/2086
f 2042/1182/2086 2108/1199/2097 2059/1151/2057 2022/1149/2056
f 2108/1199/2097 2109/1200/2096 2058/1163/2070 2059/1151/2057
f 2109/1200/2096 2110/1202/2098 2057/1161/2068 2058/1163/2070
f 2110/1202/2098 2053/1191/2090 2024/1162/2069 2057/1161/2068
f 1104/1203/1093 1029/1190/1080 2053/1191/2090 2110/1202/2098
f 2111/1204/2099 2112/1207/2100 1109/1206/1096 1107/1205/1095
f 2112/1207/2100 2113/1209/2101 1111/1208/1098 1109/1206/1096
f 2021/1138/2045 2054/1154/2061 2111/1204/2099 2038/1136/2043
f 2038/1136/2043 2111/1204/2099 1107/1205/1095 1010/1135/1025
f 2113/1209/2101 2049/1211/2102 1023/1210/1100 1111/1208/1098
f 2056/1156/2063 2023/1157/2065 2049/1211/2102 2113/1209/2101
f 2055/1155/2062 2056/1156/2063 2113/1209/2101 2112/1207/2100
f 2054/1154/2061 2055/1155/2062 2112/1207/2100 2111/1204/2099
f 2114/1212/2103 2115/1215/2104 1115/1214/1104 1113/1213/1103
f 2115/1215/2104 2116/1217/2105 1117/1216/1106 1115/1214/1104
f 2025/1218/2106 2061/1220/2107 2114/1212/2103 2060/1219/2108
f 2060/1219/2108 2114/1212/2103 1113/1213/1103 1036/1221/1111
f 2116/1217/2105 2064/1196/2094 1042/1197/1087 1117/1216/1106
f 2063/1222/2109 2026/1195/2095 2064/1196/2094 2116/1217/2105
f 2062/1223/2110 2063/1222/2109 2116/1217/2105 2115/1215/2104
f 2061/1220/2107 2062/1223/2110 2115/1215/2104 2114/1212/2103
f 2117/1224/2111 2118/1227/2112 1121/1226/1116 1119/1225/1115
f 2118/1227/2112 2119/1229/2113 1123/1228/1118 1121/1226/1116
f 2023/1157/2065 2070/1230/2114 2117/1224/2111 2049/1211/2102
f 2049/1211/2102 2117/1224/2111 1119/1225/1115 1023/1210/1100
f 2119/1229/2113 2060/1219/2108 1036/1221/1111 1123/1228/1118
f 2068/1231/2115 2025/1218/2106 2060/1219/2108 2119/1229/2113
f 2069/1232/2116 2068/1231/2115 2119/1229/2113 2118/1227/2112
f 2070/1230/2114 2069/1232/2116 2118/1227/2112 2117/1224/2111
f 2120/1233/2117 2123/1236/2118 2124/1235/2119 2121/1234/2120
f 2121/1234/2120 2124/1235/2119 2125/1238/2121 2122/1237/2122
f 2123/1236/2118 2126/1240/2123 2127/1239/2124 2124/1235/2119
f 2124/1235/2119 2127/1239/2124 2128/1241/2125 2125/1238/2121
f 2024/1162/2069 2065/1192/2091 2120/1233/2117 2052/1160/2067
f 2052/1160/2067 2120/1233/2117 2121/1234/2120 2051/1159/2066
f 2051/1159/2066 2121/1234/2120 2122/1237/2122 2050/1158/2064
f 2050/1158/2064 2122/1237/2122 2070/1230/2114 2023/1157/2065
f 2122/1237/2122 2125/1238/2121 2069/1232/2116 2070/1230/2114
f 2125/1238/2121 2128/1241/2125 2068/1231/2115 2069/1232/2116
f 2128/1241/2125 2061/1220/2107 2025/1218/2106 2068/1231/2115
f 2127/1239/2124 2062/1223/2110 2061/1220/2107 2128/1241/2125
f 2126/1240/2123 2063/1222/2109 2062/1223/2110 2127/1239/2124
f 2067/1194/2093 2026/1195/2095 2063/1222/2109 2126/1240/2123
f 2066/1193/2092 2067/1194/2093 2126/1240/2123 2123/1236/2118
f 2065/1192/2091 2066/1193/2092 2123/1236/2118 2120/1233/2117
f 2076/133/1252 2074/1112/2026 1254/132/1250
f 2076/133/1252 1242/119/1238 1243/120/1240 1255/134/1254
f 2074/1106/2026 2029/1101/2024 2030/1102/2025
f 1999/1041/1988 1998/1042/1987 1656/646/1674 1655/647/1675
f 1548/337/1415 1831/737/1748 1832/730/1740 1547/336/1414
