# Blender 4.1.1
# www.blender.org
mtllib heart.mtl
o Heart
v 0.000225 -20.330446 -0.007297
v -0.000820 9.727253 0.063615
v 0.636269 -20.036652 -0.007306
v 0.633976 -20.014065 -0.142158
v 0.627117 -19.956226 -0.276039
v 0.615742 -19.879452 -0.407984
v 0.599934 -19.794346 -0.537042
v 0.579803 -19.706532 -0.662284
v 0.555496 -19.619137 -0.782807
v 0.527187 -19.534111 -0.897742
v 0.495083 -19.452818 -1.006262
v 0.459415 -19.376289 -1.107584
v 0.420437 -19.305359 -1.200978
v 0.378429 -19.240717 -1.285772
v 0.333698 -19.182949 -1.361355
v 0.286568 -19.132545 -1.427182
v 0.237370 -19.089926 -1.482778
v 0.186462 -19.055426 -1.527743
v 0.134216 -19.029318 -1.561754
v 0.081005 -19.011801 -1.584565
v 0.027210 -19.003010 -1.596012
v -0.026779 -19.003010 -1.596012
v -0.080574 -19.011801 -1.584565
v -0.133785 -19.029318 -1.561754
v -0.186031 -19.055428 -1.527743
v -0.236938 -19.089928 -1.482777
v -0.286133 -19.132547 -1.427180
v -0.333267 -19.182951 -1.361354
v -0.377995 -19.240721 -1.285771
v -0.420002 -19.305363 -1.200976
v -0.458977 -19.376293 -1.107581
v -0.494648 -19.452822 -1.006259
v -0.526749 -19.534115 -0.897739
v -0.555058 -19.619141 -0.782804
v -0.579361 -19.706535 -0.662281
v -0.599491 -19.794350 -0.537039
v -0.615299 -19.879457 -0.407981
v -0.626675 -19.956230 -0.276035
v -0.633530 -20.014071 -0.142155
v -0.635822 -20.036657 -0.007303
v -0.633530 -20.014063 0.127547
v -0.626671 -19.956215 0.261425
v -0.615299 -19.879435 0.393366
v -0.599487 -19.794321 0.522419
v -0.579357 -19.706499 0.647656
v -0.555054 -19.619097 0.768174
v -0.526745 -19.534065 0.883105
v -0.494640 -19.452766 0.991620
v -0.458973 -19.376232 1.092938
v -0.419994 -19.305296 1.186329
v -0.377991 -19.240650 1.271119
v -0.333260 -19.182877 1.346699
v -0.286125 -19.132471 1.412522
v -0.236931 -19.089846 1.468116
v -0.186024 -19.055344 1.513080
v -0.133778 -19.029232 1.547089
v -0.080566 -19.011715 1.569899
v -0.026772 -19.002922 1.581345
v 0.027218 -19.002922 1.581345
v 0.081013 -19.011715 1.569899
v 0.134224 -19.029232 1.547089
v 0.186470 -19.055342 1.513079
v 0.237377 -19.089844 1.468115
v 0.286572 -19.132469 1.412521
v 0.333706 -19.182875 1.346697
v 0.378437 -19.240648 1.271117
v 0.420441 -19.305294 1.186327
v 0.459419 -19.376230 1.092936
v 0.495090 -19.452763 0.991618
v 0.527191 -19.534061 0.883102
v 0.555500 -19.619093 0.768172
v 0.579803 -19.706495 0.647654
v 0.599937 -19.794317 0.522416
v 0.615746 -19.879431 0.393363
v 0.627117 -19.956211 0.261422
v 0.633976 -20.014057 0.127544
v 1.267727 -19.637068 -0.007319
v 1.263161 -19.592108 -0.276050
v 1.249493 -19.477026 -0.542847
v 1.226826 -19.324394 -0.805787
v 1.195320 -19.155399 -1.062974
v 1.155205 -18.981293 -1.312555
v 1.106766 -18.808338 -1.552732
v 1.050354 -18.640429 -1.781775
v 0.986378 -18.480257 -1.998032
v 0.915295 -18.329840 -2.199946
v 0.837620 -18.190771 -2.386062
v 0.753910 -18.064346 -2.555039
v 0.664772 -17.951632 -2.705660
v 0.570847 -17.853512 -2.836839
v 0.472805 -17.770708 -2.947631
v 0.371361 -17.703798 -3.037238
v 0.267246 -17.653234 -3.105014
v 0.161201 -17.619347 -3.150471
v 0.054001 -17.602348 -3.173282
v -0.053589 -17.602348 -3.173282
v -0.160789 -17.619347 -3.150471
v -0.266830 -17.653236 -3.105013
v -0.370949 -17.703800 -3.037236
v -0.472389 -17.770712 -2.947629
v -0.570427 -17.853516 -2.836836
v -0.664352 -17.951637 -2.705657
v -0.753490 -18.064350 -2.555036
v -0.837200 -18.190777 -2.386058
v -0.914871 -18.329847 -2.199941
v -0.985950 -18.480265 -1.998027
v -1.049927 -18.640436 -1.781770
v -1.106335 -18.808346 -1.552727
v -1.154770 -18.981300 -1.312549
v -1.194885 -19.155407 -1.062968
v -1.226387 -19.324402 -0.805781
v -1.249054 -19.477034 -0.542841
v -1.262718 -19.592117 -0.276044
v -1.267284 -19.637075 -0.007313
v -1.262718 -19.592102 0.261416
v -1.249050 -19.477005 0.528207
v -1.226383 -19.324358 0.791138
v -1.194881 -19.155348 1.048316
v -1.154766 -18.981230 1.297887
v -1.106327 -18.808262 1.538055
v -1.049919 -18.640339 1.767088
v -0.985943 -18.480154 1.983336
v -0.914860 -18.329725 2.185242
v -0.837185 -18.190647 2.371351
v -0.753479 -18.064211 2.540321
v -0.664341 -17.951488 2.690936
v -0.570412 -17.853361 2.822109
v -0.472374 -17.770550 2.932897
v -0.370934 -17.703634 3.022500
v -0.266815 -17.653067 3.090274
v -0.160774 -17.619175 3.135729
v -0.053574 -17.602175 3.158539
v 0.054016 -17.602175 3.158538
v 0.161217 -17.619173 3.135728
v 0.267262 -17.653065 3.090272
v 0.371376 -17.703632 3.022498
v 0.472820 -17.770546 2.932894
v 0.570858 -17.853355 2.822106
v 0.664783 -17.951483 2.690932
v 0.753925 -18.064205 2.540317
v 0.837631 -18.190641 2.371347
v 0.915306 -18.329720 2.185238
v 0.986389 -18.480148 1.983332
v 1.050365 -18.640331 1.767083
v 1.106773 -18.808254 1.538049
v 1.155209 -18.981222 1.297882
v 1.195324 -19.155340 1.048310
v 1.226830 -19.324350 0.791132
v 1.249496 -19.476997 0.528201
v 1.263161 -19.592094 0.261410
v 1.890057 -19.134727 -0.007334
v 1.883247 -19.067822 -0.408009
v 1.862869 -18.896673 -0.805800
v 1.829071 -18.669983 -1.197839
v 1.782097 -18.419481 -1.581302
v 1.722282 -18.162060 -1.953424
v 1.650063 -17.907122 -2.311526
v 1.565956 -17.660479 -2.653024
v 1.470566 -17.426100 -2.975461
v 1.364582 -17.206886 -3.276513
v 1.248772 -17.005056 -3.554009
v 1.123962 -16.822340 -3.805952
v 0.991055 -16.660101 -4.030525
v 0.851013 -16.519405 -4.226111
v 0.704838 -16.401079 -4.391300
v 0.553585 -16.305754 -4.524903
v 0.398350 -16.233891 -4.625957
v 0.240242 -16.185814 -4.693733
v 0.080406 -16.161726 -4.727743
v -0.080009 -16.161726 -4.727743
v -0.239845 -16.185814 -4.693731
v -0.397949 -16.233894 -4.625955
v -0.553188 -16.305758 -4.524900
v -0.704437 -16.401085 -4.391297
v -0.850609 -16.519411 -4.226107
v -0.990654 -16.660107 -4.030520
v -1.123554 -16.822348 -3.805946
v -1.248363 -17.005066 -3.554003
v -1.364174 -17.206896 -3.276506
v -1.470154 -17.426109 -2.975454
v -1.565540 -17.660490 -2.653017
v -1.649643 -17.907131 -2.311517
v -1.721859 -18.162071 -1.953416
v -1.781670 -18.419495 -1.581293
v -1.828640 -18.669996 -1.197831
v -1.862434 -18.896687 -0.805791
v -1.882809 -19.067835 -0.408000
v -1.889614 -19.134741 -0.007325
v -1.882805 -19.067812 0.393346
v -1.862431 -18.896643 0.791128
v -1.828636 -18.669931 1.183155
v -1.781662 -18.419407 1.566604
v -1.721851 -18.161964 1.938712
v -1.649632 -17.907005 2.296798
v -1.565525 -17.660343 2.638284
v -1.470139 -17.425947 2.960708
v -1.364159 -17.206717 3.261747
v -1.248344 -17.004869 3.539232
v -1.123539 -16.822140 3.791165
v -0.990635 -16.659885 4.015729
v -0.850590 -16.519178 4.211308
v -0.704414 -16.400843 4.376491
v -0.553165 -16.305510 4.510088
v -0.397926 -16.233639 4.611138
v -0.239822 -16.185556 4.678912
v -0.079987 -16.161467 4.712921
v 0.080429 -16.161465 4.712920
v 0.240265 -16.185555 4.678911
v 0.398369 -16.233637 4.611136
v 0.553608 -16.305506 4.510086
v 0.704861 -16.400839 4.376488
v 0.851032 -16.519173 4.211304
v 0.991077 -16.659880 4.015725
v 1.123981 -16.822132 3.791160
v 1.248787 -17.004862 3.539226
v 1.364601 -17.206707 3.261740
v 1.470581 -17.425936 2.960701
v 1.565968 -17.660334 2.638277
v 1.650074 -17.906994 2.296791
v 1.722294 -18.161953 1.938703
v 1.782104 -18.419395 1.566595
v 1.829079 -18.669918 1.183146
v 1.862873 -18.896629 0.791119
v 1.883247 -19.067799 0.393337
v 2.498768 -18.533388 -0.007352
v 2.489765 -18.445160 -0.537084
v 2.462822 -18.219673 -1.063003
v 2.418140 -17.921551 -1.581318
v 2.356033 -17.592995 -2.088293
v 2.276955 -17.256542 -2.580275
v 2.181473 -16.924734 -3.053720
v 2.070274 -16.605276 -3.505215
v 1.944160 -16.303320 -3.931508
v 1.804043 -16.022507 -4.329526
v 1.650925 -15.765486 -4.696404
v 1.485916 -15.534187 -5.029497
v 1.310200 -15.330000 -5.326405
v 1.125050 -15.153902 -5.584989
v 0.931793 -15.006546 -5.803385
v 0.731823 -14.888350 -5.980021
v 0.526585 -14.799562 -6.113623
v 0.317551 -14.740320 -6.203230
v 0.106232 -14.710688 -6.248195
v -0.105850 -14.710688 -6.248194
v -0.317169 -14.740322 -6.203228
v -0.526203 -14.799566 -6.113621
v -0.731441 -14.888355 -5.980017
v -0.931408 -15.006552 -5.803380
v -1.124664 -15.153910 -5.584983
v -1.309814 -15.330009 -5.326398
v -1.485523 -15.534197 -5.029490
v -1.650532 -15.765497 -4.696396
v -1.803642 -16.022518 -4.329518
v -1.943760 -16.303333 -3.931498
v -2.069870 -16.605291 -3.505205
v -2.181065 -16.924749 -3.053709
v -2.276543 -17.256557 -2.580264
v -2.355614 -17.593012 -2.088281
v -2.417717 -17.921566 -1.581306
v -2.462395 -18.219688 -1.062991
v -2.489330 -18.445177 -0.537072
v -2.498329 -18.533405 -0.007340
v -2.489330 -18.445147 0.522387
v -2.462391 -18.219631 1.048293
v -2.417709 -17.921480 1.566591
v -2.355606 -17.592897 2.073549
v -2.276527 -17.256416 2.565512
v -2.181049 -16.924582 3.038938
v -2.069851 -16.605099 3.490416
v -1.943741 -16.303116 3.916692
v -1.803623 -16.022282 4.314696
v -1.650509 -15.765240 4.681559
v -1.485500 -15.533920 5.014639
v -1.309788 -15.329718 5.311536
v -1.124638 -15.153603 5.570109
v -0.931381 -15.006233 5.788498
v -0.731411 -14.888027 5.965127
v -0.526173 -14.799231 6.098725
v -0.317139 -14.739981 6.188328
v -0.105820 -14.710344 6.233292
v 0.106262 -14.710342 6.233291
v 0.317581 -14.739979 6.188327
v 0.526611 -14.799227 6.098722
v 0.731853 -14.888021 5.965124
v 0.931820 -15.006227 5.788494
v 1.125076 -15.153595 5.570104
v 1.310226 -15.329708 5.311529
v 1.485939 -15.533911 5.014632
v 1.650948 -15.765228 4.681551
v 1.804062 -16.022268 4.314688
v 1.944180 -16.303102 3.916683
v 2.070290 -16.605083 3.490406
v 2.181488 -16.924566 3.038928
v 2.276970 -17.256399 2.565501
v 2.356045 -17.592880 2.073537
v 2.418148 -17.921463 1.566579
v 2.462830 -18.219614 1.048281
v 2.489765 -18.445129 0.522374
v 3.089474 -17.837488 -0.007373
v 3.078342 -17.728748 -0.662345
v 3.045033 -17.451153 -1.312602
v 2.989788 -17.084963 -1.953457
v 2.912998 -16.682741 -2.580292
v 2.815224 -16.272650 -3.188590
v 2.697166 -15.870367 -3.773967
v 2.559677 -15.485432 -4.332205
v 2.403748 -15.124063 -4.859282
v 2.230503 -14.790466 -5.351401
v 2.041187 -14.487478 -5.805016
v 1.837166 -14.216944 -6.216859
v 1.619907 -13.979962 -6.583961
v 1.390980 -13.777087 -6.903680
v 1.152035 -13.608478 -7.173709
v 0.904789 -13.474038 -7.392106
v 0.651024 -13.373546 -7.557294
v 0.392574 -13.306739 -7.668086
v 0.131294 -13.273396 -7.723681
v -0.130932 -13.273396 -7.723680
v -0.392208 -13.306741 -7.668084
v -0.650661 -13.373551 -7.557291
v -0.904423 -13.474046 -7.392101
v -1.151669 -13.608485 -7.173704
v -1.390610 -13.777097 -6.903673
v -1.619534 -13.979974 -6.583954
v -1.836788 -14.216955 -6.216850
v -2.040806 -14.487494 -5.805007
v -2.230118 -14.790482 -5.351390
v -2.403358 -15.124079 -4.859271
v -2.559284 -15.485449 -4.332192
v -2.696766 -15.870386 -3.773953
v -2.814819 -16.272669 -3.188576
v -2.912586 -16.682760 -2.580278
v -2.989368 -17.084982 -1.953443
v -3.044613 -17.451172 -1.312587
v -3.077915 -17.728769 -0.662330
v -3.089043 -17.837509 -0.007358
v -3.077915 -17.728733 0.647608
v -3.044605 -17.451101 1.297850
v -2.989361 -17.084875 1.938685
v -2.912575 -16.682619 2.565498
v -2.814804 -16.272493 3.173773
v -2.696751 -15.870178 3.759127
v -2.559261 -15.485210 4.317344
v -2.403336 -15.123812 4.844402
v -2.230091 -14.790188 5.336503
v -2.040775 -14.487173 5.790101
v -1.836758 -14.216614 6.201929
v -1.619503 -13.979609 6.569018
v -1.390579 -13.776715 6.888725
v -1.151630 -13.608088 7.158745
v -0.904388 -13.473638 7.377134
v -0.650623 -13.373134 7.542317
v -0.392174 -13.306317 7.653105
v -0.130894 -13.272971 7.708699
v 0.131332 -13.272969 7.708698
v 0.392609 -13.306315 7.653103
v 0.651062 -13.373130 7.542314
v 0.904823 -13.473630 7.377130
v 1.152069 -13.608081 7.158740
v 1.391014 -13.776706 6.888718
v 1.619938 -13.979600 6.569010
v 1.837196 -14.216602 6.201920
v 2.041214 -14.487160 5.790091
v 2.230526 -14.790173 5.336492
v 2.403770 -15.123796 4.844390
v 2.559700 -15.485193 4.317332
v 2.697186 -15.870159 3.759114
v 2.815239 -16.272474 3.173759
v 2.913010 -16.682598 2.565484
v 2.989796 -17.084854 1.938671
v 3.045040 -17.451080 1.297835
v 3.078346 -17.728712 0.647593
v 3.657925 -17.052111 -0.007396
v 3.644745 -16.923838 -0.782889
v 3.605309 -16.596813 -1.552799
v 3.539894 -16.166553 -2.311578
v 3.448975 -15.695818 -3.053756
v 3.333210 -15.218351 -3.773986
v 3.193428 -14.752937 -4.467077
v 3.030640 -14.310869 -5.128036
v 2.846020 -13.899300 -5.752100
v 2.640892 -13.522782 -6.334774
v 2.416740 -13.184073 -6.871858
v 2.175179 -12.884614 -7.359482
v 1.917942 -12.624875 -7.794135
v 1.646893 -12.404634 -8.172683
v 1.363976 -12.223216 -8.492401
v 1.071236 -12.079705 -8.750983
v 0.770779 -11.973134 -8.946568
v 0.464767 -11.902635 -9.077745
v 0.155411 -11.867557 -9.143571
v -0.155064 -11.867558 -9.143571
v -0.464420 -11.902638 -9.077744
v -0.770432 -11.973140 -8.946564
v -1.070889 -12.079713 -8.750978
v -1.363625 -12.223224 -8.492394
v -1.646538 -12.404645 -8.172675
v -1.917587 -12.624887 -7.794126
v -2.174816 -12.884627 -7.359472
v -2.416374 -13.184089 -6.871846
v -2.640522 -13.522799 -6.334761
v -2.845642 -13.899319 -5.752087
v -3.030258 -14.310890 -5.128022
v -3.193039 -14.752958 -4.467062
v -3.332813 -15.218374 -3.773970
v -3.448574 -15.695841 -3.053740
v -3.539486 -16.166578 -2.311561
v -3.604893 -16.596838 -1.552782
v -3.644325 -16.923862 -0.782871
v -3.657497 -17.052135 -0.007378
v -3.644321 -16.923820 0.768107
v -3.604885 -16.596752 1.538000
v -3.539474 -16.166451 2.296755
v -3.448559 -15.695673 3.038908
v -3.332794 -15.218168 3.759111
v -3.193020 -14.752714 4.452177
v -3.030235 -14.310608 5.113111
v -2.845615 -13.899002 5.737153
v -2.640491 -13.522450 6.319805
v -2.416340 -13.183709 6.856870
v -2.174782 -12.884221 7.344479
v -1.917549 -12.624457 7.779117
v -1.646500 -12.404193 8.157653
v -1.363583 -12.222756 8.477361
v -1.070843 -12.079230 8.735935
v -0.770386 -11.972646 8.931514
v -0.464378 -11.902137 9.062688
v -0.155022 -11.867053 9.128511
v 0.155457 -11.867053 9.128510
v 0.464813 -11.902133 9.062686
v 0.770821 -11.972640 8.931510
v 1.071278 -12.079223 8.735929
v 1.364017 -12.222747 8.477354
v 1.646931 -12.404181 8.157645
v 1.917980 -12.624444 7.779107
v 2.175213 -12.884206 7.344468
v 2.416775 -13.183692 6.856858
v 2.640923 -13.522431 6.319792
v 2.846046 -13.898983 5.737139
v 3.030666 -14.310587 5.113096
v 3.193451 -14.752691 4.452161
v 3.333229 -15.218145 3.759095
v 3.448990 -15.695650 3.038891
v 3.539906 -16.166428 2.296738
v 3.605316 -16.596727 1.537982
v 3.644749 -16.923796 0.768090
v 4.200020 -16.182940 -0.007421
v 4.184887 -16.036266 -0.897848
v 4.139603 -15.662874 -1.781864
v 4.064495 -15.173061 -2.653099
v 3.960102 -14.639544 -3.505274
v 3.827179 -14.101564 -4.332246
v 3.666683 -13.580950 -5.128058
v 3.479771 -13.090656 -5.886975
v 3.267784 -12.638600 -6.603529
v 3.032257 -12.229457 -7.272558
v 2.774883 -11.865621 -7.889241
v 2.497520 -11.547812 -8.449135
v 2.202164 -11.275529 -8.948205
v 1.890942 -11.047433 -9.382856
v 1.566093 -10.861690 -9.749957
v 1.229965 -10.716271 -10.046864
v 0.884979 -10.609223 -10.271435
v 0.533615 -10.538875 -10.422053
v 0.178410 -10.504018 -10.497635
v -0.178082 -10.504020 -10.497634
v -0.533287 -10.538878 -10.422050
v -0.884647 -10.609229 -10.271430
v -1.229633 -10.716281 -10.046857
v -1.565758 -10.861701 -9.749950
v -1.890602 -11.047444 -9.382847
v -2.201820 -11.275544 -8.948195
v -2.497173 -11.547830 -8.449122
v -2.774532 -11.865640 -7.889228
v -3.031898 -12.229478 -7.272543
v -3.267422 -12.638621 -6.603514
v -3.479397 -13.090679 -5.886958
v -3.666306 -13.580976 -5.128040
v -3.826794 -14.101589 -4.332228
v -3.959709 -14.639570 -3.505254
v -4.064095 -15.173090 -2.653080
v -4.139198 -15.662901 -1.781844
v -4.184475 -16.036295 -0.897827
v -4.199600 -16.182968 -0.007401
v -4.184471 -16.036247 0.883017
v -4.139187 -15.662804 1.767013
v -4.064083 -15.172945 2.638222
v -3.959694 -14.639378 3.490366
v -3.826775 -14.101353 4.317309
v -3.666279 -13.580694 5.113092
v -3.479370 -13.090357 5.871983
v -3.267387 -12.638257 6.588512
v -3.031864 -12.229075 7.257518
v -2.774494 -11.865205 7.874181
v -2.497131 -11.547362 8.434057
v -2.201775 -11.275050 8.933112
v -1.890556 -11.046927 9.367751
v -1.565712 -10.861161 9.734842
v -1.229584 -10.715726 10.031740
v -0.884598 -10.608663 10.256306
v -0.533234 -10.538302 10.406920
v -0.178028 -10.503440 10.482500
v 0.178459 -10.503438 10.482499
v 0.533669 -10.538301 10.406918
v 0.885029 -10.608657 10.256301
v 1.230015 -10.715718 10.031734
v 1.566143 -10.861152 9.734835
v 1.890987 -11.046914 9.367743
v 2.202206 -11.275035 8.933102
v 2.497562 -11.547345 8.434045
v 2.774921 -11.865186 7.874167
v 3.032291 -12.229054 7.257504
v 3.267818 -12.638236 6.588496
v 3.479797 -13.090332 5.871966
v 3.666706 -13.580669 5.113075
v 3.827202 -14.101326 4.317291
v 3.960121 -14.639351 3.490347
v 4.064507 -15.172916 2.638202
v 4.139614 -15.662777 1.766993
v 4.184891 -16.036219 0.882997
v 4.711857 -15.236225 -0.007449
v 4.694881 -15.072407 -1.006393
v 4.644077 -14.656027 -1.998146
v 4.559814 -14.111568 -2.975560
v 4.442699 -13.521381 -3.931591
v 4.293575 -12.930075 -4.859347
v 4.113522 -12.362423 -5.752146
v 3.903828 -11.832917 -6.603553
v 3.666008 -11.350059 -7.407435
v 3.401775 -10.918420 -8.157999
v 3.113037 -10.539756 -8.849837
v 2.801868 -10.213759 -9.477965
v 2.470516 -9.938647 -10.037857
v 2.121365 -9.711659 -10.525479
v 1.756931 -9.529523 -10.937319
v 1.379837 -9.388854 -11.270409
v 0.992805 -9.286500 -11.522348
v 0.598621 -9.219838 -11.691323
v 0.200127 -9.186997 -11.776115
v -0.199810 -9.186997 -11.776114
v -0.598305 -9.219844 -11.691320
v -0.992489 -9.286508 -11.522344
v -1.379520 -9.388864 -11.270402
v -1.756607 -9.529536 -10.937311
v -2.121040 -9.711673 -10.525469
v -2.470188 -9.938663 -10.037845
v -2.801537 -10.213778 -9.477951
v -3.112698 -10.539777 -8.849822
v -3.401432 -10.918443 -8.157982
v -3.665657 -11.350083 -7.407417
v -3.903469 -11.832942 -6.603534
v -4.113155 -12.362452 -5.752126
v -4.293201 -12.930103 -4.859326
v -4.442318 -13.521410 -3.931569
v -4.559422 -14.111601 -2.975538
v -4.643677 -14.656059 -1.998124
v -4.694473 -15.072439 -1.006370
v -4.711445 -15.236258 -0.007426
v -4.694469 -15.072384 0.991509
v -4.643669 -14.655949 1.983240
v -4.559410 -14.111437 2.960624
v -4.442299 -13.521194 3.916621
v -4.293179 -12.929836 4.844346
v -4.113125 -12.362135 5.737113
v -3.903435 -11.832578 6.588492
v -3.665619 -11.349675 7.392347
v -3.401394 -10.917993 8.142886
v -3.112656 -10.539289 8.834704
v -2.801491 -10.213256 9.462814
v -2.470139 -9.938109 10.022692
v -2.120991 -9.711093 10.510302
v -1.756554 -9.528932 10.922131
v -1.379463 -9.388242 11.255213
v -0.992432 -9.285871 11.507147
v -0.598248 -9.219197 11.676118
v -0.199753 -9.186349 11.760908
v 0.200184 -9.186347 11.760907
v 0.598679 -9.219193 11.676115
v 0.992863 -9.285865 11.507142
v 1.379894 -9.388232 11.255206
v 1.756985 -9.528920 10.922122
v 2.121414 -9.711078 10.510291
v 2.470566 -9.938092 10.022679
v 2.801914 -10.213237 9.462801
v 3.113079 -10.539268 8.834689
v 3.401817 -10.917970 8.142870
v 3.666042 -11.349650 7.392329
v 3.903858 -11.832551 6.588472
v 4.113548 -12.362106 5.737093
v 4.293602 -12.929808 4.844325
v 4.442719 -13.521164 3.916600
v 4.559830 -14.111406 2.960602
v 4.644085 -14.655916 1.983217
v 4.694885 -15.072353 0.991486
v 5.189743 -14.218731 -0.007478
v 5.171047 -14.039131 -1.107743
v 5.115089 -13.583389 -2.200087
v 5.022282 -12.989458 -3.276638
v 4.893288 -12.348906 -4.329636
v 4.729038 -11.711514 -5.351492
v 4.530720 -11.104867 -6.334845
v 4.299759 -10.544843 -7.272608
v 4.037819 -10.040353 -8.158025
v 3.746788 -9.595637 -8.984715
v 3.428761 -9.211564 -9.746724
v 3.086033 -8.886539 -10.438560
v 2.721073 -8.617230 -11.055241
v 2.336506 -8.399222 -11.592320
v 1.935108 -8.227584 -12.045931
v 1.519768 -8.097388 -12.412805
v 1.093479 -8.004148 -12.690298
v 0.659313 -7.944179 -12.876410
v 0.220402 -7.914870 -12.969803
v -0.220100 -7.914872 -12.969802
v -0.659012 -7.944182 -12.876408
v -1.093178 -8.004155 -12.690292
v -1.519463 -8.097398 -12.412797
v -1.934799 -8.227597 -12.045922
v -2.336197 -8.399238 -11.592309
v -2.720757 -8.617248 -11.055227
v -3.085712 -8.886559 -10.438546
v -3.428436 -9.211589 -9.746707
v -3.746456 -9.595664 -8.984697
v -4.037479 -10.040381 -8.158005
v -4.299412 -10.544871 -7.272587
v -4.530365 -11.104897 -6.334823
v -4.728676 -11.711546 -5.351469
v -4.892914 -12.348940 -4.329612
v -5.021900 -12.989492 -3.276613
v -5.114700 -13.583424 -2.200063
v -5.170647 -14.039165 -1.107717
v -5.189339 -14.218767 -0.007453
v -5.170643 -14.039104 1.092802
v -5.114689 -13.583303 2.185122
v -5.021885 -12.989313 3.261640
v -4.892895 -12.348701 4.314602
v -4.728649 -11.711250 5.336424
v -4.530334 -11.104548 6.319743
v -4.299377 -10.544471 7.257475
v -4.037441 -10.039931 8.142864
v -3.746410 -9.595168 8.969530
v -3.428391 -9.211051 9.731518
v -3.085663 -8.885983 10.423337
v -2.720703 -8.616639 11.040002
v -2.336140 -8.398599 11.577070
v -1.934742 -8.226932 12.030671
v -1.519402 -8.096713 12.397537
v -1.093117 -8.003455 12.675025
v -0.658951 -7.943473 12.861135
v -0.220036 -7.914157 12.954526
v 0.220463 -7.914155 12.954525
v 0.659378 -7.943469 12.861132
v 1.093540 -8.003448 12.675020
v 1.519829 -8.096704 12.397530
v 1.935165 -8.226918 12.030662
v 2.336563 -8.398582 11.577059
v 2.721127 -8.616620 11.039989
v 3.086082 -8.885962 10.423322
v 3.428810 -9.211026 9.731502
v 3.746830 -9.595141 8.969512
v 4.037857 -10.039903 8.142844
v 4.299793 -10.544440 7.257454
v 4.530750 -11.104516 6.319721
v 4.729065 -11.711220 5.336401
v 4.893311 -12.348667 4.314579
v 5.022297 -12.989279 3.261615
v 5.115101 -13.583267 2.185097
v 5.171051 -14.039070 1.092777
v 5.630241 -13.137691 -0.007509
v 5.609955 -12.943756 -1.201167
v 5.549252 -12.452461 -2.386232
v 5.448563 -11.814379 -3.554163
v 5.308620 -11.129786 -4.696541
v 5.130432 -10.453362 -5.805135
v 4.915279 -9.815335 -6.871956
v 4.664711 -9.232806 -7.889318
v 4.380539 -8.714917 -8.849891
v 4.064804 -8.265378 -9.746752
v 3.719784 -7.883964 -10.573441
v 3.347961 -7.567590 -11.324001
v 2.952023 -7.311189 -11.993025
v 2.534813 -7.108518 -12.575693
v 2.099346 -6.952859 -13.067806
v 1.648750 -6.837628 -13.465820
v 1.186279 -6.756932 -13.766867
v 0.715260 -6.705964 -13.968778
v 0.239090 -6.681355 -14.070097
v -0.238804 -6.681355 -14.070095
v -0.714973 -6.705972 -13.968774
v -1.185989 -6.756940 -13.766861
v -1.648460 -6.837640 -13.465813
v -2.099052 -6.952870 -13.067797
v -2.534519 -7.108537 -12.575681
v -2.951721 -7.311208 -11.993011
v -3.347656 -7.567613 -11.323985
v -3.719471 -7.883990 -10.573422
v -4.064484 -8.265405 -9.746732
v -4.380211 -8.714948 -8.849869
v -4.664375 -9.232839 -7.889296
v -4.914936 -9.815368 -6.871932
v -5.130077 -10.453396 -5.805110
v -5.308258 -11.129820 -4.696515
v -5.448193 -11.814417 -3.554136
v -5.548866 -12.452497 -2.386205
v -5.609566 -12.943794 -1.201139
v -5.629841 -13.137730 -0.007481
v -5.609558 -12.943727 1.186166
v -5.548855 -12.452368 2.371204
v -5.448174 -11.814220 3.539099
v -5.308235 -11.129562 4.681440
v -5.130051 -10.453077 5.789997
v -4.914902 -9.814988 6.856783
v -4.664337 -9.232402 7.874113
v -4.380169 -8.714458 8.834657
v -4.064438 -8.264867 9.731494
v -3.719418 -7.883407 10.558162
v -3.347603 -7.566985 11.308704
v -2.951664 -7.310546 11.977715
v -2.534458 -7.107841 12.560371
v -2.098988 -6.952151 13.052476
v -1.648396 -6.836898 13.450483
v -1.185921 -6.756179 13.751526
v -0.714905 -6.705199 13.953433
v -0.238735 -6.680579 14.054751
v 0.239159 -6.680579 14.054750
v 0.715328 -6.705195 13.953430
v 1.186344 -6.756171 13.751520
v 1.648815 -6.836886 13.450476
v 2.099407 -6.952136 13.052466
v 2.534874 -7.107825 12.560359
v 2.952080 -7.310527 11.977700
v 3.348019 -7.566962 11.308688
v 3.719833 -7.883380 10.558144
v 4.064850 -8.264840 9.731474
v 4.380581 -8.714429 8.834636
v 4.664749 -9.232371 7.874090
v 4.915310 -9.814956 6.856760
v 5.130459 -10.453043 5.789972
v 5.308643 -11.129526 4.681415
v 5.448582 -11.814184 3.539073
v 5.549263 -12.452330 2.371177
v 5.609962 -12.943689 1.186138
v 6.030174 -12.000771 -0.007541
v 6.008446 -11.794008 -1.285992
v 5.943428 -11.271088 -2.555239
v 5.835590 -10.594223 -3.806135
v 5.685707 -9.871771 -5.029663
v 5.494858 -9.162985 -6.217007
v 5.264423 -8.500516 -7.359611
v 4.996056 -7.902522 -8.449241
v 4.691696 -7.378205 -9.478047
v 4.353535 -6.930589 -10.438618
v 3.984005 -6.558213 -11.324030
v 3.585773 -6.256364 -12.127908
v 3.161705 -6.018144 -12.844456
v 2.714859 -5.835393 -13.468513
v 2.248455 -5.699548 -13.995584
v 1.765854 -5.602365 -14.421869
v 1.270531 -5.536511 -14.744301
v 0.766052 -5.496076 -14.960554
v 0.256058 -5.476926 -15.069071
v -0.255783 -5.476926 -15.069069
v -0.765778 -5.496083 -14.960550
v -1.270252 -5.536519 -14.744295
v -1.765575 -5.602376 -14.421861
v -2.248177 -5.699563 -13.995572
v -2.714577 -5.835408 -13.468499
v -3.161419 -6.018163 -12.844440
v -3.585480 -6.256391 -12.127890
v -3.983704 -6.558240 -11.324011
v -4.353226 -6.930619 -10.438597
v -4.691383 -7.378236 -9.478024
v -4.995735 -7.902556 -8.449217
v -5.264091 -8.500552 -7.359585
v -5.494518 -9.163021 -6.216980
v -5.685356 -9.871809 -5.029635
v -5.835228 -10.594263 -3.806107
v -5.943054 -11.271130 -2.555210
v -6.008064 -11.794050 -1.285962
v -6.029781 -12.000811 -0.007512
v -6.008057 -11.793980 1.270927
v -5.943043 -11.270988 2.540146
v -5.835209 -10.594053 3.791005
v -5.685329 -9.871532 5.014493
v -5.494488 -9.162680 6.201798
v -5.264053 -8.500146 7.344365
v -4.995693 -7.902090 8.433963
v -4.691338 -7.377712 9.462741
v -4.353176 -6.930045 10.423286
v -3.983650 -6.557616 11.308679
v -3.585419 -6.255721 12.112537
v -3.161354 -6.017455 12.829072
v -2.714512 -5.834666 13.453119
v -2.248108 -5.698791 13.980182
v -1.765507 -5.601581 14.406463
v -1.270184 -5.535705 14.728890
v -0.765705 -5.495257 14.945141
v -0.255711 -5.476096 15.053658
v 0.256130 -5.476096 15.053656
v 0.766125 -5.495254 14.945138
v 1.270599 -5.535697 14.728885
v 1.765923 -5.601569 14.406455
v 2.248524 -5.698775 13.980171
v 2.714928 -5.834647 13.453106
v 3.161770 -6.017432 12.829057
v 3.585831 -6.255698 12.112519
v 3.984058 -6.557590 11.308659
v 4.353584 -6.930015 10.423265
v 4.691742 -7.377681 9.462718
v 4.996098 -7.902055 8.433939
v 5.264458 -8.500110 7.344339
v 5.494888 -9.162643 6.201771
v 5.685730 -9.871494 5.014466
v 5.835609 -10.594015 3.790976
v 5.943443 -11.270948 2.540117
v 6.008453 -11.793938 1.270898
v 6.386662 -10.816008 -0.007575
v 6.363647 -10.597977 -1.361607
v 6.294788 -10.047426 -2.705892
v 6.180573 -9.337103 -4.030740
v 6.021828 -8.582720 -5.326602
v 5.819698 -7.847699 -6.584141
v 5.575638 -7.166867 -7.794294
v 5.291405 -6.559262 -8.948342
v 4.969051 -6.034017 -10.037971
v 4.610897 -5.593362 -11.055329
v 4.219521 -5.234509 -11.993086
v 3.797745 -4.951081 -12.844486
v 3.348610 -4.734319 -13.603395
v 2.875347 -4.574166 -14.264346
v 2.381371 -4.460256 -14.822576
v 1.870235 -4.382710 -15.274063
v 1.345627 -4.332833 -15.615556
v 0.811325 -4.303655 -15.844594
v 0.271179 -4.290315 -15.959525
v -0.270920 -4.290315 -15.959523
v -0.811066 -4.303663 -15.844590
v -1.345364 -4.332845 -15.615549
v -1.869972 -4.382722 -15.274055
v -2.381104 -4.460275 -14.822564
v -2.875076 -4.574185 -14.264332
v -3.348335 -4.734342 -13.603379
v -3.797466 -4.951108 -12.844468
v -4.219234 -5.234540 -11.993066
v -4.610603 -5.593392 -11.055306
v -4.968750 -6.034051 -10.037948
v -5.291096 -6.559300 -8.948317
v -5.575317 -7.166905 -7.794267
v -5.819366 -7.847737 -6.584113
v -6.021484 -8.582762 -5.326573
v -6.180218 -9.337145 -4.030710
v -6.294422 -10.047470 -2.705861
v -6.363274 -10.598019 -1.361576
v -6.386276 -10.816051 -0.007544
v -6.363266 -10.597944 1.346476
v -6.294411 -10.047321 2.690731
v -6.180199 -9.336924 4.015540
v -6.021461 -8.582468 5.311361
v -5.819336 -7.847375 6.568859
v -5.575279 -7.166477 7.778975
v -5.291054 -6.558807 8.932990
v -4.968700 -6.033496 10.022589
v -4.610550 -5.592784 11.039923
v -4.219177 -5.233878 11.977659
v -3.797401 -4.950400 12.829044
v -3.348267 -4.733588 13.587941
v -2.875008 -4.573401 14.248882
v -2.381031 -4.459456 14.807106
v -1.869896 -4.381881 15.258590
v -1.345287 -4.331981 15.600080
v -0.810986 -4.302786 15.829115
v -0.270840 -4.289435 15.944047
v 0.271259 -4.289435 15.944045
v 0.811405 -4.302783 15.829111
v 1.345703 -4.331973 15.600073
v 1.870312 -4.381869 15.258580
v 2.381443 -4.459441 14.807095
v 2.875416 -4.573382 14.248869
v 3.348675 -4.733569 13.587925
v 3.797810 -4.950374 12.829025
v 4.219582 -5.233851 11.977639
v 4.610950 -5.592753 11.039900
v 4.969101 -6.033462 10.022565
v 5.291451 -6.558769 8.932964
v 5.575676 -7.166439 7.778948
v 5.819729 -7.847335 6.568831
v 6.021854 -8.582428 5.311332
v 6.180592 -9.336882 4.015510
v 6.294800 -10.047279 2.690700
v 6.363655 -10.597902 1.346445
v 6.697132 -9.591774 -0.007609
v 6.673000 -9.364061 -1.427467
v 6.600792 -8.789904 -2.837104
v 6.481026 -8.051340 -4.226358
v 6.314564 -7.270615 -5.585218
v 6.102608 -6.514840 -6.903892
v 5.846680 -5.820763 -8.172875
v 5.548634 -5.208119 -9.383027
v 5.210606 -4.685872 -10.525626
v 4.835041 -4.255406 -11.592442
v 4.424641 -3.912614 -12.575787
v 3.982361 -3.649480 -13.468575
v 3.511387 -3.455461 -14.264379
v 3.015118 -3.318704 -14.957459
v 2.497128 -3.227140 -15.542827
v 1.961143 -3.169385 -16.016264
v 1.411034 -3.135488 -16.374357
v 0.850758 -3.117509 -16.614529
v 0.284351 -3.109933 -16.735048
v -0.284103 -3.109937 -16.735046
v -0.850506 -3.117517 -16.614525
v -1.410782 -3.135499 -16.374350
v -1.960892 -3.169400 -16.016254
v -2.496872 -3.227159 -15.542814
v -3.014858 -3.318723 -14.957445
v -3.511124 -3.455484 -14.264361
v -3.982090 -3.649507 -13.468556
v -4.424362 -3.912644 -12.575765
v -4.834759 -4.255437 -11.592418
v -5.210316 -4.685906 -10.525601
v -5.548332 -5.208157 -9.383000
v -5.846371 -5.820801 -8.172847
v -6.102287 -6.514882 -6.903862
v -6.314232 -7.270657 -5.585188
v -6.480682 -8.051384 -4.226327
v -6.600437 -8.789948 -2.837071
v -6.672634 -9.364107 -1.427434
v -6.696758 -9.591820 -0.007577
v -6.672626 -9.364029 1.412268
v -6.600422 -8.789793 2.821873
v -6.480659 -8.051151 4.211088
v -6.314205 -7.270347 5.569905
v -6.102253 -6.514503 6.888536
v -5.846333 -5.820354 8.157481
v -5.548286 -5.207641 9.367599
v -5.210266 -4.685325 10.510170
v -4.834702 -4.254798 11.576962
v -4.424301 -3.911952 12.560287
v -3.982025 -3.648765 13.453062
v -3.511055 -3.454695 14.248854
v -3.014786 -3.317900 14.941927
v -2.496796 -3.226302 15.527289
v -1.960812 -3.168517 16.000721
v -1.410702 -3.134597 16.358812
v -0.850426 -3.116599 16.598984
v -0.284019 -3.109011 16.719501
v 0.284431 -3.109011 16.719501
v 0.850838 -3.116595 16.598980
v 1.411114 -3.134585 16.358807
v 1.961224 -3.168502 16.000711
v 2.497204 -3.226283 15.527277
v 3.015190 -3.317878 14.941913
v 3.511459 -3.454673 14.248837
v 3.982426 -3.648738 13.453043
v 4.424702 -3.911922 12.560266
v 4.835098 -4.254767 11.576938
v 5.210659 -4.685290 10.510144
v 5.548679 -5.207603 9.367572
v 5.846722 -5.820312 8.157453
v 6.102638 -6.514461 6.888506
v 6.314590 -7.270305 5.569874
v 6.481045 -8.051107 4.211056
v 6.600807 -8.789747 2.821841
v 6.673008 -9.363983 1.412236
v 6.959351 -8.336725 -0.007645
v 6.934277 -8.100935 -1.483098
v 6.859238 -7.507183 -2.947930
v 6.734783 -6.745450 -4.391582
v 6.561802 -5.943577 -5.803648
v 6.341545 -5.171864 -7.173954
v 6.075600 -4.468655 -8.492626
v 5.765881 -3.854241 -9.750161
v 5.414619 -3.337350 -10.937500
v 5.024349 -2.918538 -12.046086
v 4.597878 -2.592450 -13.067933
v 4.138279 -2.349557 -13.995680
v 3.648869 -2.177678 -14.822641
v 3.133167 -2.063348 -15.542860
v 2.594894 -1.992975 -16.151148
v 2.037922 -1.953843 -16.643122
v 1.466270 -1.934896 -17.015236
v 0.884056 -1.927358 -17.264811
v 0.295475 -1.925146 -17.390049
v -0.295235 -1.925146 -17.390047
v -0.883820 -1.927366 -17.264807
v -1.466034 -1.934907 -17.015228
v -2.037682 -1.953855 -16.643112
v -2.594650 -1.992990 -16.151136
v -3.132919 -2.063367 -15.542845
v -3.648617 -2.177701 -14.822624
v -4.138023 -2.349584 -13.995660
v -4.597614 -2.592484 -13.067911
v -5.024078 -2.918572 -12.046062
v -5.414341 -3.337388 -10.937473
v -5.765594 -3.854283 -9.750134
v -6.075302 -4.468693 -8.492597
v -6.341236 -5.171906 -7.173924
v -6.561481 -5.943623 -5.803617
v -6.734447 -6.745495 -4.391549
v -6.858894 -7.507229 -2.947896
v -6.933918 -8.100983 -1.483064
v -6.958984 -8.336771 -0.007611
v -6.933910 -8.100901 1.467829
v -6.858879 -7.507065 2.932629
v -6.734428 -6.745254 4.376239
v -6.561455 -5.943302 5.788262
v -6.341202 -5.171508 7.158525
v -6.075260 -4.468227 8.477158
v -5.765545 -3.853744 9.734659
v -5.414288 -3.336784 10.921968
v -5.024021 -2.917911 12.030532
v -4.597549 -2.591762 13.052361
v -4.137955 -2.348811 13.980095
v -3.648544 -2.176886 14.807047
v -3.132843 -2.062510 15.527259
v -2.594570 -1.992099 16.135542
v -2.037601 -1.952937 16.627512
v -1.465950 -1.933970 16.999626
v -0.883736 -1.926413 17.249201
v -0.295151 -1.924185 17.374439
v 0.295559 -1.924185 17.374437
v 0.884140 -1.926406 17.249197
v 1.466354 -1.933959 16.999619
v 2.038006 -1.952922 16.627502
v 2.594971 -1.992083 16.135529
v 3.133244 -2.062487 15.527244
v 3.648941 -2.176860 14.807029
v 4.138348 -2.348784 13.980074
v 4.597942 -2.591731 13.052339
v 5.024406 -2.917876 12.030507
v 5.414673 -3.336746 10.921942
v 5.765930 -3.853706 9.734631
v 6.075642 -4.468185 8.477128
v 6.341583 -5.171466 7.158494
v 6.561832 -5.943260 5.788230
v 6.734806 -6.745208 4.376206
v 6.859253 -7.507019 2.932595
v 6.934284 -8.100855 1.467796
v 7.171429 -7.059742 -0.007680
v 7.145592 -6.817490 -1.528098
v 7.068268 -6.208126 -3.037572
v 6.940018 -5.428128 -4.525219
v 6.761765 -4.609921 -5.980319
v 6.534798 -3.826401 -7.392385
v 6.260746 -3.117223 -8.751244
v 5.941589 -2.503083 -10.047102
v 5.579624 -1.992448 -11.270624
v 5.177460 -1.585130 -12.412994
v 4.737991 -1.274667 -13.465981
v 4.264385 -1.050214 -14.422001
v 3.760059 -0.898198 -15.274163
v 3.228642 -0.803762 -16.016331
v 2.673965 -0.752050 -16.643156
v 2.100021 -0.729223 -17.150122
v 1.510948 -0.723318 -17.533575
v 0.910992 -0.724859 -17.790756
v 0.304470 -0.727300 -17.919811
v -0.304241 -0.727304 -17.919809
v -0.910763 -0.724866 -17.790752
v -1.510719 -0.723329 -17.533569
v -2.099789 -0.729238 -17.150110
v -2.673729 -0.752069 -16.643143
v -3.228405 -0.803785 -16.016315
v -3.759819 -0.898221 -15.274145
v -4.264141 -1.050244 -14.421980
v -4.737736 -1.274701 -13.465959
v -5.177197 -1.585164 -12.412969
v -5.579353 -1.992486 -11.270597
v -5.941311 -2.503121 -10.047072
v -6.260460 -3.117265 -8.751213
v -6.534496 -3.826443 -7.392353
v -6.761456 -4.609967 -5.980286
v -6.939693 -5.428174 -4.525185
v -7.067928 -6.208176 -3.037537
v -7.145241 -6.817539 -1.528063
v -7.171070 -7.059792 -0.007645
v -7.145233 -6.817455 1.512759
v -7.067917 -6.208008 3.022199
v -6.939671 -5.427925 4.509804
v -6.761425 -4.609638 5.964859
v -6.534462 -3.826038 7.376882
v -6.260418 -3.116782 8.735700
v -5.941261 -2.502567 10.031525
v -5.579300 -1.991862 11.255018
v -5.177139 -1.584479 12.397367
v -4.737671 -1.273955 13.450337
v -4.264069 -1.049449 14.406343
v -3.759743 -0.897380 15.258498
v -3.228329 -0.802901 16.000660
v -2.673649 -0.751151 16.627480
v -2.099705 -0.728293 17.134445
v -1.510635 -0.722361 17.517899
v -0.910675 -0.723883 17.775080
v -0.304157 -0.726313 17.904135
v 0.304558 -0.726313 17.904133
v 0.911076 -0.723879 17.775076
v 1.511032 -0.722354 17.517891
v 2.100105 -0.728278 17.134434
v 2.674046 -0.751132 16.627468
v 3.228722 -0.802882 16.000645
v 3.760136 -0.897353 15.258480
v 4.264458 -1.049418 14.406323
v 4.738056 -1.273925 13.450315
v 5.177517 -1.584445 12.397341
v 5.579678 -1.991824 11.254992
v 5.941639 -2.502528 10.031495
v 6.260788 -3.116737 8.735669
v 6.534832 -3.825992 7.376850
v 6.761795 -4.609592 5.964826
v 6.940041 -5.427879 4.509770
v 7.068283 -6.207958 3.022165
v 7.145599 -6.817406 1.512724
v 7.331841 -5.769882 -0.007716
v 7.305420 -5.522785 -1.562145
v 7.226368 -4.901760 -3.105383
v 7.095249 -4.108235 -4.626307
v 6.913013 -3.278138 -6.113956
v 6.680965 -2.486351 -7.557610
v 6.400787 -1.773515 -8.946863
v 6.074490 -1.160607 -10.271708
v 5.704426 -0.655866 -11.522598
v 5.293266 -0.258477 -12.690522
v 4.843967 0.038909 -13.767064
v 4.359768 0.248183 -14.744468
v 3.844162 0.384028 -15.615692
v 3.300858 0.462382 -16.374460
v 2.733768 0.499095 -17.015306
v 2.146988 0.508868 -17.533611
v 1.544739 0.504366 -17.925644
v 0.931362 0.495593 -18.188578
v 0.311272 0.489447 -18.320518
v -0.311058 0.489447 -18.320517
v -0.931145 0.495585 -18.188572
v -1.544521 0.504355 -17.925636
v -2.146767 0.508853 -17.533602
v -2.733547 0.499076 -17.015293
v -3.300629 0.462359 -16.374445
v -3.843929 0.384001 -15.615673
v -4.359531 0.248153 -14.744446
v -4.843723 0.038875 -13.767040
v -5.293015 -0.258512 -12.690496
v -5.704166 -0.655904 -11.522571
v -6.074223 -1.160649 -10.271679
v -6.400509 -1.773556 -8.946832
v -6.680676 -2.486397 -7.557577
v -6.912708 -3.278183 -6.113923
v -7.094936 -4.108281 -4.626273
v -7.226040 -4.901810 -3.105348
v -7.305080 -5.522835 -1.562109
v -7.331490 -5.769932 -0.007680
v -7.305073 -5.522751 1.546734
v -7.226025 -4.901638 3.089939
v -7.094913 -4.108028 4.610820
v -6.912682 -3.277847 6.098423
v -6.680641 -2.485981 7.542031
v -6.400463 -1.773063 8.931246
v -6.074169 -1.160083 10.256057
v -5.704113 -0.655269 11.506920
v -5.292953 -0.257812 12.674821
v -4.843658 0.039636 13.751347
v -4.359463 0.248967 14.728739
v -3.843853 0.384866 15.599956
v -3.300549 0.463262 16.358719
v -2.733463 0.500017 16.999561
v -2.146683 0.509820 17.517866
v -1.544434 0.505342 17.909899
v -0.931053 0.496591 18.172832
v -0.310966 0.490457 18.304775
v 0.311363 0.490461 18.304773
v 0.931450 0.496595 18.172829
v 1.544827 0.505353 17.909891
v 2.147076 0.509836 17.517857
v 2.733852 0.500036 16.999548
v 3.300938 0.463285 16.358702
v 3.844238 0.384889 15.599937
v 4.359840 0.248994 14.728718
v 4.844032 0.039666 13.751323
v 5.293327 -0.257777 12.674795
v 5.704483 -0.655231 11.506892
v 6.074539 -1.160041 10.256027
v 6.400829 -1.773021 8.931215
v 6.681004 -2.485935 7.541999
v 6.913040 -3.277801 6.098389
v 7.095272 -4.107978 4.610785
v 7.226383 -4.901588 3.089903
v 7.305428 -5.522697 1.546698
v 7.439423 -4.476326 -0.007752
v 7.412617 -4.225998 -1.584991
v 7.332405 -3.597225 -3.150876
v 7.199364 -2.794766 -4.694119
v 7.014450 -1.956925 -6.203599
v 6.778999 -1.159924 -7.668436
v 6.494709 -0.445050 -9.078076
v 6.163624 0.166530 -10.422362
v 5.788128 0.666759 -11.691609
v 5.370934 1.056884 -12.876671
v 4.915043 1.344890 -13.969010
v 4.423740 1.543395 -14.960756
v 3.900566 1.667845 -15.844766
v 3.349289 1.734919 -16.614668
v 2.773880 1.761157 -17.264917
v 2.178490 1.761832 -17.790829
v 1.567402 1.750094 -18.188612
v 0.945023 1.736300 -18.455404
v 0.315834 1.727587 -18.589283
v -0.315628 1.727587 -18.589281
v -0.944813 1.736296 -18.455400
v -1.567192 1.750082 -18.188604
v -2.178276 1.761820 -17.790817
v -2.773666 1.761138 -17.264904
v -3.349072 1.734896 -16.614653
v -3.900345 1.667819 -15.844747
v -4.423515 1.543364 -14.960735
v -4.914810 1.344859 -13.968986
v -5.370693 1.056849 -12.876645
v -5.787880 0.666717 -11.691581
v -6.163364 0.166488 -10.422333
v -6.494438 -0.445092 -9.078045
v -6.778721 -1.159970 -7.668403
v -7.014156 -1.956975 -6.203565
v -7.199059 -2.794815 -4.694085
v -7.332088 -3.597275 -3.150841
v -7.412289 -4.226051 -1.584955
v -7.439083 -4.476376 -0.007716
v -7.412281 -4.225964 1.569509
v -7.332073 -3.597103 3.135359
v -7.199036 -2.794559 4.678558
v -7.014126 -1.956630 6.187992
v -6.778683 -1.159545 7.652785
v -6.494396 -0.444591 9.062387
v -6.163315 0.167062 10.406638
v -5.787823 0.667363 11.675858
v -5.370632 1.057557 12.860898
v -4.914742 1.345628 13.953221
v -4.423439 1.544191 14.944957
v -3.900269 1.668695 15.828959
v -3.348991 1.735814 16.598856
v -2.773582 1.762090 17.249104
v -2.178192 1.762800 17.775015
v -1.567104 1.751089 18.172800
v -0.944725 1.737314 18.439592
v -0.315536 1.728612 18.573471
v 0.315926 1.728612 18.573469
v 0.945110 1.737321 18.439589
v 1.567490 1.751096 18.172792
v 2.178574 1.762815 17.775003
v 2.773964 1.762109 17.249090
v 3.349369 1.735837 16.598839
v 3.900642 1.668721 15.828939
v 4.423813 1.544221 14.944935
v 4.915112 1.345662 13.953197
v 5.370998 1.057595 12.860871
v 5.788185 0.667401 11.675829
v 6.163673 0.167104 10.406609
v 6.494751 -0.444549 9.062354
v 6.779037 -1.159500 7.652752
v 7.014481 -1.956584 6.187958
v 7.199387 -2.794510 4.678524
v 7.332420 -3.597053 3.135324
v 7.412628 -4.225914 1.569473
v 7.493408 -3.188309 -0.007788
v 7.466408 -2.936371 -1.596473
v 7.385612 -2.303730 -3.173722
v 7.251606 -1.496834 -4.728166
v 7.065350 -0.655175 -6.248600
v 6.828190 0.144348 -7.724068
v 6.541836 0.860114 -9.143938
v 6.208347 1.470874 -10.497980
v 5.830132 1.968665 -11.776438
v 5.409908 2.354968 -12.970099
v 4.950706 2.638083 -14.070366
v 4.455837 2.831004 -15.069309
v 3.928867 2.949572 -15.959733
v 3.373589 3.010840 -16.735224
v 2.794006 3.031691 -17.390192
v 2.194294 3.027705 -17.919920
v 1.578770 3.012259 -18.320591
v 0.951874 2.995894 -18.589319
v 0.318123 2.985865 -18.724169
v -0.317924 2.985865 -18.724167
v -0.951675 2.995890 -18.589314
v -1.578571 3.012248 -18.320583
v -2.194092 3.027689 -17.919909
v -2.793800 3.031672 -17.390179
v -3.373383 3.010817 -16.735207
v -3.928654 2.949546 -15.959714
v -4.455624 2.830973 -15.069287
v -4.950485 2.638049 -14.070342
v -5.409676 2.354930 -12.970073
v -5.829891 1.968623 -11.776409
v -6.208099 1.470832 -10.497950
v -6.541576 0.860069 -9.143907
v -6.827919 0.144302 -7.724034
v -7.065067 -0.655224 -6.248565
v -7.251308 -1.496884 -4.728130
v -7.385303 -2.303780 -3.173686
v -7.466087 -2.936421 -1.596437
v -7.493076 -3.188362 -0.007751
v -7.466080 -2.936332 1.580920
v -7.385288 -2.303608 3.158134
v -7.251286 -1.496624 4.712533
v -7.065037 -0.654880 6.232921
v -6.827881 0.144726 7.708345
v -6.541531 0.860574 9.128176
v -6.208050 1.471410 10.482184
v -5.829834 1.969273 11.760614
v -5.409615 2.355645 12.954255
v -4.950417 2.638825 14.054505
v -4.455547 2.831804 15.053438
v -3.928577 2.950425 15.943856
v -3.373299 3.011739 16.719341
v -2.793716 3.032632 17.374308
v -2.194004 3.028677 17.904036
v -1.578484 3.013258 18.304708
v -0.951584 2.996915 18.573437
v -0.317833 2.986898 18.708286
v 0.318214 2.986898 18.708284
v 0.951965 2.996919 18.573433
v 1.578861 3.013269 18.304701
v 2.194382 3.028692 17.904026
v 2.794090 3.032651 17.374294
v 3.373672 3.011762 16.719324
v 3.928944 2.950452 15.943837
v 4.455914 2.831834 15.053417
v 4.950775 2.638860 14.054482
v 5.409969 2.355683 12.954228
v 5.830189 1.969315 11.760586
v 6.208397 1.471452 10.482154
v 6.541882 0.860619 9.128144
v 6.828228 0.144772 7.708312
v 7.065380 -0.654830 6.232886
v 7.251629 -1.496574 4.712498
v 7.385628 -2.303558 3.158098
v 7.466415 -2.936283 1.580884
v 7.493404 -1.915073 -0.007823
v 7.466404 -1.663136 -1.596508
v 7.385609 -1.030495 -3.173757
v 7.251602 -0.223599 -4.728201
v 7.065346 0.618061 -6.248635
v 6.828186 1.417583 -7.724103
v 6.541832 2.133350 -9.143973
v 6.208344 2.744109 -10.498015
v 5.830124 3.241900 -11.776472
v 5.409904 3.628203 -12.970135
v 4.950703 3.911319 -14.070400
v 4.455833 4.104239 -15.069345
v 3.928864 4.222807 -15.959769
v 3.373585 4.284075 -16.735258
v 2.794003 4.304926 -17.390226
v 2.194290 4.300940 -17.919954
v 1.578766 4.285494 -18.320625
v 0.951870 4.269129 -18.589354
v 0.318115 4.259104 -18.724203
v -0.317928 4.259100 -18.724201
v -0.951679 4.269125 -18.589350
v -1.578575 4.285483 -18.320618
v -2.194096 4.300925 -17.919945
v -2.793804 4.304911 -17.390213
v -3.373386 4.284052 -16.735243
v -3.928661 4.222781 -15.959750
v -4.455627 4.104209 -15.069323
v -4.950489 3.911284 -14.070376
v -5.409679 3.628165 -12.970108
v -5.829895 3.241862 -11.776443
v -6.208103 2.744067 -10.497985
v -6.541580 2.133308 -9.143941
v -6.827923 1.417537 -7.724070
v -7.065071 0.618015 -6.248600
v -7.251312 -0.223645 -4.728165
v -7.385307 -1.030545 -3.173721
v -7.466091 -1.663185 -1.596472
v -7.493080 -1.915123 -0.007786
v -7.466084 -1.663097 1.580885
v -7.385292 -1.030372 3.158099
v -7.251289 -0.223384 4.712498
v -7.065041 0.618359 6.232886
v -6.827888 1.417962 7.708310
v -6.541538 2.133809 9.128140
v -6.208054 2.744645 10.482149
v -5.829838 3.242509 11.760579
v -5.409618 3.628881 12.954220
v -4.950420 3.912061 14.054471
v -4.455551 4.105042 15.053404
v -3.928581 4.223661 15.943821
v -3.373306 4.284975 16.719307
v -2.793720 4.305868 17.374273
v -2.194008 4.301916 17.904001
v -1.578487 4.286493 18.304672
v -0.951591 4.270151 18.573402
v -0.317837 4.260133 18.708252
v 0.318207 4.260137 18.708250
v 0.951962 4.270158 18.573397
v 1.578857 4.286504 18.304665
v 2.194374 4.301931 17.903990
v 2.794086 4.305887 17.374260
v 3.373669 4.284997 16.719290
v 3.928940 4.223688 15.943802
v 4.455910 4.105073 15.053382
v 4.950771 3.912095 14.054446
v 5.409966 3.628919 12.954193
v 5.830181 3.242551 11.760550
v 6.208393 2.744687 10.482119
v 6.541878 2.133855 9.128109
v 6.828224 1.418011 7.708277
v 7.065376 0.618405 6.232852
v 7.251625 -0.223335 4.712462
v 7.385624 -1.030319 3.158063
v 7.466412 -1.663048 1.580848
v 7.439411 -0.665791 -0.007857
v 7.412605 -0.415466 -1.585096
v 7.332394 0.213306 -3.150981
v 7.199352 1.015766 -4.694224
v 7.014439 1.853611 -6.203704
v 6.778988 2.650611 -7.668541
v 6.494694 3.365485 -9.078181
v 6.163609 3.977065 -10.422467
v 5.788116 4.477290 -11.691714
v 5.370922 4.867419 -12.876776
v 4.915031 5.155425 -13.969114
v 4.423729 5.353930 -14.960861
v 3.900551 5.478381 -15.844871
v 3.349274 5.545455 -16.614773
v 2.773869 5.571692 -17.265022
v 2.178474 5.572367 -17.790934
v 1.567387 5.560629 -18.188717
v 0.945007 5.546835 -18.455509
v 0.315823 5.538123 -18.589388
v -0.315639 5.538119 -18.589386
v -0.944828 5.546828 -18.455505
v -1.567204 5.560618 -18.188709
v -2.178291 5.572352 -17.790922
v -2.773682 5.571673 -17.265009
v -3.349083 5.545432 -16.614758
v -3.900356 5.478354 -15.844851
v -4.423527 5.353900 -14.960839
v -4.914822 5.155391 -13.969090
v -5.370708 4.867385 -12.876749
v -5.787895 4.477252 -11.691686
v -6.163376 3.977023 -10.422438
v -6.494453 3.365443 -9.078150
v -6.778732 2.650566 -7.668508
v -7.014172 1.853561 -6.203670
v -7.199070 1.015720 -4.694190
v -7.332100 0.213257 -3.150945
v -7.412300 -0.415516 -1.585060
v -7.439095 -0.665840 -0.007821
v -7.412292 -0.415428 1.569404
v -7.332085 0.213433 3.135254
v -7.199047 1.015976 4.678453
v -7.014141 1.853901 6.187887
v -6.778694 2.650990 7.652680
v -6.494408 3.365941 9.062282
v -6.163326 3.977597 10.406534
v -5.787838 4.477899 11.675753
v -5.370644 4.868093 12.860793
v -4.914757 5.156163 13.953116
v -4.423454 5.354726 14.944852
v -3.900280 5.479227 15.828854
v -3.349003 5.546350 16.598751
v -2.773598 5.572626 17.248999
v -2.178204 5.573335 17.774910
v -1.567116 5.561620 18.172695
v -0.944736 5.547849 18.439487
v -0.315548 5.539144 18.573366
v 0.315910 5.539148 18.573364
v 0.945099 5.547853 18.439484
v 1.567478 5.561632 18.172688
v 2.178562 5.573350 17.774899
v 2.773952 5.572645 17.248985
v 3.349358 5.546373 16.598736
v 3.900631 5.479253 15.828835
v 4.423801 5.354756 14.944830
v 4.915096 5.156194 13.953092
v 5.370983 4.868131 12.860766
v 5.788174 4.477937 11.675724
v 6.163658 3.977639 10.406504
v 6.494740 3.365987 9.062249
v 6.779022 2.651036 7.652647
v 7.014469 1.853951 6.187853
v 7.199375 1.016026 4.678419
v 7.332409 0.213482 3.135218
v 7.412613 -0.415378 1.569368
v 7.331818 0.550495 -0.007891
v 7.305401 0.797592 -1.562319
v 7.226349 1.418617 -3.105557
v 7.095230 2.212147 -4.626482
v 6.912991 3.042240 -6.114131
v 6.680946 3.834026 -7.557784
v 6.400764 4.546863 -8.947037
v 6.074467 5.159770 -10.271882
v 5.704403 5.664515 -11.522773
v 5.293243 6.061900 -12.690696
v 4.843945 6.359286 -13.767239
v 4.359749 6.568561 -14.744642
v 3.844139 6.704406 -15.615867
v 3.300835 6.782759 -16.374634
v 2.733749 6.819476 -17.015480
v 2.146969 6.829245 -17.533785
v 1.544716 6.824744 -17.925817
v 0.931339 6.815970 -18.188751
v 0.311253 6.809828 -18.320692
v -0.311077 6.809824 -18.320690
v -0.931164 6.815966 -18.188745
v -1.544540 6.824732 -17.925810
v -2.146790 6.829230 -17.533775
v -2.733570 6.819457 -17.015467
v -3.300652 6.782736 -16.374619
v -3.843952 6.704383 -15.615848
v -4.359554 6.568530 -14.744621
v -4.843746 6.359252 -13.767215
v -5.293037 6.061866 -12.690670
v -5.704189 5.664474 -11.522745
v -6.074242 5.159728 -10.271852
v -6.400528 4.546821 -8.947006
v -6.680698 3.833980 -7.557751
v -6.912731 3.042194 -6.114097
v -7.094955 2.212097 -4.626447
v -7.226063 1.418567 -3.105522
v -7.305103 0.797542 -1.562283
v -7.331512 0.550446 -0.007855
v -7.305096 0.797630 1.546559
v -7.226048 1.418740 3.089764
v -7.094933 2.212353 4.610645
v -6.912701 3.042531 6.098248
v -6.680660 3.834397 7.541857
v -6.400486 4.547314 8.931072
v -6.074192 5.160298 10.255883
v -5.704132 5.665112 11.506745
v -5.292976 6.062566 12.674647
v -4.843678 6.360013 13.751172
v -4.359482 6.569345 14.728564
v -3.843876 6.705243 15.599781
v -3.300571 6.783639 16.358545
v -2.733486 6.820394 16.999388
v -2.146706 6.830198 17.517693
v -1.544453 6.825723 17.909725
v -0.931076 6.816968 18.172659
v -0.310989 6.810834 18.304600
v 0.311340 6.810838 18.304600
v 0.931427 6.816976 18.172655
v 1.544804 6.825731 17.909718
v 2.147053 6.830213 17.517683
v 2.733833 6.820413 16.999374
v 3.300915 6.783662 16.358528
v 3.844215 6.705270 15.599762
v 4.359818 6.569375 14.728543
v 4.844013 6.360044 13.751148
v 5.293304 6.062600 12.674622
v 5.704460 5.665151 11.506718
v 6.074516 5.160336 10.255854
v 6.400806 4.547356 8.931041
v 6.680981 3.834443 7.541825
v 6.913021 3.042576 6.098215
v 7.095253 2.212399 4.610611
v 7.226364 1.418789 3.089729
v 7.305408 0.797680 1.546524
v 7.171398 1.724941 -0.007923
v 7.145561 1.967193 -1.528341
v 7.068237 2.576557 -3.037814
v 6.939987 3.356556 -4.525462
v 6.761738 4.174762 -5.980562
v 6.534767 4.958282 -7.392628
v 6.260715 5.667461 -8.751485
v 5.941559 6.281600 -10.047343
v 5.579594 6.792235 -11.270866
v 5.177429 7.199553 -12.413237
v 4.737961 7.510016 -13.466225
v 4.264359 7.734469 -14.422244
v 3.760029 7.886485 -15.274406
v 3.228611 7.980917 -16.016573
v 2.673935 8.032634 -16.643398
v 2.099991 8.055461 -17.150364
v 1.510918 8.061366 -17.533817
v 0.910961 8.059825 -17.790998
v 0.304440 8.057384 -17.920053
v -0.304272 8.057380 -17.920052
v -0.910793 8.059817 -17.790995
v -1.510750 8.061355 -17.533810
v -2.099819 8.055446 -17.150352
v -2.673759 8.032615 -16.643385
v -3.228436 7.980898 -16.016558
v -3.759850 7.886462 -15.274388
v -4.264172 7.734439 -14.422223
v -4.737766 7.509982 -13.466202
v -5.177227 7.199519 -12.413212
v -5.579384 6.792197 -11.270839
v -5.941341 6.281562 -10.047315
v -6.260490 5.667419 -8.751454
v -6.534527 4.958236 -7.392596
v -6.761486 4.174716 -5.980529
v -6.939724 3.356510 -4.525428
v -7.067959 2.576507 -3.037780
v -7.145271 1.967144 -1.528306
v -7.171101 1.724892 -0.007888
v -7.145264 1.967228 1.512517
v -7.067944 2.576676 3.021956
v -6.939701 3.356758 4.509561
v -6.761456 4.175045 5.964616
v -6.534492 4.958645 7.376639
v -6.260445 5.667901 8.735458
v -5.941292 6.282117 10.031282
v -5.579330 6.792821 11.254776
v -5.177166 7.200204 12.397123
v -4.737701 7.510728 13.450094
v -4.264099 7.735234 14.406101
v -3.759773 7.887303 15.258256
v -3.228355 7.981782 16.000418
v -2.673679 8.033532 16.627239
v -2.099735 8.056390 17.134203
v -1.510662 8.062322 17.517656
v -0.910706 8.060800 17.774837
v -0.304184 8.058370 17.903893
v 0.304527 8.058370 17.903893
v 0.911049 8.060803 17.774834
v 1.511005 8.062329 17.517651
v 2.100075 8.056405 17.134193
v 2.674015 8.033551 16.627226
v 3.228691 7.981802 16.000402
v 3.760105 7.887330 15.258237
v 4.264427 7.735265 14.406080
v 4.738026 7.510758 13.450071
v 5.177490 7.200238 12.397099
v 5.579647 6.792859 11.254748
v 5.941608 6.282155 10.031254
v 6.260761 5.667946 8.735428
v 6.534805 4.958691 7.376607
v 6.761765 4.175091 5.964583
v 6.940010 3.356804 4.509527
v 7.068253 2.576725 3.021922
v 7.145569 1.967278 1.512482
v 6.959312 2.848969 -0.007953
v 6.934238 3.084759 -1.483406
v 6.859203 3.678512 -2.948238
v 6.734745 4.440246 -4.391891
v 6.561764 5.242115 -5.803957
v 6.341507 6.013832 -7.174263
v 6.075562 6.717041 -8.492935
v 5.765842 7.331450 -9.750470
v 5.414581 7.848346 -10.937808
v 5.024311 8.267154 -12.046394
v 4.597839 8.593242 -13.068242
v 4.138245 8.836139 -13.995989
v 3.648830 9.008018 -14.822950
v 3.133129 9.122348 -15.543169
v 2.594856 9.192721 -16.151457
v 2.037888 9.231853 -16.643429
v 1.466236 9.250796 -17.015543
v 0.884018 9.258334 -17.265120
v 0.295437 9.260550 -17.390358
v -0.295273 9.260550 -17.390356
v -0.883858 9.258330 -17.265114
v -1.466072 9.250789 -17.015537
v -2.037720 9.231841 -16.643419
v -2.594685 9.192702 -16.151443
v -3.132957 9.122329 -15.543154
v -3.648655 9.007991 -14.822932
v -4.138062 8.836108 -13.995969
v -4.597652 8.593211 -13.068220
v -5.024117 8.267119 -12.046371
v -5.414379 7.848308 -10.937782
v -5.765633 7.331412 -9.750443
v -6.075340 6.716999 -8.492906
v -6.341274 6.013790 -7.174232
v -6.561520 5.242073 -5.803926
v -6.734486 4.440200 -4.391858
v -6.858932 3.678467 -2.948205
v -6.933956 3.084713 -1.483373
v -6.959023 2.848923 -0.007919
v -6.933949 3.084793 1.467521
v -6.858917 3.678627 2.932320
v -6.734467 4.440442 4.375930
v -6.561493 5.242390 5.787953
v -6.341240 6.014184 7.158216
v -6.075298 6.717469 8.476849
v -5.765583 7.331952 9.734350
v -5.414326 7.848912 10.921659
v -5.024059 8.267785 12.030223
v -4.597588 8.593930 13.052052
v -4.137993 8.836881 13.979786
v -3.648582 9.008809 14.806738
v -3.132881 9.123185 15.526950
v -2.594608 9.193593 16.135233
v -2.037640 9.232759 16.627205
v -1.465988 9.251725 16.999317
v -0.883774 9.259282 17.248892
v -0.295189 9.261506 17.374130
v 0.295521 9.261510 17.374128
v 0.884106 9.259286 17.248888
v 1.466316 9.251737 16.999311
v 2.037968 9.232770 16.627193
v 2.594933 9.193612 16.135221
v 3.133205 9.123204 15.526935
v 3.648903 9.008836 14.806720
v 4.138309 8.836911 13.979766
v 4.597904 8.593965 13.052031
v 5.024368 8.267819 12.030198
v 5.414635 7.848947 10.921633
v 5.765892 7.331990 9.734322
v 6.075603 6.717511 8.476819
v 6.341545 6.014225 7.158186
v 6.561794 5.242436 5.787921
v 6.734768 4.440487 4.375897
v 6.859215 3.678673 2.932287
v 6.934246 3.084839 1.467487
v 6.697086 3.914337 -0.007982
v 6.672955 4.142052 -1.427840
v 6.600746 4.716209 -2.837476
v 6.480980 5.454772 -4.226731
v 6.314518 6.235500 -5.585591
v 6.102562 6.991271 -6.904264
v 5.846634 7.685348 -8.173248
v 5.548588 8.297992 -9.383400
v 5.210560 8.820243 -10.525999
v 4.834995 9.250709 -11.592814
v 4.424595 9.593497 -12.576159
v 3.982315 9.856631 -13.468948
v 3.511341 10.050654 -14.264750
v 3.015072 10.187407 -14.957832
v 2.497082 10.278972 -15.543200
v 1.961098 10.336726 -16.016636
v 1.410988 10.370624 -16.374729
v 0.850712 10.388602 -16.614901
v 0.284306 10.396178 -16.735420
v -0.284149 10.396178 -16.735418
v -0.850552 10.388595 -16.614897
v -1.410828 10.370612 -16.374722
v -1.960938 10.336715 -16.016626
v -2.496918 10.278956 -15.543187
v -3.014904 10.187388 -14.957817
v -3.511169 10.050628 -14.264733
v -3.982136 9.856605 -13.468929
v -4.424412 9.593467 -12.576138
v -4.834805 9.250674 -11.592791
v -5.210361 8.820205 -10.525973
v -5.548378 8.297954 -9.383372
v -5.846416 7.685310 -8.173220
v -6.102333 6.991230 -6.904234
v -6.314278 6.235454 -5.585560
v -6.480728 5.454727 -4.226700
v -6.600483 4.716164 -2.837444
v -6.672680 4.142006 -1.427807
v -6.696804 3.914291 -0.007949
v -6.672672 4.142082 1.411896
v -6.600468 4.716320 2.821501
v -6.480705 5.454960 4.210715
v -6.314251 6.235764 5.569532
v -6.102299 6.991612 6.888164
v -5.846378 7.685761 8.157108
v -5.548332 8.298470 9.367226
v -5.210312 8.820786 10.509797
v -4.834747 9.251313 11.576589
v -4.424347 9.594163 12.559914
v -3.982071 9.857347 13.452689
v -3.511101 10.051415 14.248481
v -3.014832 10.188214 14.941555
v -2.496841 10.279813 15.526917
v -1.960857 10.337598 16.000349
v -1.410748 10.371514 16.358440
v -0.850471 10.389512 16.598612
v -0.284065 10.397099 16.719131
v 0.284386 10.397103 16.719130
v 0.850792 10.389520 16.598608
v 1.411068 10.371526 16.358435
v 1.961178 10.337609 16.000340
v 2.497158 10.279828 15.526905
v 3.015144 10.188233 14.941540
v 3.511414 10.051438 14.248464
v 3.982380 9.857373 13.452670
v 4.424656 9.594190 12.559893
v 4.835052 9.251348 11.576565
v 5.210613 8.820821 10.509771
v 5.548634 8.298509 9.367199
v 5.846676 7.685799 8.157080
v 6.102592 6.991650 6.888134
v 6.314545 6.235806 5.569501
v 6.480999 5.455006 4.210683
v 6.600761 4.716366 2.821469
v 6.672962 4.142128 1.411863
v 6.386608 4.913212 -0.008009
v 6.363594 5.131241 -1.362041
v 6.294735 5.681793 -2.706326
v 6.180519 6.392116 -4.031174
v 6.021774 7.146499 -5.327036
v 5.819645 7.881519 -6.584575
v 5.575584 8.562350 -7.794728
v 5.291351 9.169955 -8.948777
v 4.968998 9.695201 -10.038405
v 4.610844 10.135856 -11.055763
v 4.219467 10.494708 -11.993520
v 3.797691 10.778136 -12.844920
v 3.348557 10.994903 -13.603829
v 2.875294 11.155051 -14.264780
v 2.381317 11.268962 -14.823009
v 1.870182 11.346507 -15.274497
v 1.345573 11.396384 -15.615990
v 0.811272 11.425563 -15.845028
v 0.271126 11.438903 -15.959959
v -0.270973 11.438903 -15.959957
v -0.811119 11.425555 -15.845022
v -1.345417 11.396377 -15.615983
v -1.870026 11.346496 -15.274488
v -2.381157 11.268947 -14.822998
v -2.875130 11.155032 -14.264766
v -3.348389 10.994880 -13.603813
v -3.797520 10.778110 -12.844902
v -4.219288 10.494678 -11.993500
v -4.610657 10.135825 -11.055740
v -4.968803 9.695167 -10.038382
v -5.291149 9.169917 -8.948751
v -5.575371 8.562312 -7.794701
v -5.819420 7.881481 -6.584547
v -6.021538 7.146457 -5.327007
v -6.180271 6.392074 -4.031144
v -6.294476 5.681747 -2.706295
v -6.363327 5.131199 -1.362010
v -6.386330 4.913166 -0.007978
v -6.363319 5.131275 1.346042
v -6.294464 5.681896 2.690297
v -6.180252 6.392296 4.015106
v -6.021515 7.146752 5.310927
v -5.819389 7.881844 6.568425
v -5.575333 8.562741 7.778541
v -5.291107 9.170411 8.932555
v -4.968754 9.695722 10.022155
v -4.610603 10.136434 11.039489
v -4.219231 10.495339 11.977225
v -3.797455 10.778817 12.828610
v -3.348320 10.995629 13.587507
v -2.875061 11.155816 14.248449
v -2.381084 11.269761 14.806672
v -1.869949 11.347337 15.258156
v -1.345341 11.397237 15.599646
v -0.811039 11.426431 15.828681
v -0.270893 11.439782 15.943613
v 0.271206 11.439786 15.943611
v 0.811348 11.426435 15.828677
v 1.345650 11.397244 15.599639
v 1.870258 11.347352 15.258146
v 2.381390 11.269780 14.806661
v 2.875362 11.155839 14.248435
v 3.348621 10.995652 13.587491
v 3.797756 10.778844 12.828591
v 4.219528 10.495370 11.977205
v 4.610897 10.136468 11.039466
v 4.969048 9.695756 10.022131
v 5.291397 9.170449 8.932529
v 5.575623 8.562779 7.778514
v 5.819675 7.881882 6.568397
v 6.021801 7.146790 5.310898
v 6.180538 6.392338 4.015076
v 6.294746 5.681938 2.690266
v 6.363602 5.131317 1.346011
v 6.030113 5.838226 -0.008033
v 6.008385 6.044987 -1.286484
v 5.943371 6.567905 -2.555732
v 5.835529 7.244770 -3.806628
v 5.685646 7.967224 -5.030155
v 5.494797 8.676010 -6.217499
v 5.264362 9.338477 -7.360103
v 4.995995 9.936473 -8.449734
v 4.691635 10.460792 -9.478540
v 4.353474 10.908404 -10.439111
v 3.983944 11.280780 -11.324523
v 3.585712 11.582629 -12.128400
v 3.161644 11.820853 -12.844948
v 2.714802 12.003604 -13.469005
v 2.248398 12.139445 -13.996075
v 1.765793 12.236632 -14.422361
v 1.270470 12.302485 -14.744793
v 0.765991 12.342917 -14.961045
v 0.255997 12.362071 -15.069562
v -0.255844 12.362067 -15.069561
v -0.765839 12.342914 -14.961041
v -1.270313 12.302478 -14.744786
v -1.765636 12.236621 -14.422353
v -2.248238 12.139430 -13.996064
v -2.714638 12.003585 -13.468991
v -3.161480 11.820830 -12.844932
v -3.585541 11.582606 -12.128382
v -3.983765 11.280753 -11.324504
v -4.353287 10.908374 -10.439089
v -4.691444 10.460761 -9.478518
v -4.995796 9.936439 -8.449709
v -5.264153 9.338443 -7.360077
v -5.494579 8.675972 -6.217473
v -5.685413 7.967185 -5.030128
v -5.835289 7.244731 -3.806599
v -5.943115 6.567867 -2.555703
v -6.008125 6.044945 -1.286455
v -6.029842 5.838184 -0.008004
v -6.008118 6.045017 1.270435
v -5.943104 6.568005 2.539654
v -5.835270 7.244942 3.790512
v -5.685390 7.967461 5.014001
v -5.494549 8.676315 6.201306
v -5.264114 9.338849 7.343873
v -4.995754 9.936906 8.433470
v -4.691395 10.461282 9.462248
v -4.353237 10.908952 10.422793
v -3.983711 11.281377 11.308186
v -3.585480 11.583276 12.112045
v -3.161415 11.821542 12.828580
v -2.714573 12.004327 13.452627
v -2.248169 12.140203 13.979691
v -1.765568 12.237416 14.405972
v -1.270245 12.303288 14.728398
v -0.765766 12.343740 14.944650
v -0.255772 12.362897 15.053165
v 0.256069 12.362901 15.053164
v 0.766064 12.343743 14.944646
v 1.270542 12.303300 14.728393
v 1.765862 12.237428 14.405963
v 2.248463 12.140218 13.979679
v 2.714867 12.004346 13.452614
v 3.161709 11.821561 12.828565
v 3.585770 11.583299 12.112027
v 3.983997 11.281407 11.308167
v 4.353523 10.908982 10.422772
v 4.691681 10.461316 9.462225
v 4.996037 9.936940 8.433446
v 5.264397 9.338887 7.343847
v 5.494827 8.676353 6.201279
v 5.685669 7.967499 5.013973
v 5.835548 7.244980 3.790484
v 5.943382 6.568047 2.539625
v 6.008392 6.045055 1.270406
v 5.630173 6.682549 -0.008056
v 5.609890 6.876488 -1.201713
v 5.549183 7.367783 -2.386779
v 5.448498 8.005863 -3.554710
v 5.308556 8.690456 -4.697088
v 5.130363 9.366882 -5.805682
v 4.915211 10.004909 -6.872504
v 4.664642 10.587436 -7.889865
v 4.380470 11.105323 -8.850437
v 4.064735 11.554862 -9.747299
v 3.719715 11.936278 -10.573988
v 3.347897 12.252654 -11.324549
v 2.951954 12.509051 -11.993572
v 2.534748 12.711722 -12.576241
v 2.099277 12.867385 -13.068354
v 1.648682 12.982612 -13.466368
v 1.186211 13.063312 -13.767414
v 0.715191 13.114276 -13.969325
v 0.239021 13.138888 -14.070644
v -0.238869 13.138885 -14.070642
v -0.715038 13.114272 -13.969321
v -1.186058 13.063304 -13.767408
v -1.648525 12.982604 -13.466360
v -2.099117 12.867370 -13.068344
v -2.534584 12.711707 -12.576228
v -2.951790 12.509032 -11.993558
v -3.347725 12.252631 -11.324533
v -3.719540 11.936252 -10.573970
v -4.064552 11.554835 -9.747279
v -4.380280 11.105296 -8.850416
v -4.664444 10.587401 -7.889843
v -4.915001 10.004874 -6.872479
v -5.130146 9.366844 -5.805657
v -5.308327 8.690422 -4.697062
v -5.448257 8.005825 -3.554683
v -5.548935 7.367744 -2.386752
v -5.609631 6.876450 -1.201686
v -5.629910 6.682510 -0.008028
v -5.609627 6.876514 1.185619
v -5.548923 7.367874 2.370657
v -5.448242 8.006020 3.538552
v -5.308304 8.690678 4.680893
v -5.130119 9.367165 5.789450
v -4.914970 10.005254 6.856236
v -4.664406 10.587838 7.873566
v -4.380238 11.105783 8.834109
v -4.064503 11.555375 9.730947
v -3.719486 11.936837 10.557614
v -3.347668 12.253255 11.308157
v -2.951729 12.509694 11.977167
v -2.534523 12.712399 12.559824
v -2.099056 12.868093 13.051929
v -1.648460 12.983346 13.449936
v -1.185989 13.064061 13.750978
v -0.714970 13.115041 13.952886
v -0.238800 13.139661 14.054204
v 0.239090 13.139665 14.054203
v 0.715260 13.115048 13.952883
v 1.186275 13.064069 13.750973
v 1.648746 12.983357 13.449928
v 2.099342 12.868104 13.051919
v 2.534809 12.712415 12.559812
v 2.952015 12.509713 11.977153
v 3.347950 12.253278 11.308141
v 3.719765 11.936860 10.557596
v 4.064781 11.555402 9.730927
v 4.380512 11.105813 8.834088
v 4.664680 10.587873 7.873543
v 4.915245 10.005288 6.856212
v 5.130390 9.367199 5.789425
v 5.308575 8.690716 4.680868
v 5.448513 8.006058 3.538526
v 5.549194 7.367912 2.370630
v 5.609894 6.876553 1.185591
v 5.189671 7.439953 -0.008076
v 5.170971 7.619553 -1.108340
v 5.115017 8.075294 -2.200685
v 5.022209 8.669224 -3.277236
v 4.893215 9.309776 -4.330233
v 4.728966 9.947170 -5.352090
v 4.530647 10.553817 -6.335443
v 4.299686 11.113841 -7.273206
v 4.037743 11.618331 -8.158623
v 3.746712 12.063045 -8.985313
v 3.428688 12.447120 -9.747322
v 3.085960 12.772143 -10.439158
v 2.720997 13.041453 -11.055839
v 2.336433 13.259459 -11.592918
v 1.935036 13.431098 -12.046530
v 1.519695 13.561294 -12.413403
v 1.093407 13.654536 -12.690896
v 0.659241 13.714503 -12.877008
v 0.220325 13.743812 -12.970401
v -0.220173 13.743812 -12.970400
v -0.659088 13.714499 -12.877006
v -1.093250 13.654529 -12.690890
v -1.519539 13.561286 -12.413395
v -1.934875 13.431087 -12.046520
v -2.336269 13.259444 -11.592907
v -2.720833 13.041434 -11.055825
v -3.085789 12.772124 -10.439143
v -3.428509 12.447093 -9.747305
v -3.746529 12.063018 -8.985295
v -4.037552 11.618300 -8.158603
v -4.299484 11.113811 -7.273185
v -4.530441 10.553786 -6.335421
v -4.728748 9.947136 -5.352067
v -4.892990 9.309742 -4.330209
v -5.021973 8.669189 -3.277211
v -5.114773 8.075260 -2.200660
v -5.170719 7.619518 -1.108315
v -5.189411 7.439915 -0.008050
v -5.170715 7.619579 1.092204
v -5.114761 8.075378 2.184524
v -5.021957 8.669369 3.261042
v -4.892967 9.309982 4.314005
v -4.728725 9.947433 5.335826
v -4.530407 10.554135 6.319145
v -4.299450 11.114213 7.256877
v -4.037514 11.618752 8.142266
v -3.746487 12.063516 8.968932
v -3.428463 12.447633 9.730920
v -3.085735 12.772698 10.422739
v -2.720776 13.042043 11.039404
v -2.336212 13.260083 11.576472
v -1.934814 13.431752 12.030073
v -1.519478 13.561971 12.396939
v -1.093189 13.655229 12.674427
v -0.659023 13.715211 12.860537
v -0.220112 13.744527 12.953928
v 0.220390 13.744527 12.953927
v 0.659306 13.715215 12.860534
v 1.093468 13.655236 12.674422
v 1.519756 13.561978 12.396932
v 1.935093 13.431764 12.030064
v 2.336491 13.260102 11.576461
v 2.721050 13.042062 11.039391
v 3.086010 12.772721 10.422724
v 3.428734 12.447656 9.730904
v 3.746758 12.063542 8.968914
v 4.037785 11.618779 8.142246
v 4.299721 11.114244 7.256856
v 4.530678 10.554166 6.319123
v 4.728992 9.947464 5.335803
v 4.893234 9.310013 4.313981
v 5.022224 8.669403 3.261017
v 5.115028 8.075417 2.184499
v 5.170979 7.619614 1.092179
v 4.711777 8.104847 -0.008093
v 4.694801 8.268665 -1.007037
v 4.643997 8.685047 -1.998791
v 4.559734 9.229504 -2.976205
v 4.442619 9.819691 -3.932235
v 4.293499 10.410999 -4.859992
v 4.113441 10.978649 -5.752790
v 3.903748 11.508155 -6.604198
v 3.665928 11.991015 -7.408079
v 3.401695 12.422652 -8.158643
v 3.112957 12.801318 -8.850481
v 2.801792 13.127311 -9.478609
v 2.470436 13.402427 -10.038502
v 2.121284 13.629413 -10.526124
v 1.756851 13.811549 -10.937963
v 1.379757 13.952220 -11.271053
v 0.992725 14.054572 -11.522993
v 0.598541 14.121234 -11.691968
v 0.200047 14.154075 -11.776760
v -0.199890 14.154075 -11.776759
v -0.598385 14.121230 -11.691965
v -0.992569 14.054564 -11.522988
v -1.379597 13.952209 -11.271047
v -1.756687 13.811538 -10.937955
v -2.121120 13.629397 -10.526114
v -2.470268 13.402408 -10.038489
v -2.801617 13.127292 -9.478596
v -3.112778 12.801295 -8.850466
v -3.401512 12.422629 -8.158627
v -3.665737 11.990989 -7.408062
v -3.903549 11.508128 -6.604178
v -4.113232 10.978622 -5.752770
v -4.293282 10.410969 -4.859971
v -4.442398 9.819660 -3.932213
v -4.559502 9.229473 -2.976182
v -4.643757 8.685013 -1.998768
v -4.694553 8.268635 -1.007014
v -4.712463 8.106083 0.063671
v -4.695488 8.292973 1.062606
v -4.644688 8.723309 2.054336
v -4.559486 9.229637 2.959980
v -4.442379 9.819878 3.915977
v -4.293259 10.411236 4.843702
v -4.113205 10.978939 5.736469
v -3.903515 11.508496 6.587847
v -3.665699 11.991399 7.391702
v -3.401470 12.423081 8.142242
v -3.112736 12.801785 8.834060
v -2.801571 13.127816 9.462170
v -2.470219 13.402963 10.022047
v -2.121067 13.629979 10.509657
v -1.756634 13.812142 10.921487
v -1.379543 13.952832 11.254568
v -0.992512 14.055203 11.506502
v -0.598328 14.121873 11.675473
v -0.199833 14.154725 11.760264
v 0.200104 14.154725 11.760263
v 0.598598 14.121881 11.675470
v 0.992783 14.055207 11.506497
v 1.379814 13.952840 11.254561
v 1.756905 13.812154 10.921478
v 2.121338 13.629994 10.509646
v 2.470486 13.402982 10.022035
v 2.801838 13.127835 9.462156
v 3.112999 12.801805 8.834044
v 3.401737 12.423104 8.142225
v 3.665966 11.991422 7.391685
v 3.903778 11.508523 6.587828
v 4.113468 10.978966 5.736449
v 4.293522 10.411266 4.843681
v 4.442638 9.819908 3.915956
v 4.559750 9.229668 2.959958
v 4.644009 8.685154 1.982573
v 4.694805 8.268719 0.990842
v 4.198994 8.673038 0.063634
v 4.183861 8.796082 -0.826792
v 4.138580 9.154697 -1.710808
v 4.063469 9.637356 -2.582043
v 3.960018 10.215748 -3.505960
v 3.827095 10.753727 -4.332932
v 3.666599 11.274338 -5.128744
v 3.479683 11.764633 -5.887661
v 3.267700 12.216689 -6.604216
v 3.032173 12.625834 -7.273244
v 2.774799 12.989669 -7.889927
v 2.497437 13.307475 -8.449821
v 2.202080 13.579761 -8.948891
v 1.890854 13.807857 -9.383542
v 1.566010 13.993602 -9.750644
v 1.229881 14.139018 -10.047549
v 0.884895 14.246066 -10.272120
v 0.533531 14.316413 -10.422739
v 0.178326 14.351272 -10.498321
v -0.178165 14.351272 -10.498320
v -0.533371 14.316413 -10.422736
v -0.884731 14.246058 -10.272116
v -1.229717 14.139010 -10.047544
v -1.565842 13.993590 -9.750636
v -1.890686 13.807845 -9.383533
v -2.201904 13.579745 -8.948880
v -2.497257 13.307460 -8.449808
v -2.774616 12.989650 -7.889914
v -3.031986 12.625812 -7.273230
v -3.267506 12.216666 -6.604199
v -3.479485 11.764610 -5.887644
v -3.666389 11.274315 -5.128726
v -3.826881 10.753700 -4.332913
v -3.959797 10.215721 -3.505940
v -4.064178 9.682198 -2.653765
v -4.139282 9.192387 -1.782530
v -4.185501 8.796696 -0.826771
v -4.200626 8.673706 0.063654
v -4.185493 8.843529 0.954072
v -4.140213 9.230995 1.838067
v -4.065109 9.727558 2.709275
v -3.959778 10.215912 3.489680
v -3.826859 10.753937 4.316623
v -3.666367 11.274597 5.112407
v -3.479454 11.764935 5.871297
v -3.267475 12.217031 6.587826
v -3.031948 12.626214 7.256833
v -2.774578 12.990087 7.873495
v -2.497215 13.307927 8.433372
v -2.201862 13.580239 8.932426
v -1.890640 13.808362 9.367065
v -1.565796 13.994126 9.734157
v -1.229668 14.139562 10.031054
v -0.884682 14.246629 10.255620
v -0.533318 14.316987 10.406235
v -0.178112 14.351850 10.481813
v 0.178375 14.351850 10.481813
v 0.533581 14.316991 10.406232
v 0.884945 14.246633 10.255615
v 1.229931 14.139573 10.031048
v 1.566059 13.994138 9.734149
v 1.890900 13.808373 9.367056
v 2.202122 13.580255 8.932416
v 2.497478 13.307942 8.433359
v 2.774837 12.990106 7.873482
v 3.032207 12.626233 7.256818
v 3.267731 12.217053 6.587811
v 3.479713 11.764957 5.871280
v 3.666622 11.274620 5.112389
v 3.827118 10.753963 4.316605
v 3.960037 10.215939 3.489661
v 4.063484 9.727196 2.709256
v 4.138588 9.230522 1.838047
v 4.183868 8.842934 0.954051
v 3.656895 9.139156 0.063622
v 3.643715 9.243660 -0.711870
v 3.604279 9.555702 -1.481780
v 3.538864 9.978561 -2.240559
v 3.448887 10.494606 -3.054479
v 3.333118 10.972073 -3.774709
v 3.193340 11.437485 -4.467800
v 3.030552 11.879555 -5.128759
v 2.845928 12.291122 -5.752823
v 2.640804 12.667640 -6.335496
v 2.416653 13.006351 -6.872580
v 2.175087 13.305812 -7.360205
v 1.917854 13.565551 -7.794857
v 1.646805 13.785789 -8.173407
v 1.363888 13.967208 -8.493123
v 1.071148 14.110717 -8.751706
v 0.770687 14.217288 -8.947290
v 0.464680 14.287787 -9.078468
v 0.155323 14.322867 -9.144294
v -0.155155 14.322864 -9.144293
v -0.464512 14.287784 -9.078465
v -0.770519 14.217284 -8.947287
v -1.070976 14.110709 -8.751700
v -1.363716 13.967200 -8.493116
v -1.646629 13.785777 -8.173398
v -1.917675 13.565536 -7.794848
v -2.174904 13.305797 -7.360194
v -2.416466 13.006335 -6.872569
v -2.640610 12.667624 -6.335484
v -2.845730 12.291103 -5.752810
v -3.030346 11.879532 -5.128745
v -3.193130 11.437466 -4.467784
v -3.332905 10.972050 -3.774693
v -3.448662 10.494583 -3.054462
v -3.540516 9.978947 -2.240541
v -3.605923 9.556202 -1.481762
v -3.645355 9.244282 -0.711852
v -3.658531 9.139832 0.063640
v -3.645351 9.291313 0.839125
v -3.605915 9.632504 1.609017
v -3.540504 10.069698 2.367772
v -3.448647 10.494751 3.038185
v -3.332886 10.972256 3.758388
v -3.193108 11.437710 4.451454
v -3.030323 11.879814 5.112388
v -2.845703 12.291420 5.736430
v -2.640579 12.667974 6.319082
v -2.416431 13.006715 6.856147
v -2.174870 13.306203 7.343756
v -1.917637 13.565969 7.778394
v -1.646587 13.786229 8.156930
v -1.363674 13.967668 8.476638
v -1.070934 14.111196 8.735212
v -0.770477 14.217778 8.930791
v -0.464466 14.288285 9.061965
v -0.155109 14.323369 9.127789
v 0.155365 14.323369 9.127788
v 0.464722 14.288289 9.061963
v 0.770733 14.217782 8.930787
v 1.071190 14.111199 8.735208
v 1.363930 13.967679 8.476631
v 1.646843 13.786241 8.156922
v 1.917892 13.565980 7.778385
v 2.175125 13.306218 7.343745
v 2.416687 13.006730 6.856136
v 2.640835 12.667993 6.319069
v 2.845959 12.291439 5.736416
v 3.030575 11.879837 5.112374
v 3.193359 11.437733 4.451438
v 3.333138 10.972279 3.758372
v 3.447960 10.543262 3.109908
v 3.538872 10.069328 2.367755
v 3.604282 9.632027 1.609000
v 3.643719 9.290714 0.839107
v 3.088440 9.500435 0.063614
v 3.077309 9.585262 -0.591357
v 3.043999 9.847656 -1.241614
v 2.988750 10.206207 -1.882470
v 2.911964 10.604820 -2.509304
v 2.815132 11.064205 -3.189344
v 2.697075 11.466488 -3.774721
v 2.559586 11.851425 -4.332959
v 2.403656 12.212791 -4.860037
v 2.230408 12.546387 -5.352156
v 2.041092 12.849377 -5.805771
v 1.837070 13.119911 -6.217613
v 1.619816 13.356891 -6.584716
v 1.390888 13.559768 -6.904434
v 1.151939 13.728377 -7.174464
v 0.904694 13.862815 -7.392859
v 0.650932 13.963309 -7.558048
v 0.392479 14.030116 -7.668839
v 0.131199 14.063460 -7.724436
v -0.131023 14.063457 -7.724435
v -0.392303 14.030112 -7.668838
v -0.650753 13.963305 -7.558045
v -0.904514 13.862811 -7.392855
v -1.151760 13.728370 -7.174458
v -1.390705 13.559756 -6.904427
v -1.619629 13.356879 -6.584708
v -1.836880 13.119900 -6.217604
v -2.040897 12.849361 -5.805761
v -2.230209 12.546371 -5.352145
v -2.403454 12.212776 -4.860025
v -2.559376 11.851406 -4.332947
v -2.696861 11.466469 -3.774708
v -2.814911 11.064186 -3.189331
v -2.913620 10.605129 -2.509290
v -2.990402 10.206600 -1.882455
v -3.045647 9.848167 -1.241599
v -3.078949 9.585892 -0.591342
v -3.090076 9.501114 0.063629
v -3.078949 9.633095 0.718594
v -3.045639 9.924908 1.368835
v -2.990395 10.298183 2.009670
v -2.913609 10.703754 2.636483
v -2.815838 11.115314 3.244758
v -2.696842 11.466675 3.758373
v -2.559357 11.851643 4.316590
v -2.403431 12.213043 4.843647
v -2.230183 12.546665 5.335748
v -2.040871 12.849682 5.789347
v -1.836849 13.120239 6.201174
v -1.619595 13.357244 6.568264
v -1.390671 13.560140 6.887970
v -1.151726 13.728765 7.157991
v -0.904480 13.863217 7.376380
v -0.650719 13.963719 7.541563
v -0.392265 14.030538 7.652350
v -0.130985 14.063886 7.707944
v 0.131237 14.063886 7.707944
v 0.392517 14.030541 7.652349
v 0.650970 13.963727 7.541560
v 0.904732 13.863225 7.376375
v 1.151978 13.728776 7.157986
v 1.390923 13.560147 6.887964
v 1.619846 13.357255 6.568256
v 1.837101 13.120255 6.201165
v 2.041122 12.849693 5.789337
v 2.230434 12.546680 5.335737
v 2.403679 12.213058 4.843636
v 2.559605 11.851662 4.316577
v 2.697090 11.466694 3.758360
v 2.814205 11.115082 3.244744
v 2.911976 10.703461 2.636469
v 2.988762 10.297810 2.009656
v 3.044006 9.924427 1.368820
v 3.077312 9.632488 0.718579
v 2.497730 9.754341 0.063608
v 2.488728 9.818504 -0.466123
v 2.461784 10.028553 -0.992041
v 2.417103 10.318794 -1.510356
v 2.354996 10.643486 -2.017331
v 2.275917 10.978065 -2.509313
v 2.181377 11.361588 -3.054500
v 2.070179 11.681046 -3.505996
v 1.944065 11.983006 -3.932288
v 1.803944 12.263817 -4.330307
v 1.650829 12.520836 -4.697185
v 1.485821 12.752136 -5.030277
v 1.310104 12.956322 -5.327185
v 1.124954 13.132420 -5.585769
v 0.931694 13.279778 -5.804165
v 0.731728 13.397972 -5.980801
v 0.526485 13.486759 -6.114404
v 0.317455 13.546001 -6.204010
v 0.106136 13.575638 -6.248975
v -0.105949 13.575634 -6.248975
v -0.317265 13.546001 -6.204009
v -0.526299 13.486755 -6.114401
v -0.731537 13.397968 -5.980798
v -0.931503 13.279770 -5.804161
v -1.124760 13.132412 -5.585763
v -1.309910 12.956314 -5.327179
v -1.485622 12.752125 -5.030270
v -1.650627 12.520828 -4.697177
v -1.803741 12.263805 -4.330298
v -1.943855 11.982990 -3.932279
v -2.070908 11.628414 -3.434243
v -2.182098 11.309246 -2.982747
v -2.277580 10.978321 -2.509302
v -2.356651 10.643806 -2.017319
v -2.418755 10.319199 -1.510344
v -2.463432 10.029072 -0.992029
v -2.490368 9.819141 -0.466111
v -2.499367 9.755028 0.063620
v -2.490364 9.866478 0.593346
v -2.463428 10.106182 1.119252
v -2.418747 10.411491 1.637550
v -2.356644 10.743580 2.144507
v -2.277565 11.081753 2.636471
v -2.182087 11.414322 3.109897
v -2.070889 11.733997 3.561375
v -1.944778 12.035843 3.987651
v -1.803719 12.264042 4.313915
v -1.650604 12.521084 4.680779
v -1.485596 12.752403 5.013859
v -1.309883 12.956608 5.310755
v -1.124733 13.132721 5.569329
v -0.931477 13.280090 5.787718
v -0.731506 13.398296 5.964347
v -0.526268 13.487091 6.097945
v -0.317238 13.546341 6.187548
v -0.105919 13.575977 6.232511
v 0.106167 13.575981 6.232511
v 0.317486 13.546345 6.187546
v 0.526516 13.487095 6.097942
v 0.731754 13.398300 5.964344
v 0.931725 13.280098 5.787713
v 1.124981 13.132729 5.569324
v 1.310131 12.956615 5.310749
v 1.485844 12.752415 5.013852
v 1.650852 12.521095 4.680771
v 1.803967 12.264053 4.313907
v 1.944084 11.983219 3.915902
v 2.069252 11.733833 3.561365
v 2.180450 11.414124 3.109887
v 2.275932 11.081512 2.636460
v 2.355007 10.743279 2.144496
v 2.417110 10.411110 1.637538
v 2.461792 10.105698 1.119240
v 2.488728 9.865871 0.593334
v 1.889015 9.899235 0.063606
v 1.882206 9.941895 -0.337069
v 1.861828 10.097305 -0.734859
v 1.828033 10.315853 -1.126899
v 1.781055 10.562256 -1.510361
v 1.721245 10.817554 -1.882484
v 1.649025 11.071392 -2.240584
v 1.564915 11.317497 -2.582083
v 1.469528 11.551666 -2.904520
v 1.363544 11.770874 -3.205571
v 1.247730 11.972820 -3.483068
v 1.122921 12.155724 -3.735011
v 0.990017 12.318188 -3.959584
v 0.849972 12.459118 -4.155169
v 0.703796 12.577667 -4.320359
v 0.552547 12.673187 -4.453962
v 0.397308 12.745213 -4.555016
v 0.239201 12.793400 -4.622792
v 0.079365 12.817551 -4.656802
v -0.081047 12.817554 -4.656802
v -0.240883 12.793415 -4.622790
v -0.398991 12.745235 -4.555014
v -0.554226 12.673222 -4.453959
v -0.705479 12.577713 -4.320356
v -0.851650 12.459175 -4.155166
v -0.991692 12.318260 -3.959579
v -1.124596 12.155811 -3.735005
v -1.249401 11.972923 -3.483062
v -1.365211 11.770996 -3.205565
v -1.471191 11.551815 -2.904513
v -1.566578 11.317677 -2.582076
v -1.650684 11.071609 -2.240576
v -1.722900 10.817822 -1.882475
v -1.782711 10.562584 -1.510352
v -1.829681 10.316269 -1.126890
v -1.863476 10.097836 -0.734850
v -1.883850 9.942543 -0.337060
v -1.890656 9.899929 0.063615
v -1.883846 9.989956 0.464285
v -1.863472 10.175217 0.862066
v -1.829674 10.409119 1.254093
v -1.782703 10.663284 1.637542
v -1.722889 10.922615 2.009650
v -1.650673 11.178551 2.367737
v -1.566566 11.425678 2.709222
v -1.471180 11.660236 3.031646
v -1.365196 11.879440 3.332685
v -1.249386 12.081146 3.610171
v -1.124577 12.263672 3.862103
v -0.991673 12.425686 4.086668
v -0.851631 12.566151 4.282246
v -0.705456 12.684254 4.447429
v -0.553265 12.726479 4.509287
v -0.398026 12.798347 4.610337
v -0.239922 12.846432 4.678110
v -0.080086 12.870522 4.712119
v 0.080330 12.870522 4.712119
v 0.240166 12.846432 4.678109
v 0.398273 12.798351 4.610335
v 0.553509 12.726482 4.509284
v 0.704762 12.631149 4.375686
v 0.850933 12.512817 4.210503
v 0.990036 12.425617 4.086663
v 1.122940 12.263588 3.862098
v 1.247749 12.081047 3.610165
v 1.363560 11.879322 3.332679
v 1.469540 11.660095 3.031639
v 1.564930 11.425510 2.709215
v 1.649033 11.178349 2.367729
v 1.721252 10.922367 2.009642
v 1.781063 10.662979 1.637533
v 1.828037 10.408737 1.254084
v 1.861832 10.174732 0.862057
v 1.882210 9.989346 0.464276
v 1.266685 9.934525 0.063606
v 1.262119 9.954979 -0.205125
v 1.248451 10.053837 -0.471921
v 1.225784 10.197975 -0.734860
v 1.194279 10.362614 -0.992047
v 1.154163 10.534378 -1.241629
v 1.105724 10.706013 -1.481806
v 1.049313 10.873161 -1.710848
v 0.985336 11.032894 -1.927105
v 0.914253 11.183071 -2.129020
v 0.836578 11.322021 -2.315136
v 0.752869 11.448410 -2.484113
v 0.663731 11.561138 -2.634733
v 0.569805 11.659294 -2.765912
v 0.471764 11.742153 -2.876705
v 0.370319 11.809116 -2.966312
v 0.266205 11.859730 -3.034088
v 0.160160 11.893654 -3.079545
v 0.052959 11.910675 -3.102356
v -0.054630 11.910679 -3.102356
v -0.161831 11.893669 -3.079544
v -0.267872 11.859756 -3.034087
v -0.371990 11.809155 -2.966310
v -0.473431 11.742203 -2.876702
v -0.571468 11.659359 -2.765910
v -0.665394 11.561214 -2.634730
v -0.754532 11.448505 -2.484109
v -0.838242 11.322132 -2.315132
v -0.915913 11.183201 -2.129015
v -0.986992 11.033051 -1.927101
v -1.050968 10.873348 -1.710843
v -1.107376 10.706238 -1.481800
v -1.155811 10.534653 -1.241623
v -1.195927 10.362957 -0.992042
v -1.227432 10.198406 -0.734854
v -1.250095 10.054386 -0.471915
v -1.263760 9.955643 -0.205118
v -1.268326 9.935223 0.063612
v -1.263760 10.003006 0.332340
v -1.250095 10.131886 0.599131
v -1.227428 10.291618 0.862062
v -1.195923 10.464306 1.119239
v -1.155807 10.640434 1.368811
v -1.107368 10.814541 1.608979
v -1.050961 10.983124 1.838012
v -0.986984 11.143684 2.054260
v -0.915905 11.294315 2.256166
v -0.838230 11.433483 2.442274
v -0.754520 11.559937 2.611244
v -0.665382 11.672630 2.761859
v -0.571457 11.770710 2.893032
v -0.473415 11.853458 3.003820
v -0.371975 11.920315 3.093423
v -0.267857 11.970829 3.161197
v -0.161816 12.004681 3.206652
v -0.054615 12.021656 3.229462
v 0.052975 12.021652 3.229462
v 0.160175 12.004665 3.206651
v 0.266216 11.970802 3.161195
v 0.370335 11.920277 3.093421
v 0.471779 11.853413 3.003818
v 0.569817 11.770649 2.893030
v 0.663742 11.672558 2.761856
v 0.752880 11.559849 2.611241
v 0.836590 11.433376 2.442270
v 0.914265 11.294189 2.256161
v 0.985344 11.143539 2.054255
v 1.049320 10.982952 1.838006
v 1.105732 10.814335 1.608973
v 1.154167 10.640182 1.368805
v 1.194283 10.464001 1.119233
v 1.225788 10.291237 0.862056
v 1.248455 10.131405 0.599125
v 1.262119 10.002399 0.332334
v 0.635223 9.861771 0.063610
v 0.632935 9.859390 -0.071241
v 0.626076 9.899693 -0.205121
v 0.614700 9.967079 -0.337066
v 0.598888 10.047340 -0.466125
v 0.578758 10.132519 -0.591366
v 0.554451 10.218384 -0.711889
v 0.526146 10.302464 -0.826824
v 0.494041 10.383152 -0.935344
v 0.458370 10.459278 -1.036666
v 0.419395 10.529942 -1.130061
v 0.377388 10.594398 -1.214855
v 0.332657 10.652042 -1.290437
v 0.285522 10.702362 -1.356264
v 0.236328 10.744926 -1.411860
v 0.185421 10.779388 -1.456826
v 0.133175 10.805477 -1.490837
v 0.079964 10.822983 -1.513648
v 0.026169 10.831772 -1.525094
v -0.027821 10.831779 -1.525094
v -0.081615 10.823002 -1.513647
v -0.134827 10.805508 -1.490836
v -0.187077 10.779430 -1.456825
v -0.237980 10.744980 -1.411859
v -0.287174 10.702427 -1.356263
v -0.334309 10.652126 -1.290436
v -0.379040 10.594498 -1.214853
v -0.421043 10.530060 -1.130059
v -0.460022 10.459419 -1.036664
v -0.495689 10.383320 -0.935342
v -0.527794 10.302666 -0.826822
v -0.556099 10.218624 -0.711886
v -0.580402 10.132816 -0.591364
v -0.600533 10.047707 -0.466122
v -0.616341 9.967541 -0.337063
v -0.627716 9.900276 -0.205118
v -0.634575 9.860081 -0.071238
v -0.636864 9.862457 0.063613
v -0.634571 9.906773 0.198462
v -0.627716 9.977364 0.332340
v -0.616341 10.060722 0.464280
v -0.600533 10.149323 0.593334
v -0.580402 10.239120 0.718571
v -0.556095 10.327709 0.839089
v -0.527790 10.413490 0.954019
v -0.495686 10.495281 1.062535
v -0.460014 10.572144 1.163852
v -0.421040 10.643303 1.257243
v -0.379032 10.708099 1.342034
v -0.334301 10.765976 1.417613
v -0.287170 10.816452 1.483437
v -0.237972 10.859119 1.539031
v -0.187069 10.893650 1.583995
v -0.134823 10.919777 1.618004
v -0.081608 10.937302 1.640813
v -0.027813 10.946095 1.652260
v 0.026176 10.946091 1.652259
v 0.079967 10.937286 1.640813
v 0.133183 10.919750 1.618003
v 0.185429 10.893616 1.583993
v 0.236332 10.859074 1.539030
v 0.285530 10.816391 1.483436
v 0.332664 10.765903 1.417611
v 0.377392 10.708012 1.342031
v 0.419399 10.643196 1.257241
v 0.458378 10.572018 1.163850
v 0.494045 10.495136 1.062532
v 0.526150 10.413319 0.954017
v 0.554455 10.327507 0.839086
v 0.578762 10.238876 0.718568
v 0.598892 10.149029 0.593331
v 0.614700 10.060360 0.464277
v 0.626076 9.976906 0.332337
v 0.632935 9.906193 0.198459
vn 0.5288 -0.8356 -0.1488
vn 0.4613 -0.8058 -0.3714
vn 0.3919 -0.7804 -0.4872
vn 0.3403 -0.7659 -0.5455
vn 0.3022 -0.7579 -0.5782
vn 0.2724 -0.7533 -0.5986
vn 0.2473 -0.7505 -0.6128
vn 0.2250 -0.7489 -0.6233
vn 0.2043 -0.7479 -0.6316
vn 0.1844 -0.7473 -0.6384
vn 0.1648 -0.7470 -0.6441
vn 0.1452 -0.7469 -0.6489
vn 0.1253 -0.7470 -0.6529
vn 0.1052 -0.7471 -0.6563
vn 0.0847 -0.7473 -0.6591
vn 0.0639 -0.7475 -0.6612
vn 0.0428 -0.7476 -0.6628
vn 0.0214 -0.7477 -0.6637
vn -0.0000 -0.7477 -0.6640
vn -0.0214 -0.7477 -0.6637
vn -0.0428 -0.7476 -0.6628
vn -0.0639 -0.7475 -0.6612
vn -0.0847 -0.7473 -0.6591
vn -0.1052 -0.7471 -0.6563
vn -0.1253 -0.7470 -0.6529
vn -0.1452 -0.7469 -0.6489
vn -0.1648 -0.7470 -0.6441
vn -0.1844 -0.7473 -0.6384
vn -0.2043 -0.7479 -0.6316
vn -0.2250 -0.7489 -0.6233
vn -0.2473 -0.7505 -0.6128
vn -0.2724 -0.7533 -0.5986
vn -0.3022 -0.7579 -0.5782
vn -0.3403 -0.7659 -0.5455
vn -0.3919 -0.7804 -0.4872
vn -0.4613 -0.8058 -0.3714
vn -0.5287 -0.8356 -0.1488
vn -0.5287 -0.8356 0.1489
vn -0.4613 -0.8058 0.3714
vn -0.3919 -0.7804 0.4872
vn -0.3403 -0.7659 0.5456
vn -0.3022 -0.7578 0.5782
vn -0.2724 -0.7533 0.5987
vn -0.2473 -0.7505 0.6128
vn -0.2250 -0.7488 0.6234
vn -0.2043 -0.7478 0.6317
vn -0.1844 -0.7473 0.6384
vn -0.1648 -0.7470 0.6441
vn -0.1452 -0.7469 0.6489
vn -0.1253 -0.7470 0.6530
vn -0.1052 -0.7471 0.6563
vn -0.0847 -0.7473 0.6591
vn -0.0639 -0.7474 0.6613
vn -0.0428 -0.7476 0.6628
vn -0.0214 -0.7477 0.6637
vn -0.0000 -0.7477 0.6640
vn 0.0214 -0.7477 0.6637
vn 0.0428 -0.7476 0.6628
vn 0.0639 -0.7474 0.6613
vn 0.0847 -0.7473 0.6591
vn 0.1052 -0.7471 0.6563
vn 0.1254 -0.7470 0.6529
vn 0.1452 -0.7469 0.6489
vn 0.1648 -0.7470 0.6441
vn 0.1844 -0.7473 0.6384
vn 0.2043 -0.7478 0.6317
vn 0.2251 -0.7488 0.6234
vn 0.2473 -0.7505 0.6128
vn 0.2724 -0.7533 0.5987
vn 0.3022 -0.7578 0.5782
vn 0.3403 -0.7659 0.5456
vn 0.3919 -0.7804 0.4872
vn 0.4613 -0.8058 0.3714
vn 0.5288 -0.8356 0.1489
vn 0.6219 -0.7706 -0.1393
vn 0.5594 -0.7505 -0.3519
vn 0.4933 -0.7336 -0.4674
vn 0.4424 -0.7245 -0.5286
vn 0.4033 -0.7201 -0.5646
vn 0.3710 -0.7183 -0.5886
vn 0.3425 -0.7179 -0.6060
vn 0.3159 -0.7185 -0.6197
vn 0.2900 -0.7196 -0.6309
vn 0.2641 -0.7211 -0.6405
vn 0.2378 -0.7229 -0.6487
vn 0.2108 -0.7248 -0.6559
vn 0.1830 -0.7267 -0.6621
vn 0.1542 -0.7285 -0.6674
vn 0.1246 -0.7302 -0.6718
vn 0.0942 -0.7316 -0.6752
vn 0.0632 -0.7326 -0.6777
vn 0.0317 -0.7332 -0.6792
vn -0.0000 -0.7335 -0.6797
vn -0.0317 -0.7332 -0.6792
vn -0.0632 -0.7326 -0.6777
vn -0.0942 -0.7316 -0.6752
vn -0.1246 -0.7302 -0.6718
vn -0.1542 -0.7285 -0.6674
vn -0.1830 -0.7267 -0.6621
vn -0.2108 -0.7248 -0.6559
vn -0.2378 -0.7229 -0.6487
vn -0.2641 -0.7211 -0.6405
vn -0.2900 -0.7196 -0.6309
vn -0.3159 -0.7185 -0.6197
vn -0.3425 -0.7179 -0.6060
vn -0.3710 -0.7183 -0.5886
vn -0.4033 -0.7201 -0.5646
vn -0.4424 -0.7245 -0.5286
vn -0.4933 -0.7336 -0.4674
vn -0.5594 -0.7505 -0.3519
vn -0.6219 -0.7706 -0.1393
vn -0.6219 -0.7706 0.1394
vn -0.5594 -0.7505 0.3519
vn -0.4933 -0.7336 0.4674
vn -0.4424 -0.7245 0.5286
vn -0.4033 -0.7201 0.5647
vn -0.3710 -0.7183 0.5886
vn -0.3425 -0.7179 0.6060
vn -0.3159 -0.7184 0.6197
vn -0.2900 -0.7196 0.6310
vn -0.2641 -0.7211 0.6405
vn -0.2378 -0.7229 0.6488
vn -0.2108 -0.7248 0.6560
vn -0.1830 -0.7267 0.6622
vn -0.1542 -0.7285 0.6675
vn -0.1246 -0.7301 0.6718
vn -0.0942 -0.7315 0.6753
vn -0.0632 -0.7326 0.6778
vn -0.0317 -0.7332 0.6793
vn -0.0000 -0.7334 0.6798
vn 0.0317 -0.7332 0.6793
vn 0.0632 -0.7326 0.6778
vn 0.0942 -0.7315 0.6753
vn 0.1246 -0.7301 0.6718
vn 0.1543 -0.7285 0.6675
vn 0.1830 -0.7267 0.6622
vn 0.2108 -0.7248 0.6560
vn 0.2378 -0.7229 0.6488
vn 0.2641 -0.7211 0.6405
vn 0.2900 -0.7196 0.6310
vn 0.3159 -0.7184 0.6197
vn 0.3426 -0.7179 0.6060
vn 0.3710 -0.7183 0.5886
vn 0.4033 -0.7201 0.5647
vn 0.4424 -0.7244 0.5286
vn 0.4933 -0.7336 0.4674
vn 0.5594 -0.7505 0.3519
vn 0.6219 -0.7706 0.1394
vn 0.6968 -0.7055 -0.1295
vn 0.6408 -0.6930 -0.3304
vn 0.5799 -0.6832 -0.4438
vn 0.5315 -0.6789 -0.5066
vn 0.4928 -0.6781 -0.5452
vn 0.4597 -0.6793 -0.5720
vn 0.4293 -0.6818 -0.5924
vn 0.3997 -0.6851 -0.6090
vn 0.3700 -0.6891 -0.6231
vn 0.3395 -0.6935 -0.6355
vn 0.3077 -0.6981 -0.6465
vn 0.2744 -0.7029 -0.6563
vn 0.2394 -0.7075 -0.6649
vn 0.2027 -0.7119 -0.6724
vn 0.1644 -0.7158 -0.6787
vn 0.1247 -0.7190 -0.6838
vn 0.0838 -0.7214 -0.6874
vn 0.0421 -0.7229 -0.6897
vn -0.0000 -0.7234 -0.6904
vn -0.0421 -0.7229 -0.6897
vn -0.0838 -0.7214 -0.6874
vn -0.1247 -0.7190 -0.6838
vn -0.1644 -0.7158 -0.6787
vn -0.2027 -0.7119 -0.6724
vn -0.2394 -0.7075 -0.6649
vn -0.2744 -0.7029 -0.6563
vn -0.3077 -0.6981 -0.6465
vn -0.3395 -0.6935 -0.6355
vn -0.3700 -0.6891 -0.6231
vn -0.3997 -0.6851 -0.6090
vn -0.4293 -0.6818 -0.5924
vn -0.4597 -0.6793 -0.5720
vn -0.4928 -0.6781 -0.5452
vn -0.5315 -0.6789 -0.5066
vn -0.5799 -0.6832 -0.4438
vn -0.6408 -0.6930 -0.3304
vn -0.6968 -0.7055 -0.1295
vn -0.6968 -0.7055 0.1295
vn -0.6408 -0.6930 0.3304
vn -0.5799 -0.6832 0.4439
vn -0.5315 -0.6789 0.5066
vn -0.4928 -0.6781 0.5453
vn -0.4597 -0.6793 0.5721
vn -0.4293 -0.6817 0.5924
vn -0.3997 -0.6851 0.6090
vn -0.3700 -0.6890 0.6232
vn -0.3395 -0.6934 0.6355
vn -0.3077 -0.6981 0.6465
vn -0.2744 -0.7028 0.6563
vn -0.2394 -0.7075 0.6650
vn -0.2027 -0.7118 0.6725
vn -0.1644 -0.7157 0.6788
vn -0.1247 -0.7189 0.6838
vn -0.0838 -0.7214 0.6875
vn -0.0421 -0.7229 0.6897
vn -0.0000 -0.7234 0.6904
vn 0.0421 -0.7229 0.6897
vn 0.0838 -0.7214 0.6875
vn 0.1247 -0.7189 0.6838
vn 0.1644 -0.7157 0.6788
vn 0.2027 -0.7118 0.6725
vn 0.2394 -0.7075 0.6650
vn 0.2744 -0.7028 0.6563
vn 0.3077 -0.6981 0.6465
vn 0.3395 -0.6934 0.6355
vn 0.3700 -0.6890 0.6232
vn 0.3997 -0.6851 0.6090
vn 0.4293 -0.6817 0.5924
vn 0.4597 -0.6793 0.5721
vn 0.4928 -0.6781 0.5453
vn 0.5315 -0.6789 0.5066
vn 0.5799 -0.6832 0.4439
vn 0.6408 -0.6930 0.3304
vn 0.6968 -0.7055 0.1295
vn 0.7568 -0.6426 -0.1197
vn 0.7077 -0.6358 -0.3082
vn 0.6530 -0.6314 -0.4182
vn 0.6083 -0.6311 -0.4813
vn 0.5715 -0.6335 -0.5217
vn 0.5388 -0.6375 -0.5507
vn 0.5078 -0.6429 -0.5735
vn 0.4767 -0.6492 -0.5927
vn 0.4447 -0.6563 -0.6095
vn 0.4110 -0.6640 -0.6247
vn 0.3750 -0.6720 -0.6385
vn 0.3366 -0.6803 -0.6511
vn 0.2954 -0.6883 -0.6626
vn 0.2514 -0.6959 -0.6727
vn 0.2049 -0.7027 -0.6813
vn 0.1559 -0.7084 -0.6883
vn 0.1051 -0.7127 -0.6935
vn 0.0529 -0.7154 -0.6967
vn -0.0000 -0.7163 -0.6978
vn -0.0529 -0.7154 -0.6967
vn -0.1051 -0.7127 -0.6935
vn -0.1560 -0.7084 -0.6883
vn -0.2049 -0.7027 -0.6813
vn -0.2514 -0.6959 -0.6727
vn -0.2954 -0.6883 -0.6626
vn -0.3366 -0.6803 -0.6511
vn -0.3750 -0.6720 -0.6385
vn -0.4110 -0.6640 -0.6247
vn -0.4447 -0.6563 -0.6095
vn -0.4767 -0.6492 -0.5927
vn -0.5078 -0.6429 -0.5735
vn -0.5388 -0.6375 -0.5507
vn -0.5715 -0.6335 -0.5217
vn -0.6083 -0.6311 -0.4813
vn -0.6530 -0.6314 -0.4182
vn -0.7077 -0.6358 -0.3082
vn -0.7568 -0.6426 -0.1197
vn -0.7568 -0.6426 0.1197
vn -0.7077 -0.6358 0.3082
vn -0.6530 -0.6314 0.4182
vn -0.6083 -0.6311 0.4813
vn -0.5715 -0.6334 0.5217
vn -0.5388 -0.6375 0.5507
vn -0.5077 -0.6428 0.5736
vn -0.4767 -0.6491 0.5927
vn -0.4447 -0.6562 0.6096
vn -0.4110 -0.6639 0.6247
vn -0.3750 -0.6720 0.6386
vn -0.3366 -0.6802 0.6512
vn -0.2954 -0.6883 0.6626
vn -0.2514 -0.6959 0.6727
vn -0.2049 -0.7027 0.6814
vn -0.1559 -0.7084 0.6884
vn -0.1051 -0.7127 0.6936
vn -0.0529 -0.7154 0.6967
vn -0.0000 -0.7163 0.6978
vn 0.0529 -0.7154 0.6967
vn 0.1051 -0.7127 0.6936
vn 0.1560 -0.7084 0.6884
vn 0.2049 -0.7027 0.6814
vn 0.2514 -0.6959 0.6727
vn 0.2954 -0.6883 0.6626
vn 0.3366 -0.6802 0.6512
vn 0.3750 -0.6720 0.6386
vn 0.4110 -0.6639 0.6247
vn 0.4447 -0.6562 0.6096
vn 0.4767 -0.6491 0.5927
vn 0.5078 -0.6428 0.5735
vn 0.5388 -0.6375 0.5507
vn 0.5715 -0.6334 0.5217
vn 0.6083 -0.6311 0.4813
vn 0.6530 -0.6314 0.4182
vn 0.7077 -0.6358 0.3082
vn 0.7568 -0.6426 0.1197
vn 0.8051 -0.5829 -0.1103
vn 0.7627 -0.5801 -0.2860
vn 0.7146 -0.5797 -0.3915
vn 0.6742 -0.5825 -0.4540
vn 0.6400 -0.5874 -0.4953
vn 0.6088 -0.5939 -0.5259
vn 0.5784 -0.6018 -0.5507
vn 0.5472 -0.6109 -0.5721
vn 0.5143 -0.6211 -0.5914
vn 0.4787 -0.6322 -0.6093
vn 0.4400 -0.6439 -0.6260
vn 0.3976 -0.6559 -0.6417
vn 0.3513 -0.6678 -0.6562
vn 0.3009 -0.6792 -0.6694
vn 0.2466 -0.6895 -0.6810
vn 0.1886 -0.6983 -0.6905
vn 0.1276 -0.7050 -0.6976
vn 0.0644 -0.7092 -0.7021
vn -0.0000 -0.7106 -0.7036
vn -0.0644 -0.7092 -0.7021
vn -0.1276 -0.7050 -0.6976
vn -0.1886 -0.6983 -0.6905
vn -0.2466 -0.6895 -0.6810
vn -0.3009 -0.6792 -0.6694
vn -0.3513 -0.6678 -0.6562
vn -0.3976 -0.6559 -0.6417
vn -0.4400 -0.6439 -0.6260
vn -0.4787 -0.6322 -0.6093
vn -0.5143 -0.6211 -0.5914
vn -0.5472 -0.6109 -0.5721
vn -0.5784 -0.6018 -0.5507
vn -0.6088 -0.5939 -0.5259
vn -0.6400 -0.5874 -0.4953
vn -0.6742 -0.5825 -0.4540
vn -0.7146 -0.5797 -0.3915
vn -0.7627 -0.5801 -0.2860
vn -0.8051 -0.5829 -0.1103
vn -0.8051 -0.5829 0.1103
vn -0.7627 -0.5801 0.2861
vn -0.7146 -0.5797 0.3915
vn -0.6742 -0.5825 0.4540
vn -0.6400 -0.5874 0.4953
vn -0.6088 -0.5939 0.5259
vn -0.5784 -0.6018 0.5507
vn -0.5472 -0.6109 0.5721
vn -0.5143 -0.6211 0.5914
vn -0.4787 -0.6321 0.6093
vn -0.4400 -0.6438 0.6260
vn -0.3976 -0.6558 0.6417
vn -0.3513 -0.6678 0.6562
vn -0.3009 -0.6792 0.6695
vn -0.2466 -0.6895 0.6810
vn -0.1886 -0.6983 0.6905
vn -0.1276 -0.7050 0.6977
vn -0.0644 -0.7091 0.7021
vn -0.0000 -0.7106 0.7036
vn 0.0644 -0.7091 0.7021
vn 0.1276 -0.7050 0.6977
vn 0.1886 -0.6983 0.6905
vn 0.2466 -0.6895 0.6810
vn 0.3009 -0.6792 0.6695
vn 0.3513 -0.6678 0.6562
vn 0.3976 -0.6558 0.6417
vn 0.4400 -0.6438 0.6260
vn 0.4787 -0.6321 0.6093
vn 0.5143 -0.6211 0.5914
vn 0.5472 -0.6109 0.5721
vn 0.5784 -0.6018 0.5507
vn 0.6088 -0.5939 0.5259
vn 0.6400 -0.5874 0.4953
vn 0.6742 -0.5825 0.4540
vn 0.7146 -0.5797 0.3915
vn 0.7627 -0.5801 0.2861
vn 0.8051 -0.5829 0.1103
vn 0.8441 -0.5266 -0.1013
vn 0.8080 -0.5265 -0.2644
vn 0.7663 -0.5289 -0.3646
vn 0.7306 -0.5339 -0.4258
vn 0.6995 -0.5407 -0.4673
vn 0.6705 -0.5491 -0.4989
vn 0.6416 -0.5591 -0.5251
vn 0.6113 -0.5706 -0.5484
vn 0.5786 -0.5835 -0.5699
vn 0.5426 -0.5976 -0.5903
vn 0.5024 -0.6128 -0.6100
vn 0.4575 -0.6286 -0.6289
vn 0.4072 -0.6446 -0.6470
vn 0.3513 -0.6602 -0.6638
vn 0.2898 -0.6746 -0.6789
vn 0.2229 -0.6869 -0.6917
vn 0.1514 -0.6965 -0.7014
vn 0.0766 -0.7026 -0.7075
vn -0.0000 -0.7046 -0.7096
vn -0.0766 -0.7026 -0.7075
vn -0.1514 -0.6965 -0.7014
vn -0.2229 -0.6870 -0.6917
vn -0.2898 -0.6746 -0.6789
vn -0.3513 -0.6602 -0.6638
vn -0.4072 -0.6447 -0.6470
vn -0.4575 -0.6286 -0.6289
vn -0.5024 -0.6128 -0.6100
vn -0.5425 -0.5976 -0.5903
vn -0.5786 -0.5835 -0.5699
vn -0.6113 -0.5706 -0.5484
vn -0.6416 -0.5591 -0.5251
vn -0.6705 -0.5491 -0.4989
vn -0.6995 -0.5407 -0.4673
vn -0.7306 -0.5339 -0.4258
vn -0.7663 -0.5290 -0.3646
vn -0.8080 -0.5265 -0.2644
vn -0.8441 -0.5266 -0.1013
vn -0.8441 -0.5266 0.1013
vn -0.8080 -0.5265 0.2644
vn -0.7663 -0.5289 0.3647
vn -0.7305 -0.5338 0.4258
vn -0.6995 -0.5407 0.4673
vn -0.6705 -0.5491 0.4989
vn -0.6416 -0.5591 0.5252
vn -0.6113 -0.5705 0.5484
vn -0.5786 -0.5834 0.5699
vn -0.5425 -0.5976 0.5904
vn -0.5024 -0.6128 0.6100
vn -0.4575 -0.6286 0.6290
vn -0.4072 -0.6446 0.6470
vn -0.3513 -0.6602 0.6639
vn -0.2898 -0.6745 0.6790
vn -0.2229 -0.6869 0.6917
vn -0.1514 -0.6965 0.7014
vn -0.0766 -0.7025 0.7075
vn -0.0000 -0.7046 0.7096
vn 0.0766 -0.7025 0.7075
vn 0.1514 -0.6965 0.7014
vn 0.2229 -0.6869 0.6917
vn 0.2898 -0.6745 0.6790
vn 0.3513 -0.6602 0.6639
vn 0.4072 -0.6446 0.6470
vn 0.4575 -0.6286 0.6290
vn 0.5024 -0.6128 0.6100
vn 0.5426 -0.5976 0.5904
vn 0.5786 -0.5834 0.5699
vn 0.6113 -0.5705 0.5484
vn 0.6416 -0.5591 0.5252
vn 0.6705 -0.5491 0.4989
vn 0.6995 -0.5407 0.4673
vn 0.7306 -0.5338 0.4258
vn 0.7663 -0.5289 0.3647
vn 0.8080 -0.5265 0.2644
vn 0.8441 -0.5266 0.1013
vn 0.8758 -0.4737 -0.0927
vn 0.8454 -0.4753 -0.2434
vn 0.8098 -0.4795 -0.3381
vn 0.7786 -0.4858 -0.3973
vn 0.7509 -0.4938 -0.4385
vn 0.7245 -0.5035 -0.4706
vn 0.6977 -0.5150 -0.4980
vn 0.6691 -0.5282 -0.5228
vn 0.6376 -0.5433 -0.5462
vn 0.6021 -0.5600 -0.5691
vn 0.5618 -0.5782 -0.5916
vn 0.5156 -0.5976 -0.6140
vn 0.4627 -0.6176 -0.6360
vn 0.4024 -0.6374 -0.6571
vn 0.3344 -0.6561 -0.6765
vn 0.2589 -0.6725 -0.6933
vn 0.1768 -0.6854 -0.7064
vn 0.0898 -0.6937 -0.7147
vn -0.0000 -0.6965 -0.7175
vn -0.0898 -0.6937 -0.7147
vn -0.1768 -0.6854 -0.7064
vn -0.2589 -0.6725 -0.6933
vn -0.3344 -0.6561 -0.6765
vn -0.4024 -0.6374 -0.6571
vn -0.4627 -0.6176 -0.6360
vn -0.5156 -0.5976 -0.6140
vn -0.5618 -0.5782 -0.5916
vn -0.6021 -0.5600 -0.5691
vn -0.6376 -0.5433 -0.5462
vn -0.6691 -0.5282 -0.5228
vn -0.6977 -0.5150 -0.4980
vn -0.7245 -0.5035 -0.4706
vn -0.7509 -0.4938 -0.4385
vn -0.7786 -0.4858 -0.3973
vn -0.8098 -0.4795 -0.3381
vn -0.8454 -0.4753 -0.2434
vn -0.8758 -0.4737 -0.0927
vn -0.8758 -0.4737 0.0928
vn -0.8454 -0.4753 0.2435
vn -0.8098 -0.4795 0.3381
vn -0.7786 -0.4858 0.3973
vn -0.7509 -0.4938 0.4385
vn -0.7245 -0.5035 0.4707
vn -0.6977 -0.5150 0.4980
vn -0.6691 -0.5282 0.5228
vn -0.6376 -0.5432 0.5462
vn -0.6021 -0.5600 0.5691
vn -0.5618 -0.5782 0.5917
vn -0.5156 -0.5976 0.6141
vn -0.4627 -0.6175 0.6361
vn -0.4024 -0.6374 0.6571
vn -0.3344 -0.6561 0.6766
vn -0.2589 -0.6725 0.6933
vn -0.1768 -0.6854 0.7064
vn -0.0898 -0.6936 0.7147
vn -0.0000 -0.6965 0.7176
vn 0.0898 -0.6936 0.7147
vn 0.1768 -0.6854 0.7064
vn 0.2589 -0.6725 0.6933
vn 0.3344 -0.6561 0.6766
vn 0.4024 -0.6374 0.6571
vn 0.4627 -0.6175 0.6361
vn 0.5156 -0.5976 0.6141
vn 0.5618 -0.5782 0.5917
vn 0.6021 -0.5600 0.5691
vn 0.6376 -0.5432 0.5462
vn 0.6691 -0.5282 0.5228
vn 0.6977 -0.5150 0.4980
vn 0.7245 -0.5035 0.4707
vn 0.7509 -0.4938 0.4385
vn 0.7786 -0.4858 0.3973
vn 0.8098 -0.4795 0.3381
vn 0.8455 -0.4753 0.2435
vn 0.8758 -0.4737 0.0927
vn 0.9018 -0.4237 -0.0846
vn 0.8765 -0.4264 -0.2233
vn 0.8464 -0.4315 -0.3121
vn 0.8195 -0.4385 -0.3690
vn 0.7951 -0.4472 -0.4096
vn 0.7716 -0.4575 -0.4420
vn 0.7472 -0.4698 -0.4701
vn 0.7207 -0.4841 -0.4962
vn 0.6910 -0.5006 -0.5214
vn 0.6571 -0.5191 -0.5466
vn 0.6176 -0.5397 -0.5721
vn 0.5713 -0.5620 -0.5981
vn 0.5170 -0.5855 -0.6244
vn 0.4535 -0.6094 -0.6504
vn 0.3800 -0.6325 -0.6750
vn 0.2965 -0.6532 -0.6968
vn 0.2037 -0.6697 -0.7141
vn 0.1038 -0.6805 -0.7253
vn -0.0000 -0.6843 -0.7292
vn -0.1038 -0.6805 -0.7253
vn -0.2037 -0.6697 -0.7141
vn -0.2965 -0.6532 -0.6968
vn -0.3800 -0.6325 -0.6750
vn -0.4535 -0.6094 -0.6504
vn -0.5170 -0.5855 -0.6244
vn -0.5713 -0.5620 -0.5981
vn -0.6176 -0.5397 -0.5721
vn -0.6571 -0.5192 -0.5466
vn -0.6910 -0.5006 -0.5214
vn -0.7207 -0.4842 -0.4962
vn -0.7472 -0.4698 -0.4701
vn -0.7716 -0.4576 -0.4420
vn -0.7951 -0.4472 -0.4096
vn -0.8195 -0.4385 -0.3690
vn -0.8464 -0.4315 -0.3121
vn -0.8765 -0.4264 -0.2233
vn -0.9018 -0.4237 -0.0846
vn -0.9018 -0.4237 0.0847
vn -0.8765 -0.4264 0.2234
vn -0.8464 -0.4315 0.3122
vn -0.8195 -0.4385 0.3690
vn -0.7951 -0.4471 0.4096
vn -0.7716 -0.4575 0.4420
vn -0.7472 -0.4698 0.4702
vn -0.7207 -0.4841 0.4962
vn -0.6910 -0.5006 0.5214
vn -0.6571 -0.5191 0.5466
vn -0.6176 -0.5397 0.5722
vn -0.5713 -0.5620 0.5982
vn -0.5170 -0.5855 0.6245
vn -0.4535 -0.6094 0.6504
vn -0.3800 -0.6324 0.6750
vn -0.2965 -0.6531 0.6968
vn -0.2037 -0.6697 0.7141
vn -0.1038 -0.6805 0.7254
vn -0.0000 -0.6842 0.7293
vn 0.1038 -0.6805 0.7254
vn 0.2037 -0.6697 0.7141
vn 0.2965 -0.6531 0.6968
vn 0.3800 -0.6324 0.6750
vn 0.4535 -0.6094 0.6504
vn 0.5170 -0.5855 0.6245
vn 0.5713 -0.5620 0.5982
vn 0.6176 -0.5397 0.5722
vn 0.6571 -0.5191 0.5466
vn 0.6910 -0.5006 0.5214
vn 0.7207 -0.4841 0.4962
vn 0.7472 -0.4698 0.4701
vn 0.7716 -0.4575 0.4420
vn 0.7951 -0.4471 0.4096
vn 0.8195 -0.4385 0.3690
vn 0.8464 -0.4315 0.3122
vn 0.8765 -0.4264 0.2234
vn 0.9018 -0.4237 0.0847
vn 0.9233 -0.3764 -0.0770
vn 0.9024 -0.3795 -0.2040
vn 0.8772 -0.3850 -0.2869
vn 0.8542 -0.3922 -0.3414
vn 0.8331 -0.4009 -0.3811
vn 0.8122 -0.4114 -0.4136
vn 0.7903 -0.4239 -0.4424
vn 0.7662 -0.4386 -0.4696
vn 0.7388 -0.4556 -0.4965
vn 0.7069 -0.4752 -0.5240
vn 0.6690 -0.4972 -0.5525
vn 0.6236 -0.5215 -0.5823
vn 0.5691 -0.5478 -0.6133
vn 0.5036 -0.5751 -0.6447
vn 0.4259 -0.6021 -0.6753
vn 0.3351 -0.6270 -0.7033
vn 0.2319 -0.6474 -0.7260
vn 0.1187 -0.6609 -0.7410
vn -0.0000 -0.6657 -0.7463
vn -0.1187 -0.6609 -0.7410
vn -0.2319 -0.6474 -0.7260
vn -0.3351 -0.6270 -0.7033
vn -0.4259 -0.6021 -0.6753
vn -0.5036 -0.5751 -0.6447
vn -0.5691 -0.5478 -0.6133
vn -0.6236 -0.5216 -0.5823
vn -0.6690 -0.4972 -0.5525
vn -0.7069 -0.4752 -0.5240
vn -0.7388 -0.4556 -0.4965
vn -0.7662 -0.4386 -0.4696
vn -0.7903 -0.4239 -0.4424
vn -0.8122 -0.4114 -0.4136
vn -0.8331 -0.4009 -0.3811
vn -0.8542 -0.3922 -0.3414
vn -0.8772 -0.3850 -0.2869
vn -0.9024 -0.3795 -0.2040
vn -0.9233 -0.3764 -0.0770
vn -0.9233 -0.3764 0.0770
vn -0.9024 -0.3795 0.2041
vn -0.8772 -0.3850 0.2870
vn -0.8542 -0.3921 0.3414
vn -0.8331 -0.4009 0.3812
vn -0.8122 -0.4114 0.4136
vn -0.7903 -0.4239 0.4424
vn -0.7662 -0.4386 0.4696
vn -0.7388 -0.4556 0.4965
vn -0.7069 -0.4752 0.5240
vn -0.6690 -0.4972 0.5525
vn -0.6236 -0.5215 0.5823
vn -0.5691 -0.5478 0.6133
vn -0.5036 -0.5751 0.6447
vn -0.4259 -0.6021 0.6754
vn -0.3351 -0.6270 0.7033
vn -0.2319 -0.6474 0.7260
vn -0.1187 -0.6609 0.7410
vn -0.0000 -0.6656 0.7463
vn 0.1187 -0.6609 0.7410
vn 0.2319 -0.6474 0.7260
vn 0.3351 -0.6270 0.7033
vn 0.4259 -0.6021 0.6754
vn 0.5036 -0.5751 0.6447
vn 0.5691 -0.5478 0.6133
vn 0.6236 -0.5215 0.5823
vn 0.6690 -0.4972 0.5525
vn 0.7069 -0.4752 0.5240
vn 0.7388 -0.4556 0.4965
vn 0.7662 -0.4386 0.4696
vn 0.7903 -0.4239 0.4424
vn 0.8122 -0.4114 0.4136
vn 0.8331 -0.4009 0.3812
vn 0.8542 -0.3921 0.3414
vn 0.8772 -0.3850 0.2870
vn 0.9024 -0.3795 0.2041
vn 0.9233 -0.3764 0.0770
vn 0.9410 -0.3312 -0.0697
vn 0.9240 -0.3344 -0.1855
vn 0.9031 -0.3398 -0.2626
vn 0.8837 -0.3467 -0.3145
vn 0.8655 -0.3551 -0.3534
vn 0.8472 -0.3653 -0.3859
vn 0.8277 -0.3774 -0.4153
vn 0.8060 -0.3918 -0.4437
vn 0.7809 -0.4087 -0.4723
vn 0.7512 -0.4284 -0.5021
vn 0.7154 -0.4508 -0.5337
vn 0.6717 -0.4761 -0.5675
vn 0.6179 -0.5040 -0.6034
vn 0.5517 -0.5337 -0.6409
vn 0.4709 -0.5639 -0.6784
vn 0.3739 -0.5925 -0.7136
vn 0.2607 -0.6165 -0.7430
vn 0.1342 -0.6327 -0.7627
vn -0.0000 -0.6384 -0.7697
vn -0.1342 -0.6327 -0.7627
vn -0.2607 -0.6165 -0.7430
vn -0.3738 -0.5925 -0.7136
vn -0.4709 -0.5639 -0.6784
vn -0.5517 -0.5337 -0.6409
vn -0.6179 -0.5040 -0.6034
vn -0.6717 -0.4762 -0.5675
vn -0.7155 -0.4508 -0.5337
vn -0.7512 -0.4284 -0.5021
vn -0.7809 -0.4088 -0.4723
vn -0.8060 -0.3918 -0.4437
vn -0.8277 -0.3774 -0.4153
vn -0.8472 -0.3653 -0.3859
vn -0.8655 -0.3551 -0.3534
vn -0.8837 -0.3467 -0.3144
vn -0.9031 -0.3398 -0.2626
vn -0.9240 -0.3344 -0.1855
vn -0.9410 -0.3312 -0.0697
vn -0.9410 -0.3312 0.0697
vn -0.9240 -0.3344 0.1855
vn -0.9031 -0.3398 0.2626
vn -0.8837 -0.3467 0.3145
vn -0.8655 -0.3551 0.3534
vn -0.8472 -0.3653 0.3859
vn -0.8277 -0.3774 0.4153
vn -0.8060 -0.3918 0.4437
vn -0.7809 -0.4087 0.4724
vn -0.7512 -0.4284 0.5022
vn -0.7154 -0.4508 0.5338
vn -0.6717 -0.4761 0.5675
vn -0.6179 -0.5040 0.6035
vn -0.5517 -0.5337 0.6409
vn -0.4709 -0.5639 0.6784
vn -0.3738 -0.5925 0.7136
vn -0.2607 -0.6164 0.7430
vn -0.1342 -0.6326 0.7627
vn -0.0000 -0.6384 0.7697
vn 0.1342 -0.6326 0.7627
vn 0.2607 -0.6164 0.7430
vn 0.3739 -0.5924 0.7136
vn 0.4709 -0.5639 0.6784
vn 0.5517 -0.5337 0.6409
vn 0.6179 -0.5040 0.6035
vn 0.6717 -0.4761 0.5675
vn 0.7155 -0.4508 0.5338
vn 0.7512 -0.4283 0.5022
vn 0.7809 -0.4087 0.4724
vn 0.8060 -0.3918 0.4437
vn 0.8277 -0.3774 0.4153
vn 0.8472 -0.3653 0.3859
vn 0.8655 -0.3551 0.3534
vn 0.8837 -0.3467 0.3145
vn 0.9031 -0.3398 0.2626
vn 0.9240 -0.3344 0.1855
vn 0.9410 -0.3311 0.0697
vn 0.9557 -0.2877 -0.0627
vn 0.9420 -0.2907 -0.1677
vn 0.9249 -0.2958 -0.2390
vn 0.9086 -0.3021 -0.2884
vn 0.8929 -0.3099 -0.3265
vn 0.8770 -0.3193 -0.3592
vn 0.8597 -0.3306 -0.3894
vn 0.8402 -0.3442 -0.4191
vn 0.8174 -0.3603 -0.4495
vn 0.7900 -0.3791 -0.4818
vn 0.7565 -0.4010 -0.5166
vn 0.7148 -0.4261 -0.5545
vn 0.6625 -0.4543 -0.5956
vn 0.5965 -0.4850 -0.6395
vn 0.5138 -0.5171 -0.6846
vn 0.4117 -0.5482 -0.7280
vn 0.2895 -0.5751 -0.7652
vn 0.1499 -0.5936 -0.7907
vn -0.0000 -0.6002 -0.7998
vn -0.1499 -0.5936 -0.7907
vn -0.2895 -0.5751 -0.7652
vn -0.4117 -0.5482 -0.7280
vn -0.5138 -0.5171 -0.6846
vn -0.5965 -0.4850 -0.6395
vn -0.6625 -0.4543 -0.5956
vn -0.7148 -0.4261 -0.5545
vn -0.7565 -0.4010 -0.5166
vn -0.7900 -0.3791 -0.4818
vn -0.8174 -0.3603 -0.4495
vn -0.8402 -0.3442 -0.4191
vn -0.8597 -0.3306 -0.3894
vn -0.8770 -0.3193 -0.3592
vn -0.8929 -0.3099 -0.3265
vn -0.9086 -0.3021 -0.2884
vn -0.9249 -0.2958 -0.2390
vn -0.9420 -0.2908 -0.1677
vn -0.9557 -0.2877 -0.0627
vn -0.9557 -0.2877 0.0627
vn -0.9420 -0.2907 0.1677
vn -0.9249 -0.2958 0.2390
vn -0.9086 -0.3021 0.2884
vn -0.8929 -0.3099 0.3265
vn -0.8770 -0.3193 0.3592
vn -0.8597 -0.3306 0.3894
vn -0.8402 -0.3442 0.4191
vn -0.8174 -0.3602 0.4496
vn -0.7900 -0.3791 0.4818
vn -0.7565 -0.4010 0.5166
vn -0.7148 -0.4261 0.5545
vn -0.6625 -0.4542 0.5956
vn -0.5965 -0.4850 0.6395
vn -0.5138 -0.5170 0.6846
vn -0.4117 -0.5482 0.7280
vn -0.2895 -0.5750 0.7652
vn -0.1499 -0.5935 0.7907
vn -0.0000 -0.6002 0.7999
vn 0.1499 -0.5935 0.7907
vn 0.2895 -0.5750 0.7652
vn 0.4117 -0.5482 0.7280
vn 0.5138 -0.5170 0.6846
vn 0.5965 -0.4850 0.6395
vn 0.6625 -0.4542 0.5956
vn 0.7148 -0.4261 0.5545
vn 0.7565 -0.4010 0.5166
vn 0.7900 -0.3791 0.4818
vn 0.8174 -0.3602 0.4496
vn 0.8402 -0.3442 0.4191
vn 0.8597 -0.3306 0.3894
vn 0.8770 -0.3193 0.3592
vn 0.8929 -0.3099 0.3265
vn 0.9086 -0.3021 0.2884
vn 0.9249 -0.2957 0.2390
vn 0.9420 -0.2907 0.1677
vn 0.9557 -0.2877 0.0627
vn 0.9678 -0.2455 -0.0559
vn 0.9569 -0.2483 -0.1504
vn 0.9431 -0.2527 -0.2162
vn 0.9295 -0.2583 -0.2632
vn 0.9161 -0.2651 -0.3007
vn 0.9022 -0.2735 -0.3336
vn 0.8868 -0.2837 -0.3648
vn 0.8692 -0.2959 -0.3960
vn 0.8485 -0.3106 -0.4285
vn 0.8233 -0.3279 -0.4634
vn 0.7920 -0.3483 -0.5015
vn 0.7524 -0.3720 -0.5436
vn 0.7019 -0.3991 -0.5901
vn 0.6368 -0.4292 -0.6406
vn 0.5531 -0.4614 -0.6937
vn 0.4471 -0.4935 -0.7460
vn 0.3170 -0.5219 -0.7919
vn 0.1651 -0.5418 -0.8241
vn -0.0000 -0.5491 -0.8358
vn -0.1651 -0.5418 -0.8241
vn -0.3170 -0.5219 -0.7919
vn -0.4471 -0.4935 -0.7460
vn -0.5531 -0.4614 -0.6937
vn -0.6368 -0.4292 -0.6406
vn -0.7019 -0.3991 -0.5900
vn -0.7524 -0.3720 -0.5436
vn -0.7920 -0.3483 -0.5015
vn -0.8233 -0.3279 -0.4634
vn -0.8485 -0.3106 -0.4285
vn -0.8692 -0.2959 -0.3960
vn -0.8868 -0.2837 -0.3648
vn -0.9022 -0.2735 -0.3336
vn -0.9161 -0.2651 -0.3007
vn -0.9295 -0.2583 -0.2632
vn -0.9431 -0.2527 -0.2162
vn -0.9569 -0.2483 -0.1504
vn -0.9678 -0.2455 -0.0559
vn -0.9678 -0.2455 0.0559
vn -0.9569 -0.2482 0.1504
vn -0.9431 -0.2527 0.2162
vn -0.9295 -0.2583 0.2632
vn -0.9161 -0.2651 0.3007
vn -0.9022 -0.2735 0.3336
vn -0.8868 -0.2837 0.3648
vn -0.8692 -0.2959 0.3960
vn -0.8485 -0.3106 0.4285
vn -0.8233 -0.3279 0.4634
vn -0.7920 -0.3483 0.5015
vn -0.7524 -0.3720 0.5436
vn -0.7018 -0.3990 0.5901
vn -0.6368 -0.4292 0.6406
vn -0.5531 -0.4614 0.6937
vn -0.4471 -0.4935 0.7460
vn -0.3170 -0.5218 0.7920
vn -0.1651 -0.5418 0.8241
vn -0.0000 -0.5491 0.8358
vn 0.1651 -0.5418 0.8241
vn 0.3170 -0.5218 0.7920
vn 0.4471 -0.4935 0.7460
vn 0.5531 -0.4614 0.6937
vn 0.6368 -0.4292 0.6406
vn 0.7019 -0.3990 0.5901
vn 0.7524 -0.3720 0.5436
vn 0.7920 -0.3483 0.5015
vn 0.8233 -0.3279 0.4634
vn 0.8485 -0.3106 0.4285
vn 0.8692 -0.2959 0.3960
vn 0.8868 -0.2837 0.3648
vn 0.9022 -0.2735 0.3336
vn 0.9161 -0.2651 0.3007
vn 0.9295 -0.2583 0.2632
vn 0.9431 -0.2527 0.2162
vn 0.9569 -0.2482 0.1504
vn 0.9678 -0.2455 0.0559
vn 0.9777 -0.2043 -0.0493
vn 0.9693 -0.2066 -0.1336
vn 0.9582 -0.2103 -0.1940
vn 0.9470 -0.2150 -0.2388
vn 0.9355 -0.2208 -0.2758
vn 0.9232 -0.2280 -0.3093
vn 0.9095 -0.2367 -0.3417
vn 0.8936 -0.2473 -0.3746
vn 0.8745 -0.2600 -0.4094
vn 0.8511 -0.2753 -0.4470
vn 0.8217 -0.2933 -0.4886
vn 0.7841 -0.3145 -0.5350
vn 0.7353 -0.3391 -0.5868
vn 0.6714 -0.3669 -0.6439
vn 0.5875 -0.3973 -0.7050
vn 0.4787 -0.4283 -0.7664
vn 0.3420 -0.4563 -0.8215
vn 0.1791 -0.4764 -0.8608
vn -0.0000 -0.4838 -0.8752
vn -0.1791 -0.4764 -0.8608
vn -0.3420 -0.4563 -0.8215
vn -0.4787 -0.4283 -0.7664
vn -0.5875 -0.3973 -0.7050
vn -0.6714 -0.3670 -0.6439
vn -0.7353 -0.3391 -0.5868
vn -0.7841 -0.3145 -0.5350
vn -0.8217 -0.2933 -0.4886
vn -0.8511 -0.2753 -0.4470
vn -0.8745 -0.2600 -0.4094
vn -0.8936 -0.2473 -0.3746
vn -0.9095 -0.2367 -0.3417
vn -0.9232 -0.2280 -0.3093
vn -0.9355 -0.2208 -0.2758
vn -0.9470 -0.2150 -0.2388
vn -0.9582 -0.2103 -0.1940
vn -0.9693 -0.2066 -0.1336
vn -0.9777 -0.2043 -0.0493
vn -0.9777 -0.2043 0.0493
vn -0.9693 -0.2066 0.1336
vn -0.9582 -0.2103 0.1940
vn -0.9470 -0.2150 0.2388
vn -0.9355 -0.2208 0.2758
vn -0.9232 -0.2279 0.3093
vn -0.9095 -0.2367 0.3417
vn -0.8936 -0.2473 0.3747
vn -0.8745 -0.2600 0.4094
vn -0.8511 -0.2752 0.4471
vn -0.8217 -0.2933 0.4886
vn -0.7841 -0.3145 0.5350
vn -0.7353 -0.3391 0.5868
vn -0.6714 -0.3669 0.6439
vn -0.5875 -0.3973 0.7050
vn -0.4787 -0.4283 0.7664
vn -0.3419 -0.4563 0.8215
vn -0.1791 -0.4764 0.8608
vn -0.0000 -0.4838 0.8752
vn 0.1791 -0.4764 0.8608
vn 0.3420 -0.4563 0.8215
vn 0.4787 -0.4282 0.7664
vn 0.5875 -0.3973 0.7050
vn 0.6714 -0.3669 0.6439
vn 0.7353 -0.3391 0.5868
vn 0.7841 -0.3145 0.5350
vn 0.8217 -0.2933 0.4886
vn 0.8511 -0.2752 0.4470
vn 0.8745 -0.2600 0.4094
vn 0.8936 -0.2473 0.3747
vn 0.9095 -0.2367 0.3417
vn 0.9232 -0.2279 0.3093
vn 0.9355 -0.2208 0.2758
vn 0.9470 -0.2150 0.2388
vn 0.9582 -0.2103 0.1940
vn 0.9693 -0.2066 0.1336
vn 0.9777 -0.2043 0.0493
vn 0.9856 -0.1637 -0.0429
vn 0.9792 -0.1655 -0.1171
vn 0.9706 -0.1684 -0.1722
vn 0.9613 -0.1721 -0.2150
vn 0.9515 -0.1768 -0.2518
vn 0.9407 -0.1826 -0.2860
vn 0.9283 -0.1897 -0.3199
vn 0.9136 -0.1984 -0.3548
vn 0.8959 -0.2089 -0.3921
vn 0.8739 -0.2215 -0.4327
vn 0.8460 -0.2366 -0.4778
vn 0.8100 -0.2544 -0.5284
vn 0.7626 -0.2753 -0.5854
vn 0.6997 -0.2993 -0.6487
vn 0.6158 -0.3259 -0.7174
vn 0.5050 -0.3535 -0.7874
vn 0.3630 -0.3790 -0.8512
vn 0.1910 -0.3976 -0.8975
vn -0.0000 -0.4045 -0.9146
vn -0.1910 -0.3976 -0.8975
vn -0.3630 -0.3790 -0.8512
vn -0.5050 -0.3535 -0.7874
vn -0.6158 -0.3259 -0.7173
vn -0.6997 -0.2993 -0.6487
vn -0.7626 -0.2753 -0.5853
vn -0.8100 -0.2544 -0.5284
vn -0.8460 -0.2366 -0.4778
vn -0.8739 -0.2215 -0.4327
vn -0.8959 -0.2089 -0.3921
vn -0.9136 -0.1984 -0.3548
vn -0.9283 -0.1897 -0.3199
vn -0.9407 -0.1826 -0.2860
vn -0.9515 -0.1768 -0.2518
vn -0.9613 -0.1721 -0.2150
vn -0.9706 -0.1684 -0.1722
vn -0.9792 -0.1655 -0.1171
vn -0.9856 -0.1637 -0.0429
vn -0.9856 -0.1637 0.0429
vn -0.9792 -0.1655 0.1171
vn -0.9706 -0.1684 0.1722
vn -0.9613 -0.1721 0.2150
vn -0.9515 -0.1768 0.2518
vn -0.9407 -0.1826 0.2860
vn -0.9283 -0.1897 0.3199
vn -0.9136 -0.1984 0.3549
vn -0.8959 -0.2089 0.3921
vn -0.8739 -0.2215 0.4327
vn -0.8460 -0.2365 0.4778
vn -0.8100 -0.2544 0.5284
vn -0.7626 -0.2753 0.5854
vn -0.6997 -0.2993 0.6488
vn -0.6158 -0.3259 0.7174
vn -0.5050 -0.3535 0.7874
vn -0.3630 -0.3790 0.8513
vn -0.1910 -0.3975 0.8975
vn -0.0000 -0.4044 0.9146
vn 0.1910 -0.3975 0.8975
vn 0.3630 -0.3790 0.8513
vn 0.5050 -0.3535 0.7874
vn 0.6158 -0.3259 0.7174
vn 0.6997 -0.2993 0.6487
vn 0.7626 -0.2753 0.5854
vn 0.8100 -0.2544 0.5284
vn 0.8460 -0.2365 0.4778
vn 0.8739 -0.2215 0.4327
vn 0.8959 -0.2089 0.3921
vn 0.9136 -0.1984 0.3549
vn 0.9283 -0.1897 0.3199
vn 0.9407 -0.1826 0.2860
vn 0.9515 -0.1768 0.2518
vn 0.9613 -0.1721 0.2150
vn 0.9706 -0.1684 0.1722
vn 0.9792 -0.1655 0.1171
vn 0.9856 -0.1637 0.0429
vn 0.9917 -0.1234 -0.0365
vn 0.9871 -0.1246 -0.1008
vn 0.9804 -0.1267 -0.1508
vn 0.9729 -0.1294 -0.1917
vn 0.9645 -0.1329 -0.2283
vn 0.9548 -0.1373 -0.2636
vn 0.9435 -0.1427 -0.2992
vn 0.9298 -0.1493 -0.3363
vn 0.9131 -0.1573 -0.3762
vn 0.8921 -0.1670 -0.4200
vn 0.8651 -0.1786 -0.4686
vn 0.8301 -0.1924 -0.5234
vn 0.7836 -0.2087 -0.5851
vn 0.7213 -0.2276 -0.6542
vn 0.6373 -0.2487 -0.7294
vn 0.5249 -0.2710 -0.8069
vn 0.3789 -0.2917 -0.8782
vn 0.2001 -0.3071 -0.9304
vn -0.0000 -0.3128 -0.9498
vn -0.2001 -0.3071 -0.9304
vn -0.3789 -0.2917 -0.8782
vn -0.5249 -0.2710 -0.8069
vn -0.6373 -0.2488 -0.7294
vn -0.7213 -0.2276 -0.6542
vn -0.7836 -0.2087 -0.5851
vn -0.8301 -0.1924 -0.5234
vn -0.8652 -0.1786 -0.4686
vn -0.8921 -0.1670 -0.4200
vn -0.9131 -0.1573 -0.3762
vn -0.9298 -0.1493 -0.3363
vn -0.9435 -0.1427 -0.2992
vn -0.9548 -0.1373 -0.2636
vn -0.9645 -0.1329 -0.2283
vn -0.9729 -0.1294 -0.1917
vn -0.9804 -0.1267 -0.1508
vn -0.9871 -0.1246 -0.1008
vn -0.9917 -0.1234 -0.0365
vn -0.9917 -0.1234 0.0365
vn -0.9871 -0.1246 0.1008
vn -0.9804 -0.1267 0.1508
vn -0.9729 -0.1294 0.1917
vn -0.9645 -0.1329 0.2283
vn -0.9548 -0.1373 0.2636
vn -0.9435 -0.1427 0.2992
vn -0.9298 -0.1493 0.3363
vn -0.9131 -0.1573 0.3762
vn -0.8921 -0.1670 0.4200
vn -0.8651 -0.1786 0.4687
vn -0.8301 -0.1924 0.5234
vn -0.7836 -0.2087 0.5851
vn -0.7213 -0.2276 0.6542
vn -0.6373 -0.2487 0.7294
vn -0.5249 -0.2709 0.8069
vn -0.3789 -0.2917 0.8782
vn -0.2001 -0.3070 0.9304
vn -0.0000 -0.3127 0.9498
vn 0.2001 -0.3070 0.9304
vn 0.3790 -0.2917 0.8782
vn 0.5249 -0.2709 0.8069
vn 0.6373 -0.2487 0.7294
vn 0.7213 -0.2276 0.6542
vn 0.7836 -0.2087 0.5851
vn 0.8301 -0.1924 0.5234
vn 0.8652 -0.1785 0.4687
vn 0.8921 -0.1669 0.4200
vn 0.9131 -0.1573 0.3762
vn 0.9298 -0.1493 0.3363
vn 0.9435 -0.1427 0.2992
vn 0.9548 -0.1373 0.2636
vn 0.9645 -0.1329 0.2283
vn 0.9729 -0.1294 0.1917
vn 0.9804 -0.1267 0.1508
vn 0.9871 -0.1246 0.1008
vn 0.9917 -0.1234 0.0365
vn 0.9961 -0.0829 -0.0301
vn 0.9929 -0.0836 -0.0845
vn 0.9880 -0.0849 -0.1294
vn 0.9819 -0.0867 -0.1685
vn 0.9747 -0.0890 -0.2053
vn 0.9660 -0.0919 -0.2417
vn 0.9555 -0.0955 -0.2791
vn 0.9426 -0.0999 -0.3187
vn 0.9264 -0.1053 -0.3614
vn 0.9060 -0.1119 -0.4083
vn 0.8795 -0.1197 -0.4605
vn 0.8449 -0.1291 -0.5192
vn 0.7987 -0.1402 -0.5852
vn 0.7363 -0.1531 -0.6591
vn 0.6518 -0.1676 -0.7396
vn 0.5381 -0.1830 -0.8228
vn 0.3893 -0.1974 -0.8997
vn 0.2059 -0.2081 -0.9562
vn -0.0000 -0.2121 -0.9772
vn -0.2059 -0.2081 -0.9562
vn -0.3893 -0.1974 -0.8997
vn -0.5381 -0.1830 -0.8228
vn -0.6518 -0.1676 -0.7396
vn -0.7363 -0.1531 -0.6591
vn -0.7987 -0.1402 -0.5852
vn -0.8449 -0.1291 -0.5192
vn -0.8795 -0.1197 -0.4605
vn -0.9060 -0.1119 -0.4083
vn -0.9264 -0.1053 -0.3614
vn -0.9426 -0.0999 -0.3187
vn -0.9555 -0.0955 -0.2791
vn -0.9660 -0.0919 -0.2417
vn -0.9747 -0.0890 -0.2053
vn -0.9819 -0.0867 -0.1685
vn -0.9880 -0.0849 -0.1294
vn -0.9929 -0.0836 -0.0845
vn -0.9961 -0.0829 -0.0301
vn -0.9961 -0.0829 0.0301
vn -0.9929 -0.0836 0.0845
vn -0.9880 -0.0849 0.1294
vn -0.9819 -0.0867 0.1685
vn -0.9747 -0.0890 0.2053
vn -0.9660 -0.0919 0.2417
vn -0.9555 -0.0955 0.2791
vn -0.9426 -0.0999 0.3187
vn -0.9264 -0.1053 0.3614
vn -0.9060 -0.1118 0.4083
vn -0.8795 -0.1197 0.4605
vn -0.8449 -0.1291 0.5192
vn -0.7987 -0.1402 0.5852
vn -0.7363 -0.1531 0.6591
vn -0.6518 -0.1676 0.7396
vn -0.5381 -0.1829 0.8228
vn -0.3893 -0.1973 0.8997
vn -0.2059 -0.2081 0.9562
vn -0.0000 -0.2121 0.9773
vn 0.2059 -0.2081 0.9562
vn 0.3893 -0.1973 0.8997
vn 0.5381 -0.1829 0.8228
vn 0.6518 -0.1676 0.7396
vn 0.7363 -0.1531 0.6591
vn 0.7987 -0.1402 0.5852
vn 0.8449 -0.1291 0.5192
vn 0.8795 -0.1197 0.4605
vn 0.9060 -0.1118 0.4083
vn 0.9264 -0.1053 0.3614
vn 0.9426 -0.0999 0.3187
vn 0.9555 -0.0955 0.2791
vn 0.9660 -0.0919 0.2417
vn 0.9747 -0.0890 0.2053
vn 0.9819 -0.0867 0.1685
vn 0.9880 -0.0849 0.1294
vn 0.9929 -0.0836 0.0845
vn 0.9961 -0.0829 0.0301
vn 0.9988 -0.0419 -0.0236
vn 0.9968 -0.0422 -0.0680
vn 0.9932 -0.0428 -0.1079
vn 0.9884 -0.0436 -0.1453
vn 0.9822 -0.0448 -0.1822
vn 0.9744 -0.0462 -0.2199
vn 0.9646 -0.0480 -0.2593
vn 0.9522 -0.0502 -0.3014
vn 0.9364 -0.0530 -0.3469
vn 0.9161 -0.0562 -0.3970
vn 0.8897 -0.0602 -0.4526
vn 0.8549 -0.0649 -0.5148
vn 0.8083 -0.0705 -0.5846
vn 0.7453 -0.0769 -0.6623
vn 0.6598 -0.0842 -0.7467
vn 0.5447 -0.0919 -0.8336
vn 0.3941 -0.0992 -0.9137
vn 0.2085 -0.1046 -0.9724
vn -0.0000 -0.1066 -0.9943
vn -0.2085 -0.1046 -0.9724
vn -0.3941 -0.0992 -0.9137
vn -0.5447 -0.0919 -0.8336
vn -0.6598 -0.0842 -0.7467
vn -0.7453 -0.0769 -0.6623
vn -0.8083 -0.0705 -0.5846
vn -0.8549 -0.0649 -0.5148
vn -0.8897 -0.0602 -0.4526
vn -0.9161 -0.0562 -0.3970
vn -0.9364 -0.0530 -0.3469
vn -0.9522 -0.0502 -0.3014
vn -0.9646 -0.0480 -0.2593
vn -0.9744 -0.0462 -0.2199
vn -0.9822 -0.0448 -0.1822
vn -0.9884 -0.0436 -0.1453
vn -0.9932 -0.0428 -0.1079
vn -0.9968 -0.0422 -0.0680
vn -0.9988 -0.0419 -0.0236
vn -0.9988 -0.0419 0.0236
vn -0.9968 -0.0422 0.0680
vn -0.9932 -0.0428 0.1079
vn -0.9884 -0.0436 0.1453
vn -0.9822 -0.0448 0.1822
vn -0.9744 -0.0462 0.2199
vn -0.9646 -0.0480 0.2593
vn -0.9522 -0.0502 0.3014
vn -0.9364 -0.0529 0.3469
vn -0.9161 -0.0562 0.3970
vn -0.8897 -0.0602 0.4526
vn -0.8549 -0.0649 0.5148
vn -0.8083 -0.0704 0.5846
vn -0.7453 -0.0769 0.6623
vn -0.6598 -0.0842 0.7467
vn -0.5447 -0.0919 0.8336
vn -0.3941 -0.0991 0.9137
vn -0.2085 -0.1045 0.9724
vn -0.0000 -0.1065 0.9943
vn 0.2085 -0.1045 0.9724
vn 0.3941 -0.0991 0.9137
vn 0.5447 -0.0919 0.8336
vn 0.6598 -0.0842 0.7467
vn 0.7453 -0.0769 0.6623
vn 0.8083 -0.0704 0.5846
vn 0.8549 -0.0649 0.5148
vn 0.8897 -0.0601 0.4526
vn 0.9161 -0.0562 0.3970
vn 0.9364 -0.0529 0.3469
vn 0.9522 -0.0502 0.3014
vn 0.9646 -0.0480 0.2593
vn 0.9744 -0.0462 0.2199
vn 0.9822 -0.0448 0.1822
vn 0.9884 -0.0436 0.1453
vn 0.9932 -0.0428 0.1079
vn 0.9968 -0.0422 0.0680
vn 0.9988 -0.0419 0.0236
vn 0.9999 -0.0000 -0.0170
vn 0.9987 -0.0000 -0.0512
vn 0.9963 -0.0000 -0.0859
vn 0.9926 -0.0000 -0.1216
vn 0.9873 -0.0000 -0.1587
vn 0.9803 -0.0000 -0.1977
vn 0.9710 -0.0000 -0.2391
vn 0.9589 -0.0000 -0.2837
vn 0.9433 -0.0000 -0.3321
vn 0.9229 -0.0000 -0.3852
vn 0.8961 -0.0000 -0.4439
vn 0.8606 -0.0000 -0.5093
vn 0.8131 -0.0000 -0.5822
vn 0.7489 -0.0000 -0.6627
vn 0.6620 -0.0000 -0.7495
vn 0.5455 -0.0000 -0.8381
vn 0.3940 -0.0000 -0.9191
vn 0.2081 -0.0000 -0.9781
vn -0.0000 -0.0000 -1.0000
vn -0.2081 -0.0000 -0.9781
vn -0.3940 -0.0000 -0.9191
vn -0.5455 -0.0000 -0.8381
vn -0.6620 -0.0000 -0.7495
vn -0.7489 -0.0000 -0.6627
vn -0.8131 -0.0000 -0.5822
vn -0.8606 -0.0000 -0.5093
vn -0.8961 -0.0000 -0.4439
vn -0.9229 -0.0000 -0.3852
vn -0.9433 -0.0000 -0.3321
vn -0.9589 -0.0000 -0.2837
vn -0.9710 -0.0000 -0.2391
vn -0.9803 -0.0000 -0.1977
vn -0.9873 -0.0000 -0.1587
vn -0.9926 -0.0000 -0.1216
vn -0.9963 -0.0000 -0.0859
vn -0.9987 -0.0000 -0.0512
vn -0.9999 -0.0000 -0.0170
vn -0.9999 -0.0000 0.0170
vn -0.9987 -0.0000 0.0512
vn -0.9963 -0.0000 0.0859
vn -0.9926 -0.0000 0.1216
vn -0.9873 -0.0000 0.1587
vn -0.9803 -0.0000 0.1977
vn -0.9710 -0.0000 0.2391
vn -0.9589 -0.0000 0.2837
vn -0.9433 -0.0000 0.3321
vn -0.9229 -0.0000 0.3852
vn -0.8961 -0.0000 0.4439
vn -0.8606 -0.0000 0.5093
vn -0.8131 -0.0000 0.5822
vn -0.7489 -0.0000 0.6627
vn -0.6620 -0.0000 0.7495
vn -0.5455 -0.0000 0.8381
vn -0.3940 -0.0000 0.9191
vn -0.2081 -0.0000 0.9781
vn -0.0000 -0.0000 1.0000
vn 0.2081 -0.0000 0.9781
vn 0.3940 -0.0000 0.9191
vn 0.5456 -0.0000 0.8381
vn 0.6620 -0.0000 0.7495
vn 0.7489 -0.0000 0.6627
vn 0.8131 -0.0000 0.5822
vn 0.8606 -0.0000 0.5093
vn 0.8961 -0.0000 0.4439
vn 0.9229 -0.0000 0.3852
vn 0.9433 -0.0000 0.3321
vn 0.9589 -0.0000 0.2837
vn 0.9710 -0.0000 0.2391
vn 0.9803 -0.0000 0.1977
vn 0.9873 -0.0000 0.1587
vn 0.9926 -0.0000 0.1216
vn 0.9963 -0.0000 0.0859
vn 0.9987 -0.0000 0.0512
vn 0.9999 -0.0000 0.0170
vn 0.9990 0.0432 -0.0101
vn 0.9985 0.0434 -0.0338
vn 0.9970 0.0438 -0.0632
vn 0.9943 0.0445 -0.0971
vn 0.9899 0.0456 -0.1343
vn 0.9835 0.0470 -0.1746
vn 0.9747 0.0488 -0.2180
vn 0.9629 0.0510 -0.2649
vn 0.9473 0.0537 -0.3159
vn 0.9265 0.0570 -0.3718
vn 0.8991 0.0609 -0.4334
vn 0.8626 0.0655 -0.5016
vn 0.8138 0.0710 -0.5768
vn 0.7480 0.0772 -0.6592
vn 0.6595 0.0842 -0.7469
vn 0.5418 0.0914 -0.8355
vn 0.3901 0.0981 -0.9155
vn 0.2056 0.1030 -0.9732
vn -0.0000 0.1048 -0.9945
vn -0.2056 0.1030 -0.9732
vn -0.3901 0.0981 -0.9155
vn -0.5418 0.0914 -0.8355
vn -0.6595 0.0841 -0.7469
vn -0.7480 0.0772 -0.6591
vn -0.8138 0.0710 -0.5768
vn -0.8626 0.0655 -0.5016
vn -0.8991 0.0609 -0.4334
vn -0.9265 0.0570 -0.3718
vn -0.9473 0.0537 -0.3159
vn -0.9629 0.0510 -0.2649
vn -0.9747 0.0488 -0.2179
vn -0.9835 0.0470 -0.1746
vn -0.9899 0.0456 -0.1343
vn -0.9943 0.0445 -0.0971
vn -0.9970 0.0438 -0.0632
vn -0.9985 0.0433 -0.0337
vn -0.9990 0.0432 -0.0101
vn -0.9990 0.0432 0.0101
vn -0.9985 0.0433 0.0337
vn -0.9970 0.0438 0.0632
vn -0.9943 0.0445 0.0971
vn -0.9899 0.0456 0.1343
vn -0.9835 0.0470 0.1746
vn -0.9747 0.0488 0.2179
vn -0.9629 0.0510 0.2649
vn -0.9473 0.0538 0.3159
vn -0.9265 0.0570 0.3718
vn -0.8991 0.0609 0.4334
vn -0.8626 0.0655 0.5016
vn -0.8138 0.0710 0.5768
vn -0.7480 0.0772 0.6591
vn -0.6595 0.0842 0.7469
vn -0.5418 0.0914 0.8355
vn -0.3901 0.0981 0.9155
vn -0.2056 0.1031 0.9732
vn -0.0000 0.1049 0.9945
vn 0.2056 0.1031 0.9732
vn 0.3901 0.0981 0.9155
vn 0.5418 0.0914 0.8355
vn 0.6595 0.0842 0.7469
vn 0.7480 0.0772 0.6591
vn 0.8138 0.0710 0.5768
vn 0.8626 0.0656 0.5015
vn 0.8991 0.0609 0.4334
vn 0.9265 0.0570 0.3718
vn 0.9473 0.0538 0.3159
vn 0.9629 0.0511 0.2649
vn 0.9747 0.0488 0.2179
vn 0.9835 0.0470 0.1746
vn 0.9899 0.0456 0.1343
vn 0.9943 0.0445 0.0971
vn 0.9970 0.0438 0.0632
vn 0.9985 0.0434 0.0337
vn 0.9990 0.0432 0.0101
vn 0.9961 0.0881 -0.0029
vn 0.9960 0.0883 -0.0155
vn 0.9953 0.0890 -0.0395
vn 0.9933 0.0903 -0.0714
vn 0.9898 0.0924 -0.1086
vn 0.9841 0.0952 -0.1499
vn 0.9758 0.0988 -0.1950
vn 0.9642 0.1032 -0.2441
vn 0.9485 0.1086 -0.2976
vn 0.9274 0.1151 -0.3560
vn 0.8992 0.1228 -0.4200
vn 0.8615 0.1319 -0.4903
vn 0.8111 0.1426 -0.5672
vn 0.7436 0.1547 -0.6505
vn 0.6534 0.1680 -0.7381
vn 0.5348 0.1817 -0.8252
vn 0.3835 0.1943 -0.9029
vn 0.2015 0.2034 -0.9582
vn -0.0000 0.2067 -0.9784
vn -0.2015 0.2034 -0.9582
vn -0.3835 0.1943 -0.9029
vn -0.5348 0.1817 -0.8252
vn -0.6534 0.1680 -0.7381
vn -0.7436 0.1547 -0.6505
vn -0.8111 0.1425 -0.5672
vn -0.8615 0.1319 -0.4903
vn -0.8992 0.1228 -0.4200
vn -0.9274 0.1151 -0.3560
vn -0.9485 0.1086 -0.2976
vn -0.9642 0.1032 -0.2441
vn -0.9758 0.0988 -0.1950
vn -0.9841 0.0952 -0.1499
vn -0.9898 0.0924 -0.1086
vn -0.9933 0.0903 -0.0714
vn -0.9953 0.0889 -0.0395
vn -0.9960 0.0883 -0.0155
vn -0.9961 0.0881 -0.0029
vn -0.9961 0.0881 0.0029
vn -0.9960 0.0883 0.0155
vn -0.9953 0.0889 0.0395
vn -0.9933 0.0903 0.0714
vn -0.9898 0.0924 0.1086
vn -0.9841 0.0952 0.1499
vn -0.9758 0.0988 0.1950
vn -0.9642 0.1032 0.2441
vn -0.9485 0.1086 0.2976
vn -0.9274 0.1151 0.3560
vn -0.8992 0.1228 0.4200
vn -0.8615 0.1320 0.4903
vn -0.8111 0.1426 0.5672
vn -0.7436 0.1547 0.6505
vn -0.6534 0.1680 0.7381
vn -0.5348 0.1818 0.8252
vn -0.3835 0.1943 0.9029
vn -0.2015 0.2034 0.9581
vn -0.0000 0.2068 0.9784
vn 0.2015 0.2034 0.9581
vn 0.3835 0.1943 0.9029
vn 0.5348 0.1818 0.8252
vn 0.6534 0.1680 0.7381
vn 0.7436 0.1547 0.6505
vn 0.8111 0.1426 0.5672
vn 0.8615 0.1320 0.4903
vn 0.8992 0.1228 0.4200
vn 0.9274 0.1151 0.3560
vn 0.9485 0.1086 0.2975
vn 0.9642 0.1033 0.2441
vn 0.9758 0.0988 0.1950
vn 0.9841 0.0952 0.1499
vn 0.9898 0.0924 0.1086
vn 0.9933 0.0903 0.0714
vn 0.9953 0.0890 0.0395
vn 0.9960 0.0883 0.0155
vn 0.9961 0.0881 0.0029
vn 0.9908 0.1353 0.0047
vn 0.9908 0.1352 0.0037
vn 0.9906 0.1359 -0.0143
vn 0.9895 0.1377 -0.0441
vn 0.9867 0.1408 -0.0810
vn 0.9818 0.1449 -0.1230
vn 0.9740 0.1503 -0.1695
vn 0.9627 0.1570 -0.2204
vn 0.9469 0.1650 -0.2759
vn 0.9254 0.1747 -0.3363
vn 0.8964 0.1862 -0.4023
vn 0.8575 0.1996 -0.4742
vn 0.8056 0.2152 -0.5521
vn 0.7363 0.2327 -0.6353
vn 0.6447 0.2518 -0.7218
vn 0.5253 0.2712 -0.8065
vn 0.3751 0.2887 -0.8809
vn 0.1964 0.3012 -0.9331
vn -0.0000 0.3058 -0.9521
vn -0.1964 0.3012 -0.9331
vn -0.3752 0.2886 -0.8809
vn -0.5253 0.2712 -0.8065
vn -0.6447 0.2518 -0.7218
vn -0.7363 0.2327 -0.6353
vn -0.8056 0.2151 -0.5520
vn -0.8575 0.1996 -0.4741
vn -0.8964 0.1862 -0.4023
vn -0.9254 0.1747 -0.3363
vn -0.9469 0.1650 -0.2759
vn -0.9627 0.1570 -0.2204
vn -0.9740 0.1503 -0.1695
vn -0.9818 0.1449 -0.1230
vn -0.9867 0.1408 -0.0809
vn -0.9895 0.1377 -0.0441
vn -0.9906 0.1359 -0.0143
vn -0.9908 0.1352 0.0037
vn -0.9908 0.1353 0.0047
vn -0.9908 0.1353 -0.0047
vn -0.9908 0.1352 -0.0037
vn -0.9906 0.1359 0.0143
vn -0.9895 0.1377 0.0441
vn -0.9867 0.1408 0.0809
vn -0.9818 0.1449 0.1230
vn -0.9740 0.1503 0.1695
vn -0.9627 0.1570 0.2204
vn -0.9469 0.1651 0.2759
vn -0.9254 0.1747 0.3363
vn -0.8964 0.1862 0.4023
vn -0.8575 0.1996 0.4741
vn -0.8056 0.2152 0.5520
vn -0.7363 0.2327 0.6353
vn -0.6447 0.2518 0.7218
vn -0.5253 0.2712 0.8065
vn -0.3751 0.2887 0.8809
vn -0.1964 0.3012 0.9331
vn -0.0000 0.3058 0.9521
vn 0.1964 0.3012 0.9331
vn 0.3752 0.2887 0.8809
vn 0.5253 0.2712 0.8065
vn 0.6447 0.2518 0.7218
vn 0.7363 0.2327 0.6353
vn 0.8056 0.2152 0.5520
vn 0.8575 0.1996 0.4741
vn 0.8964 0.1862 0.4023
vn 0.9254 0.1747 0.3363
vn 0.9469 0.1651 0.2759
vn 0.9627 0.1570 0.2204
vn 0.9740 0.1503 0.1695
vn 0.9818 0.1449 0.1230
vn 0.9867 0.1408 0.0809
vn 0.9895 0.1377 0.0441
vn 0.9906 0.1359 0.0143
vn 0.9908 0.1352 -0.0037
vn 0.9908 0.1353 -0.0047
vn 0.9826 0.1853 0.0129
vn 0.9825 0.1846 0.0243
vn 0.9827 0.1850 0.0126
vn 0.9822 0.1871 -0.0146
vn 0.9803 0.1910 -0.0508
vn 0.9761 0.1966 -0.0932
vn 0.9689 0.2037 -0.1406
vn 0.9579 0.2126 -0.1928
vn 0.9422 0.2234 -0.2497
vn 0.9204 0.2363 -0.3116
vn 0.8907 0.2514 -0.3788
vn 0.8507 0.2691 -0.4516
vn 0.7974 0.2893 -0.5296
vn 0.7266 0.3119 -0.6122
vn 0.6338 0.3361 -0.6967
vn 0.5143 0.3604 -0.7782
vn 0.3657 0.3821 -0.8487
vn 0.1909 0.3974 -0.8976
vn -0.0000 0.4029 -0.9152
vn -0.1909 0.3974 -0.8976
vn -0.3657 0.3821 -0.8487
vn -0.5143 0.3604 -0.7782
vn -0.6338 0.3361 -0.6967
vn -0.7266 0.3119 -0.6122
vn -0.7974 0.2893 -0.5296
vn -0.8507 0.2691 -0.4516
vn -0.8907 0.2514 -0.3788
vn -0.9204 0.2363 -0.3116
vn -0.9422 0.2234 -0.2497
vn -0.9579 0.2126 -0.1928
vn -0.9689 0.2037 -0.1406
vn -0.9761 0.1966 -0.0932
vn -0.9803 0.1910 -0.0508
vn -0.9822 0.1871 -0.0146
vn -0.9827 0.1850 0.0126
vn -0.9825 0.1846 0.0243
vn -0.9826 0.1853 0.0129
vn -0.9826 0.1853 -0.0129
vn -0.9825 0.1846 -0.0244
vn -0.9827 0.1850 -0.0126
vn -0.9822 0.1871 0.0146
vn -0.9803 0.1910 0.0508
vn -0.9761 0.1966 0.0932
vn -0.9689 0.2037 0.1406
vn -0.9579 0.2126 0.1928
vn -0.9422 0.2234 0.2497
vn -0.9204 0.2363 0.3116
vn -0.8907 0.2515 0.3788
vn -0.8507 0.2691 0.4515
vn -0.7974 0.2893 0.5296
vn -0.7266 0.3119 0.6121
vn -0.6338 0.3362 0.6966
vn -0.5143 0.3605 0.7782
vn -0.3657 0.3821 0.8487
vn -0.1909 0.3974 0.8976
vn -0.0000 0.4030 0.9152
vn 0.1909 0.3974 0.8976
vn 0.3657 0.3821 0.8487
vn 0.5143 0.3605 0.7782
vn 0.6338 0.3362 0.6966
vn 0.7266 0.3119 0.6121
vn 0.7974 0.2893 0.5296
vn 0.8507 0.2691 0.4515
vn 0.8907 0.2515 0.3788
vn 0.9204 0.2363 0.3116
vn 0.9422 0.2234 0.2497
vn 0.9579 0.2127 0.1927
vn 0.9689 0.2037 0.1406
vn 0.9761 0.1966 0.0931
vn 0.9803 0.1910 0.0508
vn 0.9822 0.1871 0.0146
vn 0.9827 0.1850 -0.0126
vn 0.9825 0.1846 -0.0244
vn 0.9826 0.1853 -0.0129
vn 0.9708 0.2389 0.0217
vn 0.9704 0.2370 0.0466
vn 0.9707 0.2367 0.0417
vn 0.9709 0.2389 0.0175
vn 0.9697 0.2436 -0.0175
vn 0.9663 0.2504 -0.0597
vn 0.9598 0.2594 -0.1074
vn 0.9493 0.2706 -0.1601
vn 0.9337 0.2842 -0.2178
vn 0.9117 0.3003 -0.2804
vn 0.8815 0.3191 -0.3480
vn 0.8407 0.3409 -0.4207
vn 0.7863 0.3656 -0.4981
vn 0.7145 0.3929 -0.5789
vn 0.6210 0.4219 -0.6607
vn 0.5019 0.4505 -0.7384
vn 0.3555 0.4756 -0.8046
vn 0.1850 0.4932 -0.8500
vn -0.0000 0.4996 -0.8663
vn -0.1851 0.4932 -0.8500
vn -0.3555 0.4756 -0.8046
vn -0.5019 0.4505 -0.7384
vn -0.6210 0.4218 -0.6606
vn -0.7145 0.3929 -0.5789
vn -0.7863 0.3656 -0.4981
vn -0.8407 0.3409 -0.4207
vn -0.8815 0.3191 -0.3480
vn -0.9117 0.3003 -0.2803
vn -0.9337 0.2842 -0.2178
vn -0.9493 0.2706 -0.1601
vn -0.9598 0.2594 -0.1074
vn -0.9663 0.2504 -0.0596
vn -0.9697 0.2436 -0.0175
vn -0.9709 0.2389 0.0175
vn -0.9707 0.2367 0.0417
vn -0.9704 0.2370 0.0466
vn -0.9708 0.2389 0.0217
vn -0.9708 0.2389 -0.0218
vn -0.9704 0.2370 -0.0466
vn -0.9707 0.2367 -0.0417
vn -0.9709 0.2389 -0.0175
vn -0.9697 0.2436 0.0175
vn -0.9663 0.2504 0.0596
vn -0.9598 0.2594 0.1074
vn -0.9493 0.2706 0.1601
vn -0.9337 0.2842 0.2177
vn -0.9117 0.3003 0.2803
vn -0.8815 0.3191 0.3480
vn -0.8407 0.3409 0.4207
vn -0.7863 0.3656 0.4981
vn -0.7145 0.3929 0.5789
vn -0.6210 0.4219 0.6606
vn -0.5019 0.4505 0.7383
vn -0.3555 0.4757 0.8046
vn -0.1850 0.4933 0.8500
vn -0.0000 0.4996 0.8662
vn 0.1850 0.4933 0.8500
vn 0.3555 0.4757 0.8046
vn 0.5019 0.4505 0.7383
vn 0.6210 0.4219 0.6606
vn 0.7145 0.3929 0.5789
vn 0.7863 0.3656 0.4981
vn 0.8407 0.3409 0.4207
vn 0.8815 0.3191 0.3480
vn 0.9117 0.3003 0.2803
vn 0.9337 0.2842 0.2177
vn 0.9493 0.2707 0.1601
vn 0.9598 0.2594 0.1074
vn 0.9663 0.2504 0.0596
vn 0.9697 0.2436 0.0175
vn 0.9709 0.2389 -0.0175
vn 0.9707 0.2367 -0.0417
vn 0.9704 0.2370 -0.0466
vn 0.9708 0.2389 -0.0218
vn 0.9545 0.2966 0.0314
vn 0.9535 0.2930 0.0708
vn 0.9538 0.2914 0.0733
vn 0.9545 0.2934 0.0527
vn 0.9542 0.2987 0.0195
vn 0.9515 0.3068 -0.0217
vn 0.9457 0.3177 -0.0689
vn 0.9357 0.3312 -0.1214
vn 0.9204 0.3476 -0.1787
vn 0.8985 0.3670 -0.2410
vn 0.8680 0.3895 -0.3080
vn 0.8267 0.4153 -0.3795
vn 0.7716 0.4444 -0.4551
vn 0.6992 0.4762 -0.5332
vn 0.6057 0.5095 -0.6112
vn 0.4877 0.5420 -0.6843
vn 0.3443 0.5702 -0.7459
vn 0.1787 0.5897 -0.7876
vn -0.0000 0.5968 -0.8024
vn -0.1787 0.5897 -0.7876
vn -0.3443 0.5702 -0.7459
vn -0.4877 0.5420 -0.6843
vn -0.6057 0.5095 -0.6112
vn -0.6992 0.4762 -0.5332
vn -0.7716 0.4444 -0.4551
vn -0.8267 0.4153 -0.3795
vn -0.8680 0.3895 -0.3080
vn -0.8985 0.3669 -0.2410
vn -0.9204 0.3476 -0.1787
vn -0.9357 0.3312 -0.1214
vn -0.9457 0.3177 -0.0689
vn -0.9515 0.3068 -0.0217
vn -0.9542 0.2987 0.0195
vn -0.9545 0.2934 0.0527
vn -0.9538 0.2914 0.0733
vn -0.9535 0.2930 0.0708
vn -0.9545 0.2965 0.0314
vn -0.9545 0.2965 -0.0314
vn -0.9535 0.2930 -0.0708
vn -0.9538 0.2914 -0.0733
vn -0.9545 0.2934 -0.0527
vn -0.9542 0.2987 -0.0195
vn -0.9515 0.3068 0.0217
vn -0.9457 0.3177 0.0689
vn -0.9357 0.3312 0.1214
vn -0.9204 0.3476 0.1787
vn -0.8985 0.3670 0.2409
vn -0.8680 0.3895 0.3079
vn -0.8267 0.4153 0.3795
vn -0.7716 0.4444 0.4550
vn -0.6992 0.4762 0.5332
vn -0.6057 0.5095 0.6111
vn -0.4877 0.5421 0.6843
vn -0.3443 0.5703 0.7458
vn -0.1787 0.5898 0.7875
vn -0.0000 0.5968 0.8024
vn 0.1787 0.5898 0.7875
vn 0.3443 0.5703 0.7458
vn 0.4877 0.5421 0.6843
vn 0.6057 0.5096 0.6111
vn 0.6992 0.4762 0.5332
vn 0.7716 0.4444 0.4550
vn 0.8267 0.4153 0.3795
vn 0.8680 0.3895 0.3079
vn 0.8985 0.3670 0.2409
vn 0.9204 0.3476 0.1787
vn 0.9357 0.3313 0.1214
vn 0.9457 0.3177 0.0689
vn 0.9515 0.3068 0.0217
vn 0.9542 0.2987 -0.0195
vn 0.9545 0.2934 -0.0527
vn 0.9538 0.2914 -0.0733
vn 0.9535 0.2930 -0.0709
vn 0.9545 0.2966 -0.0315
vn 0.9323 0.3591 0.0421
vn 0.9305 0.3531 0.0974
vn 0.9307 0.3494 0.1080
vn 0.9320 0.3508 0.0915
vn 0.9323 0.3566 0.0607
vn 0.9304 0.3659 0.0213
vn 0.9252 0.3786 -0.0244
vn 0.9158 0.3945 -0.0755
vn 0.9009 0.4137 -0.1314
vn 0.8791 0.4363 -0.1919
vn 0.8486 0.4625 -0.2569
vn 0.8071 0.4923 -0.3258
vn 0.7518 0.5256 -0.3981
vn 0.6795 0.5616 -0.4721
vn 0.5867 0.5989 -0.5450
vn 0.4708 0.6348 -0.6126
vn 0.3313 0.6656 -0.6688
vn 0.1716 0.6867 -0.7064
vn -0.0000 0.6942 -0.7198
vn -0.1716 0.6867 -0.7064
vn -0.3313 0.6656 -0.6688
vn -0.4708 0.6348 -0.6126
vn -0.5867 0.5989 -0.5450
vn -0.6795 0.5616 -0.4721
vn -0.7519 0.5256 -0.3981
vn -0.8071 0.4923 -0.3258
vn -0.8486 0.4625 -0.2569
vn -0.8791 0.4363 -0.1919
vn -0.9009 0.4137 -0.1314
vn -0.9158 0.3945 -0.0755
vn -0.9252 0.3786 -0.0244
vn -0.9304 0.3659 0.0213
vn -0.9323 0.3566 0.0607
vn -0.9320 0.3508 0.0915
vn -0.9307 0.3494 0.1080
vn -0.9305 0.3531 0.0974
vn -0.9323 0.3591 0.0421
vn -0.9323 0.3591 -0.0421
vn -0.9305 0.3531 -0.0974
vn -0.9307 0.3494 -0.1080
vn -0.9320 0.3508 -0.0915
vn -0.9323 0.3565 -0.0607
vn -0.9304 0.3659 -0.0213
vn -0.9252 0.3786 0.0244
vn -0.9158 0.3945 0.0755
vn -0.9009 0.4137 0.1313
vn -0.8791 0.4363 0.1919
vn -0.8486 0.4625 0.2568
vn -0.8071 0.4923 0.3258
vn -0.7519 0.5256 0.3981
vn -0.6795 0.5616 0.4720
vn -0.5867 0.5989 0.5450
vn -0.4708 0.6349 0.6126
vn -0.3313 0.6656 0.6687
vn -0.1716 0.6867 0.7064
vn -0.0000 0.6943 0.7197
vn 0.1716 0.6867 0.7064
vn 0.3313 0.6656 0.6687
vn 0.4708 0.6349 0.6126
vn 0.5867 0.5989 0.5450
vn 0.6795 0.5616 0.4720
vn 0.7519 0.5256 0.3981
vn 0.8071 0.4923 0.3258
vn 0.8486 0.4625 0.2568
vn 0.8791 0.4363 0.1919
vn 0.9009 0.4137 0.1313
vn 0.9158 0.3945 0.0754
vn 0.9252 0.3786 0.0244
vn 0.9304 0.3659 -0.0213
vn 0.9323 0.3566 -0.0607
vn 0.9320 0.3508 -0.0915
vn 0.9307 0.3494 -0.1080
vn 0.9305 0.3531 -0.0974
vn 0.9323 0.3591 -0.0421
vn 0.9025 0.4273 0.0539
vn 0.8998 0.4175 0.1265
vn 0.8999 0.4110 0.1459
vn 0.9016 0.4113 0.1341
vn 0.9026 0.4171 0.1066
vn 0.9013 0.4275 0.0699
vn 0.8967 0.4419 0.0268
vn 0.8876 0.4600 -0.0216
vn 0.8730 0.4819 -0.0746
vn 0.8514 0.5077 -0.1318
vn 0.8210 0.5373 -0.1930
vn 0.7796 0.5708 -0.2576
vn 0.7246 0.6079 -0.3247
vn 0.6531 0.6475 -0.3927
vn 0.5620 0.6881 -0.4590
vn 0.4494 0.7267 -0.5196
vn 0.3152 0.7594 -0.5693
vn 0.1628 0.7815 -0.6023
vn -0.0000 0.7894 -0.6139
vn -0.1628 0.7815 -0.6023
vn -0.3152 0.7594 -0.5692
vn -0.4494 0.7267 -0.5196
vn -0.5620 0.6881 -0.4590
vn -0.6531 0.6475 -0.3927
vn -0.7246 0.6078 -0.3247
vn -0.7796 0.5708 -0.2576
vn -0.8210 0.5373 -0.1930
vn -0.8514 0.5076 -0.1318
vn -0.8730 0.4819 -0.0746
vn -0.8876 0.4600 -0.0216
vn -0.8967 0.4419 0.0268
vn -0.9013 0.4275 0.0699
vn -0.9026 0.4171 0.1066
vn -0.9016 0.4113 0.1341
vn -0.8999 0.4110 0.1459
vn -0.8998 0.4175 0.1265
vn -0.9025 0.4273 0.0539
vn -0.9025 0.4273 -0.0539
vn -0.8998 0.4175 -0.1265
vn -0.8999 0.4110 -0.1459
vn -0.9016 0.4113 -0.1342
vn -0.9026 0.4171 -0.1066
vn -0.9013 0.4275 -0.0699
vn -0.8967 0.4419 -0.0268
vn -0.8876 0.4600 0.0216
vn -0.8730 0.4819 0.0745
vn -0.8514 0.5077 0.1318
vn -0.8210 0.5373 0.1930
vn -0.7796 0.5708 0.2576
vn -0.7246 0.6079 0.3247
vn -0.6531 0.6475 0.3927
vn -0.5620 0.6881 0.4589
vn -0.4494 0.7267 0.5195
vn -0.3152 0.7594 0.5692
vn -0.1628 0.7815 0.6022
vn -0.0000 0.7894 0.6138
vn 0.1628 0.7815 0.6022
vn 0.3152 0.7594 0.5692
vn 0.4494 0.7267 0.5195
vn 0.5620 0.6881 0.4589
vn 0.6531 0.6475 0.3927
vn 0.7246 0.6079 0.3247
vn 0.7796 0.5708 0.2576
vn 0.8210 0.5373 0.1930
vn 0.8514 0.5077 0.1318
vn 0.8730 0.4819 0.0745
vn 0.8876 0.4600 0.0216
vn 0.8967 0.4419 -0.0268
vn 0.9013 0.4275 -0.0699
vn 0.9026 0.4171 -0.1066
vn 0.9016 0.4113 -0.1342
vn 0.8999 0.4110 -0.1459
vn 0.8998 0.4175 -0.1265
vn 0.9025 0.4273 -0.0539
vn 0.8626 0.5014 0.0670
vn 0.8592 0.4866 0.1583
vn 0.8593 0.4760 0.1872
vn 0.8615 0.4744 0.1808
vn 0.8630 0.4800 0.1573
vn 0.8622 0.4911 0.1243
vn 0.8578 0.5068 0.0849
vn 0.8490 0.5269 0.0406
vn 0.8344 0.5511 -0.0078
vn 0.8128 0.5794 -0.0600
vn 0.7825 0.6119 -0.1155
vn 0.7413 0.6483 -0.1736
vn 0.6870 0.6881 -0.2334
vn 0.6170 0.7303 -0.2932
vn 0.5289 0.7728 -0.3508
vn 0.4212 0.8127 -0.4026
vn 0.2943 0.8460 -0.4446
vn 0.1516 0.8684 -0.4721
vn -0.0000 0.8763 -0.4818
vn -0.1516 0.8684 -0.4721
vn -0.2943 0.8460 -0.4446
vn -0.4212 0.8127 -0.4026
vn -0.5289 0.7728 -0.3508
vn -0.6170 0.7303 -0.2932
vn -0.6870 0.6881 -0.2334
vn -0.7413 0.6483 -0.1736
vn -0.7825 0.6119 -0.1155
vn -0.8128 0.5794 -0.0600
vn -0.8344 0.5511 -0.0078
vn -0.8490 0.5269 0.0406
vn -0.8579 0.5068 0.0849
vn -0.8622 0.4911 0.1243
vn -0.8630 0.4800 0.1573
vn -0.8615 0.4744 0.1808
vn -0.8593 0.4760 0.1872
vn -0.8592 0.4866 0.1583
vn -0.8626 0.5014 0.0670
vn -0.8626 0.5014 -0.0670
vn -0.8592 0.4866 -0.1584
vn -0.8593 0.4760 -0.1872
vn -0.8615 0.4744 -0.1809
vn -0.8630 0.4800 -0.1573
vn -0.8622 0.4911 -0.1243
vn -0.8579 0.5068 -0.0849
vn -0.8490 0.5269 -0.0407
vn -0.8344 0.5511 0.0078
vn -0.8128 0.5794 0.0600
vn -0.7825 0.6119 0.1155
vn -0.7413 0.6483 0.1736
vn -0.6870 0.6881 0.2334
vn -0.6170 0.7303 0.2932
vn -0.5289 0.7728 0.3507
vn -0.4212 0.8127 0.4026
vn -0.2943 0.8460 0.4445
vn -0.1516 0.8684 0.4721
vn -0.0000 0.8763 0.4817
vn 0.1516 0.8684 0.4721
vn 0.2943 0.8460 0.4445
vn 0.4212 0.8127 0.4026
vn 0.5289 0.7728 0.3507
vn 0.6170 0.7303 0.2932
vn 0.6870 0.6882 0.2334
vn 0.7413 0.6483 0.1736
vn 0.7825 0.6119 0.1155
vn 0.8128 0.5794 0.0600
vn 0.8344 0.5511 0.0078
vn 0.8490 0.5269 -0.0407
vn 0.8578 0.5068 -0.0849
vn 0.8622 0.4911 -0.1243
vn 0.8630 0.4800 -0.1573
vn 0.8615 0.4744 -0.1809
vn 0.8593 0.4760 -0.1872
vn 0.8592 0.4866 -0.1584
vn 0.8626 0.5014 -0.0670
vn 0.8095 0.5815 0.0814
vn 0.8058 0.5598 0.1930
vn 0.8065 0.5438 0.2319
vn 0.8095 0.5396 0.2314
vn 0.8116 0.5442 0.2125
vn 0.8109 0.5554 0.1841
vn 0.8065 0.5719 0.1497
vn 0.7974 0.5932 0.1108
vn 0.7825 0.6188 0.0683
vn 0.7606 0.6488 0.0229
vn 0.7302 0.6828 -0.0249
vn 0.6893 0.7206 -0.0745
vn 0.6362 0.7614 -0.1249
vn 0.5686 0.8039 -0.1745
vn 0.4848 0.8461 -0.2214
vn 0.3841 0.8851 -0.2630
vn 0.2671 0.9170 -0.2961
vn 0.1372 0.9383 -0.3176
vn -0.0000 0.9457 -0.3250
vn -0.1372 0.9382 -0.3176
vn -0.2671 0.9170 -0.2961
vn -0.3841 0.8851 -0.2630
vn -0.4848 0.8461 -0.2214
vn -0.5686 0.8039 -0.1745
vn -0.6362 0.7614 -0.1249
vn -0.6894 0.7206 -0.0745
vn -0.7302 0.6828 -0.0249
vn -0.7606 0.6488 0.0229
vn -0.7826 0.6188 0.0683
vn -0.7974 0.5932 0.1108
vn -0.8065 0.5719 0.1497
vn -0.8109 0.5554 0.1841
vn -0.8116 0.5442 0.2125
vn -0.8095 0.5395 0.2314
vn -0.8065 0.5438 0.2319
vn -0.8058 0.5598 0.1930
vn -0.8121 0.5783 0.0775
vn -0.8107 0.5790 -0.0873
vn -0.8087 0.5551 -0.1946
vn -0.8084 0.5424 -0.2285
vn -0.8095 0.5395 -0.2314
vn -0.8116 0.5442 -0.2126
vn -0.8109 0.5554 -0.1841
vn -0.8065 0.5719 -0.1497
vn -0.7974 0.5932 -0.1108
vn -0.7826 0.6188 -0.0684
vn -0.7606 0.6488 -0.0229
vn -0.7302 0.6828 0.0249
vn -0.6894 0.7206 0.0745
vn -0.6362 0.7614 0.1248
vn -0.5686 0.8039 0.1745
vn -0.4848 0.8461 0.2214
vn -0.3841 0.8851 0.2630
vn -0.2671 0.9171 0.2961
vn -0.1372 0.9383 0.3175
vn -0.0000 0.9457 0.3250
vn 0.1372 0.9383 0.3175
vn 0.2671 0.9171 0.2961
vn 0.3841 0.8851 0.2630
vn 0.4848 0.8461 0.2214
vn 0.5686 0.8039 0.1745
vn 0.6362 0.7614 0.1248
vn 0.6893 0.7206 0.0745
vn 0.7302 0.6828 0.0249
vn 0.7606 0.6488 -0.0230
vn 0.7825 0.6188 -0.0684
vn 0.7974 0.5932 -0.1108
vn 0.8065 0.5719 -0.1497
vn 0.8109 0.5554 -0.1841
vn 0.8116 0.5442 -0.2126
vn 0.8095 0.5395 -0.2314
vn 0.8065 0.5438 -0.2319
vn 0.8058 0.5598 -0.1930
vn 0.8095 0.5815 -0.0814
vn 0.7379 0.6690 0.0890
vn 0.7333 0.6408 0.2272
vn 0.7335 0.6190 0.2807
vn 0.7407 0.6061 0.2898
vn 0.7460 0.6081 0.2714
vn 0.7454 0.6186 0.2483
vn 0.7407 0.6349 0.2197
vn 0.7310 0.6562 0.1872
vn 0.7154 0.6819 0.1520
vn 0.6930 0.7118 0.1147
vn 0.6623 0.7454 0.0758
vn 0.6220 0.7821 0.0362
vn 0.5706 0.8212 -0.0034
vn 0.5067 0.8611 -0.0416
vn 0.4291 0.9000 -0.0771
vn 0.3377 0.9351 -0.1078
vn 0.2335 0.9634 -0.1318
vn 0.1195 0.9819 -0.1472
vn -0.0000 0.9883 -0.1524
vn -0.1195 0.9819 -0.1472
vn -0.2336 0.9634 -0.1318
vn -0.3377 0.9351 -0.1078
vn -0.4291 0.9000 -0.0771
vn -0.5067 0.8611 -0.0416
vn -0.5706 0.8212 -0.0034
vn -0.6220 0.7821 0.0362
vn -0.6623 0.7454 0.0758
vn -0.6930 0.7118 0.1147
vn -0.7154 0.6819 0.1520
vn -0.7310 0.6562 0.1872
vn -0.7407 0.6349 0.2197
vn -0.7454 0.6186 0.2483
vn -0.7460 0.6081 0.2714
vn -0.7434 0.6051 0.2850
vn -0.7391 0.6130 0.2792
vn -0.7380 0.6351 0.2280
vn -0.7359 0.6716 0.0854
vn -0.7389 0.6643 -0.1129
vn -0.7366 0.6330 -0.2383
vn -0.7430 0.6094 -0.2769
vn -0.7464 0.6040 -0.2796
vn -0.7460 0.6081 -0.2715
vn -0.7454 0.6186 -0.2484
vn -0.7407 0.6349 -0.2197
vn -0.7310 0.6562 -0.1873
vn -0.7154 0.6819 -0.1521
vn -0.6930 0.7118 -0.1147
vn -0.6623 0.7454 -0.0759
vn -0.6220 0.7821 -0.0362
vn -0.5706 0.8212 0.0033
vn -0.5067 0.8611 0.0416
vn -0.4291 0.9000 0.0770
vn -0.3377 0.9351 0.1077
vn -0.2335 0.9634 0.1317
vn -0.1195 0.9819 0.1471
vn -0.0000 0.9883 0.1524
vn 0.1195 0.9819 0.1471
vn 0.2335 0.9634 0.1317
vn 0.3377 0.9351 0.1077
vn 0.4291 0.9000 0.0770
vn 0.5067 0.8611 0.0416
vn 0.5706 0.8212 0.0033
vn 0.6220 0.7821 -0.0362
vn 0.6623 0.7454 -0.0759
vn 0.6930 0.7118 -0.1147
vn 0.7154 0.6819 -0.1521
vn 0.7310 0.6562 -0.1873
vn 0.7407 0.6349 -0.2197
vn 0.7454 0.6186 -0.2484
vn 0.7460 0.6081 -0.2715
vn 0.7457 0.6042 -0.2807
vn 0.7432 0.6083 -0.2785
vn 0.7385 0.6326 -0.2333
vn 0.7390 0.6655 -0.1050
vn 0.6480 0.7560 0.0922
vn 0.6483 0.7166 0.2574
vn 0.6538 0.6840 0.3236
vn 0.6623 0.6650 0.3451
vn 0.6648 0.6691 0.3323
vn 0.6643 0.6779 0.3149
vn 0.6592 0.6928 0.2926
vn 0.6488 0.7126 0.2671
vn 0.6325 0.7365 0.2396
vn 0.6096 0.7641 0.2109
vn 0.5792 0.7948 0.1814
vn 0.5402 0.8277 0.1519
vn 0.4918 0.8620 0.1231
vn 0.4331 0.8962 0.0959
vn 0.3637 0.9288 0.0713
vn 0.2841 0.9575 0.0504
vn 0.1952 0.9802 0.0345
vn 0.0995 0.9947 0.0244
vn -0.0000 0.9998 0.0210
vn -0.0995 0.9947 0.0244
vn -0.1952 0.9802 0.0345
vn -0.2841 0.9575 0.0504
vn -0.3637 0.9288 0.0713
vn -0.4331 0.8962 0.0959
vn -0.4918 0.8620 0.1231
vn -0.5402 0.8277 0.1519
vn -0.5792 0.7948 0.1814
vn -0.6096 0.7641 0.2109
vn -0.6325 0.7365 0.2396
vn -0.6488 0.7126 0.2671
vn -0.6592 0.6928 0.2926
vn -0.6643 0.6779 0.3149
vn -0.6648 0.6691 0.3323
vn -0.6592 0.6689 0.3436
vn -0.6499 0.6857 0.3278
vn -0.6445 0.7182 0.2625
vn -0.6481 0.7560 0.0922
vn -0.6476 0.7501 -0.1337
vn -0.6489 0.7080 -0.2787
vn -0.6554 0.6784 -0.3321
vn -0.6596 0.6733 -0.3342
vn -0.6648 0.6691 -0.3323
vn -0.6643 0.6778 -0.3150
vn -0.6592 0.6927 -0.2926
vn -0.6488 0.7125 -0.2671
vn -0.6325 0.7365 -0.2397
vn -0.6096 0.7641 -0.2109
vn -0.5792 0.7947 -0.1814
vn -0.5402 0.8277 -0.1520
vn -0.4918 0.8620 -0.1232
vn -0.4331 0.8962 -0.0960
vn -0.3637 0.9288 -0.0713
vn -0.2841 0.9575 -0.0505
vn -0.1952 0.9801 -0.0345
vn -0.0995 0.9947 -0.0245
vn -0.0000 0.9998 -0.0210
vn 0.0995 0.9947 -0.0245
vn 0.1952 0.9801 -0.0345
vn 0.2841 0.9575 -0.0505
vn 0.3637 0.9288 -0.0714
vn 0.4331 0.8962 -0.0960
vn 0.4918 0.8620 -0.1232
vn 0.5402 0.8277 -0.1520
vn 0.5792 0.7947 -0.1814
vn 0.6096 0.7641 -0.2109
vn 0.6325 0.7365 -0.2397
vn 0.6488 0.7125 -0.2671
vn 0.6592 0.6927 -0.2926
vn 0.6643 0.6778 -0.3150
vn 0.6674 0.6692 -0.3266
vn 0.6648 0.6668 -0.3367
vn 0.6554 0.6783 -0.3322
vn 0.6489 0.7080 -0.2788
vn 0.6476 0.7501 -0.1337
vn 0.5316 0.8408 0.1022
vn 0.5381 0.7906 0.2922
vn 0.5499 0.7486 0.3705
vn 0.5573 0.7287 0.3981
vn 0.5650 0.7228 0.3978
vn 0.5674 0.7300 0.3810
vn 0.5623 0.7421 0.3649
vn 0.5517 0.7588 0.3462
vn 0.5354 0.7790 0.3262
vn 0.5130 0.8022 0.3055
vn 0.4839 0.8275 0.2847
vn 0.4477 0.8542 0.2643
vn 0.4040 0.8814 0.2448
vn 0.3526 0.9079 0.2268
vn 0.2936 0.9324 0.2110
vn 0.2275 0.9535 0.1978
vn 0.1553 0.9698 0.1879
vn 0.0788 0.9802 0.1818
vn -0.0000 0.9837 0.1797
vn -0.0788 0.9802 0.1818
vn -0.1553 0.9698 0.1879
vn -0.2275 0.9535 0.1978
vn -0.2936 0.9324 0.2110
vn -0.3526 0.9079 0.2268
vn -0.4040 0.8814 0.2448
vn -0.4477 0.8542 0.2643
vn -0.4839 0.8275 0.2847
vn -0.5130 0.8022 0.3055
vn -0.5354 0.7790 0.3262
vn -0.5517 0.7587 0.3462
vn -0.5623 0.7421 0.3649
vn -0.5674 0.7300 0.3810
vn -0.5654 0.7230 0.3970
vn -0.5577 0.7288 0.3972
vn -0.5499 0.7486 0.3704
vn -0.5381 0.7906 0.2921
vn -0.5316 0.8408 0.1022
vn -0.5321 0.8322 -0.1559
vn -0.5404 0.7785 -0.3193
vn -0.5530 0.7408 -0.3813
vn -0.5663 0.7256 -0.3910
vn -0.5777 0.7182 -0.3878
vn -0.5693 0.7323 -0.3736
vn -0.5623 0.7420 -0.3649
vn -0.5518 0.7587 -0.3463
vn -0.5354 0.7790 -0.3263
vn -0.5130 0.8022 -0.3056
vn -0.4839 0.8275 -0.2847
vn -0.4477 0.8542 -0.2643
vn -0.4040 0.8814 -0.2449
vn -0.3526 0.9079 -0.2269
vn -0.2936 0.9324 -0.2110
vn -0.2275 0.9535 -0.1979
vn -0.1554 0.9698 -0.1880
vn -0.0789 0.9802 -0.1819
vn -0.0000 0.9837 -0.1798
vn 0.0788 0.9802 -0.1819
vn 0.1553 0.9698 -0.1880
vn 0.2275 0.9535 -0.1979
vn 0.2936 0.9324 -0.2110
vn 0.3526 0.9079 -0.2269
vn 0.4040 0.8814 -0.2449
vn 0.4477 0.8542 -0.2643
vn 0.4839 0.8275 -0.2848
vn 0.5130 0.8022 -0.3056
vn 0.5354 0.7790 -0.3263
vn 0.5517 0.7587 -0.3463
vn 0.5623 0.7421 -0.3649
vn 0.5690 0.7321 -0.3745
vn 0.5707 0.7239 -0.3877
vn 0.5632 0.7249 -0.3968
vn 0.5530 0.7408 -0.3814
vn 0.5404 0.7784 -0.3194
vn 0.5321 0.8322 -0.1560
vn 0.3894 0.9147 0.1084
vn 0.4058 0.8551 0.3227
vn 0.4272 0.8042 0.4133
vn 0.4435 0.7793 0.4428
vn 0.4512 0.7688 0.4531
vn 0.4561 0.7687 0.4485
vn 0.4524 0.7799 0.4326
vn 0.4428 0.7921 0.4201
vn 0.4278 0.8073 0.4066
vn 0.4074 0.8245 0.3927
vn 0.3816 0.8431 0.3789
vn 0.3502 0.8623 0.3657
vn 0.3133 0.8815 0.3533
vn 0.2711 0.8997 0.3421
vn 0.2239 0.9162 0.3324
vn 0.1723 0.9301 0.3245
vn 0.1170 0.9406 0.3187
vn 0.0592 0.9472 0.3151
vn -0.0000 0.9495 0.3139
vn -0.0592 0.9472 0.3151
vn -0.1170 0.9406 0.3187
vn -0.1723 0.9301 0.3245
vn -0.2239 0.9162 0.3324
vn -0.2711 0.8997 0.3421
vn -0.3133 0.8815 0.3533
vn -0.3502 0.8623 0.3657
vn -0.3816 0.8431 0.3789
vn -0.4074 0.8245 0.3927
vn -0.4278 0.8072 0.4066
vn -0.4459 0.7869 0.4265
vn -0.4409 0.7836 0.4378
vn -0.4462 0.7754 0.4469
vn -0.4513 0.7692 0.4524
vn -0.4434 0.7793 0.4427
vn -0.4272 0.8043 0.4132
vn -0.4058 0.8552 0.3225
vn -0.3894 0.9147 0.1083
vn -0.3919 0.9025 -0.1788
vn -0.4114 0.8383 -0.3578
vn -0.4329 0.7937 -0.4273
vn -0.4482 0.7734 -0.4483
vn -0.4563 0.7678 -0.4498
vn -0.4582 0.7741 -0.4368
vn -0.4654 0.7755 -0.4266
vn -0.4571 0.7878 -0.4129
vn -0.4209 0.8152 -0.3980
vn -0.4074 0.8245 -0.3927
vn -0.3816 0.8431 -0.3790
vn -0.3502 0.8623 -0.3657
vn -0.3133 0.8815 -0.3533
vn -0.2711 0.8997 -0.3422
vn -0.2239 0.9161 -0.3325
vn -0.1723 0.9300 -0.3246
vn -0.1170 0.9406 -0.3188
vn -0.0592 0.9472 -0.3152
vn -0.0000 0.9494 -0.3140
vn 0.0592 0.9472 -0.3152
vn 0.1170 0.9406 -0.3188
vn 0.1723 0.9300 -0.3246
vn 0.2239 0.9161 -0.3325
vn 0.2711 0.8997 -0.3422
vn 0.3133 0.8815 -0.3533
vn 0.3502 0.8623 -0.3657
vn 0.3816 0.8431 -0.3790
vn 0.4074 0.8245 -0.3927
vn 0.4278 0.8072 -0.4066
vn 0.4392 0.7979 -0.4128
vn 0.4642 0.7759 -0.4272
vn 0.4582 0.7737 -0.4376
vn 0.4563 0.7677 -0.4499
vn 0.4482 0.7734 -0.4484
vn 0.4329 0.7936 -0.4274
vn 0.4114 0.8382 -0.3579
vn 0.3919 0.9024 -0.1789
vn 0.2252 0.9684 0.1074
vn 0.2542 0.9037 0.3445
vn 0.2883 0.8462 0.4481
vn 0.3125 0.8165 0.4854
vn 0.3266 0.8043 0.4965
vn 0.3338 0.7981 0.5015
vn 0.3223 0.8064 0.4958
vn 0.3148 0.8133 0.4893
vn 0.3025 0.8224 0.4817
vn 0.2860 0.8329 0.4738
vn 0.2656 0.8440 0.4660
vn 0.2414 0.8553 0.4585
vn 0.2139 0.8662 0.4515
vn 0.1834 0.8764 0.4453
vn 0.1502 0.8854 0.4399
vn 0.1147 0.8928 0.4356
vn 0.0775 0.8983 0.4325
vn 0.0391 0.9017 0.4306
vn -0.0000 0.9029 0.4299
vn -0.0390 0.9017 0.4305
vn -0.0775 0.8983 0.4324
vn -0.1148 0.8928 0.4355
vn -0.1503 0.8854 0.4398
vn -0.1836 0.8765 0.4451
vn -0.2143 0.8663 0.4512
vn -0.2419 0.8553 0.4582
vn -0.2661 0.8440 0.4657
vn -0.2867 0.8328 0.4735
vn -0.3033 0.8224 0.4814
vn -0.3296 0.8071 0.4898
vn -0.3314 0.8050 0.4922
vn -0.3323 0.8018 0.4968
vn -0.3265 0.8043 0.4965
vn -0.3125 0.8166 0.4853
vn -0.2882 0.8463 0.4480
vn -0.2542 0.9038 0.3443
vn -0.2252 0.9684 0.1073
vn -0.2316 0.9516 -0.2021
vn -0.2659 0.8809 -0.3916
vn -0.2984 0.8323 -0.4672
vn -0.3202 0.8088 -0.4933
vn -0.3323 0.7999 -0.4997
vn -0.3368 0.7993 -0.4978
vn -0.3350 0.8036 -0.4919
vn -0.3279 0.8112 -0.4842
vn -0.3071 0.8278 -0.4695
vn -0.3116 0.8307 -0.4614
vn -0.2912 0.8431 -0.4522
vn -0.2663 0.8558 -0.4434
vn -0.2373 0.8684 -0.4354
vn -0.2045 0.8802 -0.4283
vn -0.1213 0.8973 -0.4245
vn -0.1215 0.8961 -0.4270
vn -0.0821 0.9021 -0.4236
vn -0.0414 0.9058 -0.4216
vn -0.0000 0.9071 -0.4209
vn 0.0414 0.9058 -0.4216
vn 0.0821 0.9021 -0.4236
vn 0.1215 0.8961 -0.4270
vn 0.1587 0.8880 -0.4315
vn 0.1935 0.8783 -0.4372
vn 0.1978 0.8776 -0.4366
vn 0.2658 0.8558 -0.4438
vn 0.2905 0.8431 -0.4525
vn 0.3109 0.8308 -0.4617
vn 0.3267 0.8193 -0.4711
vn 0.3225 0.8166 -0.4787
vn 0.3351 0.8036 -0.4919
vn 0.3368 0.7992 -0.4978
vn 0.3324 0.7998 -0.4998
vn 0.3202 0.8087 -0.4934
vn 0.2985 0.8322 -0.4674
vn 0.2660 0.8808 -0.3918
vn 0.2316 0.9515 -0.2023
vn 0.0486 0.9945 0.0929
vn 0.0897 0.9317 0.3519
vn 0.1379 0.8715 0.4707
vn 0.1719 0.8386 0.5170
vn 0.1925 0.8230 0.5344
vn 0.2034 0.8168 0.5399
vn 0.2072 0.8158 0.5399
vn 0.2055 0.8180 0.5373
vn 0.1994 0.8220 0.5335
vn 0.1895 0.8271 0.5291
vn 0.1764 0.8329 0.5246
vn 0.1605 0.8388 0.5203
vn 0.1421 0.8446 0.5162
vn 0.1217 0.8499 0.5126
vn 0.0994 0.8547 0.5096
vn 0.0758 0.8585 0.5071
vn 0.0511 0.8614 0.5054
vn 0.0258 0.8632 0.5043
vn -0.0000 0.8638 0.5039
vn -0.0257 0.8632 0.5043
vn -0.0511 0.8614 0.5054
vn -0.0758 0.8585 0.5071
vn -0.0994 0.8547 0.5096
vn -0.1216 0.8500 0.5126
vn -0.1420 0.8446 0.5162
vn -0.1604 0.8388 0.5202
vn -0.1763 0.8329 0.5246
vn -0.1894 0.8272 0.5291
vn -0.1993 0.8220 0.5334
vn -0.2054 0.8180 0.5373
vn -0.2071 0.8159 0.5398
vn -0.2033 0.8169 0.5398
vn -0.1924 0.8231 0.5343
vn -0.1718 0.8387 0.5168
vn -0.1378 0.8716 0.4704
vn -0.0896 0.9318 0.3516
vn -0.0486 0.9945 0.0928
vn -0.0620 0.9717 -0.2280
vn -0.1123 0.9006 -0.4199
vn -0.1560 0.8525 -0.4989
vn -0.1847 0.8282 -0.5292
vn -0.2017 0.8172 -0.5400
vn -0.2102 0.8134 -0.5423
vn -0.2124 0.8139 -0.5408
vn -0.2096 0.8170 -0.5372
vn -0.2027 0.8216 -0.5328
vn -0.1922 0.8272 -0.5280
vn -0.1786 0.8333 -0.5232
vn -0.1622 0.8395 -0.5187
vn -0.1435 0.8454 -0.5144
vn -0.1227 0.8510 -0.5107
vn -0.0699 0.8613 -0.5032
vn -0.0811 0.8620 -0.5004
vn -0.0547 0.8652 -0.4984
vn -0.0276 0.8672 -0.4972
vn -0.0000 0.8678 -0.4969
vn 0.0276 0.8672 -0.4973
vn 0.0547 0.8652 -0.4985
vn 0.0810 0.8620 -0.5004
vn 0.1061 0.8577 -0.5031
vn 0.1295 0.8524 -0.5065
vn 0.1197 0.8520 -0.5097
vn 0.1623 0.8394 -0.5187
vn 0.1786 0.8332 -0.5232
vn 0.1922 0.8272 -0.5280
vn 0.2027 0.8216 -0.5328
vn 0.2097 0.8169 -0.5373
vn 0.2125 0.8139 -0.5408
vn 0.2103 0.8134 -0.5424
vn 0.2018 0.8171 -0.5400
vn 0.1848 0.8281 -0.5293
vn 0.1561 0.8524 -0.4991
vn 0.1124 0.9004 -0.4202
vn 0.0620 0.9716 -0.2283
vn -0.1274 0.9908 0.0465
vn -0.0817 0.9402 0.3307
vn -0.0198 0.8806 0.4734
vn 0.0253 0.8457 0.5331
vn 0.0543 0.8276 0.5586
vn 0.0720 0.8186 0.5698
vn 0.0822 0.8144 0.5745
vn 0.0871 0.8128 0.5759
vn 0.0879 0.8129 0.5757
vn 0.0857 0.8139 0.5746
vn 0.0811 0.8155 0.5731
vn 0.0745 0.8172 0.5715
vn 0.0663 0.8191 0.5698
vn 0.0570 0.8208 0.5683
vn 0.0466 0.8224 0.5670
vn 0.0356 0.8236 0.5660
vn 0.0240 0.8246 0.5652
vn 0.0121 0.8252 0.5647
vn -0.0000 0.8254 0.5646
vn -0.0120 0.8252 0.5647
vn -0.0239 0.8246 0.5652
vn -0.0355 0.8237 0.5660
vn -0.0465 0.8224 0.5670
vn -0.0569 0.8208 0.5683
vn -0.0662 0.8191 0.5698
vn -0.0743 0.8173 0.5714
vn -0.0809 0.8155 0.5731
vn -0.0856 0.8140 0.5746
vn -0.0878 0.8130 0.5757
vn -0.0869 0.8129 0.5759
vn -0.0821 0.8144 0.5744
vn -0.0718 0.8187 0.5697
vn -0.0540 0.8278 0.5585
vn -0.0251 0.8458 0.5328
vn 0.0201 0.8808 0.4730
vn 0.0819 0.9403 0.3303
vn 0.1274 0.9908 0.0465
vn 0.1000 0.9583 -0.2679
vn 0.0360 0.8939 -0.4469
vn -0.0157 0.8521 -0.5232
vn -0.0497 0.8301 -0.5555
vn -0.0712 0.8189 -0.5695
vn -0.0841 0.8135 -0.5755
vn -0.0912 0.8113 -0.5775
vn -0.0939 0.8110 -0.5774
vn -0.0932 0.8119 -0.5763
vn -0.0898 0.8135 -0.5746
vn -0.0843 0.8154 -0.5728
vn -0.0770 0.8174 -0.5708
vn -0.0683 0.8195 -0.5690
vn -0.0585 0.8214 -0.5674
vn -0.0478 0.8230 -0.5660
vn -0.0364 0.8244 -0.5649
vn -0.0245 0.8254 -0.5641
vn -0.0123 0.8260 -0.5636
vn -0.0000 0.8262 -0.5634
vn 0.0124 0.8260 -0.5636
vn 0.0246 0.8254 -0.5641
vn 0.0365 0.8244 -0.5649
vn 0.0479 0.8230 -0.5660
vn 0.0586 0.8213 -0.5674
vn 0.0684 0.8195 -0.5690
vn 0.0771 0.8174 -0.5709
vn 0.0844 0.8153 -0.5728
vn 0.0900 0.8134 -0.5747
vn 0.0933 0.8119 -0.5763
vn 0.0940 0.8110 -0.5775
vn 0.0914 0.8112 -0.5776
vn 0.0843 0.8134 -0.5756
vn 0.0714 0.8188 -0.5697
vn 0.0499 0.8299 -0.5556
vn 0.0159 0.8519 -0.5235
vn -0.0358 0.8937 -0.4473
vn -0.0999 0.9581 -0.2683
vn 0.4141 -0.8965 -0.1572
vn -0.2069 0.9783 -0.0138
vn 0.3446 -0.8552 -0.3871
vn -0.1353 0.9468 0.2920
vn 0.2750 -0.8205 -0.5011
vn -0.0481 0.8879 0.4576
vn 0.2250 -0.8005 -0.5555
vn 0.0120 0.8498 0.5270
vn 0.1898 -0.7893 -0.5839
vn 0.0487 0.8295 0.5563
vn 0.1638 -0.7826 -0.6005
vn 0.0706 0.8191 0.5693
vn 0.1435 -0.7784 -0.6112
vn 0.0831 0.8139 0.5750
vn 0.1269 -0.7755 -0.6185
vn 0.0892 0.8117 0.5772
vn 0.1125 -0.7735 -0.6238
vn 0.0907 0.8113 0.5776
vn 0.0996 -0.7719 -0.6278
vn 0.0888 0.8118 0.5772
vn 0.0877 -0.7708 -0.6310
vn 0.0841 0.8129 0.5763
vn 0.0764 -0.7699 -0.6336
vn 0.0774 0.8143 0.5752
vn 0.0653 -0.7692 -0.6357
vn 0.0691 0.8158 0.5742
vn 0.0545 -0.7686 -0.6374
vn 0.0593 0.8173 0.5732
vn 0.0437 -0.7681 -0.6388
vn 0.0485 0.8186 0.5724
vn 0.0328 -0.7678 -0.6398
vn 0.0371 0.8196 0.5717
vn 0.0220 -0.7676 -0.6406
vn 0.0250 0.8204 0.5712
vn 0.0110 -0.7674 -0.6410
vn 0.0126 0.8209 0.5709
vn -0.0000 -0.7674 -0.6412
vn 0.0001 0.8211 0.5708
vn -0.0110 -0.7674 -0.6410
vn -0.0125 0.8209 0.5709
vn -0.0220 -0.7676 -0.6406
vn -0.0248 0.8204 0.5712
vn -0.0329 -0.7678 -0.6398
vn -0.0369 0.8196 0.5717
vn -0.0437 -0.7681 -0.6388
vn -0.0484 0.8186 0.5724
vn -0.0545 -0.7686 -0.6374
vn -0.0591 0.8173 0.5732
vn -0.0653 -0.7691 -0.6357
vn -0.0688 0.8158 0.5742
vn -0.0764 -0.7699 -0.6336
vn -0.0772 0.8143 0.5752
vn -0.0877 -0.7708 -0.6310
vn -0.0838 0.8130 0.5763
vn -0.0996 -0.7719 -0.6278
vn -0.0884 0.8118 0.5771
vn -0.1125 -0.7735 -0.6238
vn -0.0903 0.8113 0.5776
vn -0.1269 -0.7755 -0.6185
vn -0.0887 0.8118 0.5771
vn -0.1436 -0.7784 -0.6112
vn -0.0825 0.8140 0.5749
vn -0.1638 -0.7826 -0.6005
vn -0.0699 0.8192 0.5692
vn -0.1898 -0.7893 -0.5839
vn -0.0479 0.8297 0.5561
vn -0.2249 -0.8005 -0.5555
vn -0.0110 0.8500 0.5266
vn -0.2750 -0.8205 -0.5011
vn 0.0492 0.8881 0.4570
vn -0.3446 -0.8552 -0.3871
vn 0.1365 0.9469 0.2913
vn -0.4141 -0.8965 -0.1572
vn 0.2079 0.9781 -0.0137
vn -0.4141 -0.8965 0.1573
vn 0.1977 0.9303 -0.3091
vn -0.3445 -0.8552 0.3872
vn 0.1475 0.8718 -0.4672
vn -0.2750 -0.8205 0.5012
vn 0.1034 0.8368 -0.5376
vn -0.2250 -0.8005 0.5555
vn 0.0719 0.8181 -0.5705
vn -0.1898 -0.7893 0.5840
vn 0.0498 0.8079 -0.5873
vn -0.1638 -0.7826 0.6006
vn 0.0343 0.8020 -0.5964
vn -0.1435 -0.7783 0.6112
vn 0.0232 0.7984 -0.6016
vn -0.1269 -0.7755 0.6185
vn 0.0152 0.7963 -0.6047
vn -0.1125 -0.7734 0.6238
vn 0.0096 0.7950 -0.6065
vn -0.0996 -0.7719 0.6279
vn 0.0057 0.7943 -0.6076
vn -0.0877 -0.7707 0.6311
vn 0.0030 0.7938 -0.6081
vn -0.0763 -0.7698 0.6337
vn 0.0013 0.7936 -0.6085
vn -0.0654 -0.7691 0.6358
vn 0.0003 0.7935 -0.6086
vn -0.0545 -0.7685 0.6375
vn -0.0003 0.7934 -0.6087
vn -0.0437 -0.7681 0.6388
vn -0.0005 0.7934 -0.6087
vn -0.0329 -0.7678 0.6399
vn -0.0220 -0.7675 0.6406
vn -0.0004 0.7934 -0.6087
vn -0.0109 -0.7674 0.6411
vn -0.0002 0.7934 -0.6087
vn -0.0000 -0.7674 0.6412
vn -0.0000 0.7934 -0.6087
vn 0.0109 -0.7674 0.6411
vn 0.0003 0.7934 -0.6087
vn 0.0220 -0.7675 0.6406
vn 0.0005 0.7934 -0.6087
vn 0.0329 -0.7678 0.6399
vn 0.0006 0.7934 -0.6087
vn 0.0437 -0.7681 0.6388
vn 0.0007 0.7934 -0.6087
vn 0.0545 -0.7685 0.6375
vn 0.0653 -0.7691 0.6358
vn -0.0001 0.7934 -0.6086
vn 0.0764 -0.7698 0.6337
vn -0.0011 0.7936 -0.6085
vn 0.0877 -0.7707 0.6311
vn -0.0028 0.7938 -0.6082
vn 0.0996 -0.7719 0.6279
vn -0.0054 0.7942 -0.6076
vn 0.1124 -0.7734 0.6238
vn -0.0093 0.7950 -0.6065
vn 0.1269 -0.7755 0.6185
vn -0.0148 0.7963 -0.6048
vn 0.1436 -0.7783 0.6112
vn -0.0227 0.7984 -0.6017
vn 0.1638 -0.7826 0.6006
vn -0.0338 0.8019 -0.5965
vn 0.1898 -0.7893 0.5840
vn -0.0492 0.8078 -0.5874
vn 0.2250 -0.8005 0.5555
vn -0.0712 0.8180 -0.5708
vn 0.2750 -0.8205 0.5012
vn -0.1026 0.8367 -0.5380
vn 0.3446 -0.8552 0.3872
vn -0.1465 0.8716 -0.4679
vn 0.4141 -0.8965 0.1573
vn -0.1967 0.9302 -0.3098
vt 0.002460 0.869450
vt 0.004977 0.867760
vt 0.004995 0.867943
vt 0.002470 0.869541
vt 0.002433 0.869217
vt 0.004923 0.867302
vt 0.002388 0.868912
vt 0.004832 0.866692
vt 0.002324 0.868568
vt 0.004706 0.866013
vt 0.002244 0.868217
vt 0.004545 0.865318
vt 0.002147 0.867870
vt 0.004352 0.864628
vt 0.002033 0.867531
vt 0.004126 0.863953
vt 0.001905 0.867203
vt 0.003870 0.863316
vt 0.001762 0.866898
vt 0.003586 0.862713
vt 0.001606 0.866615
vt 0.003275 0.862156
vt 0.001438 0.866356
vt 0.002940 0.861649
vt 0.001259 0.866123
vt 0.002584 0.861198
vt 0.001071 0.865921
vt 0.002208 0.860806
vt 0.000874 0.865753
vt 0.001816 0.860474
vt 0.000670 0.865616
vt 0.001410 0.860207
vt 0.000461 0.865509
vt 0.000994 0.860004
vt 0.000249 0.865440
vt 0.000569 0.859871
vt 0.000033 0.865406
vt 0.000141 0.859802
vt -0.000182 0.865406
vt -0.000290 0.859802
vt -0.000398 0.865440
vt -0.000719 0.859871
vt -0.000611 0.865509
vt -0.001143 0.860004
vt -0.000819 0.865616
vt -0.001559 0.860207
vt -0.001023 0.865753
vt -0.001965 0.860474
vt -0.001220 0.865921
vt -0.002357 0.860806
vt -0.001408 0.866123
vt -0.002733 0.861198
vt -0.001587 0.866356
vt -0.003089 0.861649
vt -0.001755 0.866615
vt -0.003424 0.862156
vt -0.001911 0.866898
vt -0.003735 0.862713
vt -0.002054 0.867203
vt -0.004019 0.863316
vt -0.002182 0.867531
vt -0.004275 0.863953
vt -0.002296 0.867870
vt -0.004501 0.864628
vt -0.002393 0.868217
vt -0.004694 0.865318
vt -0.002473 0.868568
vt -0.004855 0.866013
vt -0.002537 0.868912
vt -0.004981 0.866692
vt -0.002582 0.869217
vt -0.005072 0.867302
vt -0.002609 0.869450
vt -0.005126 0.867760
vt -0.002619 0.869541
vt -0.005144 0.867943
vt -0.004501 0.864624
vt -0.002182 0.867527
vt -0.004019 0.863312
vt -0.000610 0.865509
vt -0.000718 0.859871
vt 0.000034 0.865406
vt 0.000462 0.865509
vt 0.000671 0.865616
vt 0.003870 0.863312
vt 0.002033 0.867527
vt 0.004352 0.864624
vt 0.007458 0.865665
vt 0.007485 0.865932
vt 0.007376 0.864979
vt 0.007241 0.864071
vt 0.007053 0.863071
vt 0.006814 0.862041
vt 0.006525 0.861023
vt 0.006188 0.860035
vt 0.005807 0.859097
vt 0.005383 0.858219
vt 0.004920 0.857414
vt 0.004420 0.856682
vt 0.003889 0.856033
vt 0.003329 0.855469
vt 0.002744 0.854996
vt 0.002139 0.854614
vt 0.001518 0.854328
vt 0.000886 0.854137
vt 0.000246 0.854038
vt -0.000395 0.854038
vt -0.001035 0.854137
vt -0.001667 0.854328
vt -0.002288 0.854614
vt -0.002893 0.854996
vt -0.003478 0.855469
vt -0.004038 0.856033
vt -0.004570 0.856682
vt -0.005069 0.857414
vt -0.005532 0.858219
vt -0.005956 0.859097
vt -0.006338 0.860035
vt -0.006674 0.861023
vt -0.006963 0.862041
vt -0.007202 0.863071
vt -0.007390 0.864071
vt -0.007525 0.864979
vt -0.007607 0.865665
vt -0.007634 0.865932
vt -0.006674 0.861019
vt -0.006337 0.860035
vt -0.005069 0.857410
vt -0.004569 0.856682
vt -0.001035 0.854134
vt 0.000886 0.854134
vt 0.004421 0.856682
vt 0.004920 0.857410
vt 0.006525 0.861019
vt 0.009884 0.863174
vt 0.009920 0.863525
vt 0.009776 0.862270
vt 0.009597 0.861080
vt 0.009349 0.859764
vt 0.009032 0.858418
vt 0.008650 0.857090
vt 0.008206 0.855812
vt 0.007701 0.854607
vt 0.007141 0.853481
vt 0.006528 0.852455
vt 0.005868 0.851528
vt 0.005165 0.850712
vt 0.004425 0.850010
vt 0.003652 0.849419
vt 0.002852 0.848946
vt 0.002031 0.848591
vt 0.001195 0.848354
vt 0.000350 0.848236
vt -0.000499 0.848236
vt -0.001344 0.848354
vt -0.002180 0.848591
vt -0.003001 0.848946
vt -0.003801 0.849419
vt -0.004574 0.850010
vt -0.005315 0.850712
vt -0.006017 0.851528
vt -0.006677 0.852455
vt -0.007290 0.853481
vt -0.007850 0.854607
vt -0.008355 0.855812
vt -0.008800 0.857090
vt -0.009181 0.858418
vt -0.009498 0.859764
vt -0.009746 0.861080
vt -0.009925 0.862270
vt -0.010033 0.863174
vt -0.010069 0.863525
vt -0.005314 0.850712
vt -0.004574 0.850006
vt -0.000499 0.848232
vt 0.000350 0.848232
vt 0.004425 0.850006
vt 0.008651 0.857090
vt 0.012238 0.860306
vt 0.012282 0.860744
vt 0.012105 0.859196
vt 0.011884 0.857731
vt 0.011576 0.856125
vt 0.011185 0.854485
vt 0.010713 0.852875
vt 0.010163 0.851334
vt 0.009540 0.849888
vt 0.008847 0.848553
vt 0.008089 0.847343
vt 0.007273 0.846260
vt 0.006404 0.845314
vt 0.005489 0.844501
vt 0.004533 0.843826
vt 0.003544 0.843288
vt 0.002529 0.842888
vt 0.001495 0.842621
vt 0.000450 0.842487
vt -0.000599 0.842487
vt -0.001644 0.842621
vt -0.002678 0.842888
vt -0.003693 0.843288
vt -0.004682 0.843826
vt -0.005638 0.844501
vt -0.006553 0.845314
vt -0.007422 0.846260
vt -0.008239 0.847343
vt -0.008996 0.848553
vt -0.009689 0.849888
vt -0.010312 0.851334
vt -0.010862 0.852875
vt -0.011334 0.854485
vt -0.011726 0.856125
vt -0.012033 0.857731
vt -0.012254 0.859196
vt -0.012387 0.860310
vt -0.012431 0.860744
vt -0.012387 0.860306
vt -0.011334 0.854481
vt -0.008238 0.847340
vt -0.006553 0.845310
vt -0.005638 0.844498
vt -0.002678 0.842884
vt -0.001644 0.842617
vt -0.000599 0.842484
vt 0.000450 0.842484
vt 0.001495 0.842617
vt 0.002529 0.842884
vt 0.005489 0.844498
vt 0.006404 0.845310
vt 0.008089 0.847340
vt 0.011185 0.854481
vt 0.011577 0.856125
vt 0.014503 0.857086
vt 0.014556 0.857601
vt 0.014346 0.855782
vt 0.014084 0.854057
vt 0.013721 0.852177
vt 0.013257 0.850266
vt 0.012698 0.848404
vt 0.012047 0.846638
vt 0.011309 0.844990
vt 0.010488 0.843483
vt 0.009592 0.842129
vt 0.008625 0.840931
vt 0.007596 0.839893
vt 0.006512 0.839012
vt 0.005381 0.838287
vt 0.004210 0.837711
vt 0.003008 0.837284
vt 0.001784 0.837002
vt 0.000546 0.836864
vt -0.000696 0.836864
vt -0.001933 0.837002
vt -0.003157 0.837284
vt -0.004359 0.837711
vt -0.005530 0.838287
vt -0.006661 0.839012
vt -0.007746 0.839893
vt -0.008775 0.840931
vt -0.009741 0.842129
vt -0.010637 0.843483
vt -0.011458 0.844990
vt -0.012196 0.846638
vt -0.012847 0.848404
vt -0.013407 0.850266
vt -0.013870 0.852177
vt -0.014233 0.854057
vt -0.014495 0.855782
vt -0.014652 0.857090
vt -0.014705 0.857601
vt -0.014652 0.857086
vt -0.012196 0.846634
vt -0.008774 0.840931
vt -0.007746 0.839890
vt -0.006661 0.839008
vt -0.005530 0.838284
vt -0.000695 0.836861
vt 0.000546 0.836861
vt 0.005381 0.838284
vt 0.006512 0.839008
vt 0.007596 0.839890
vt 0.012047 0.846634
vt 0.013258 0.850266
vt 0.014346 0.855778
vt 0.016664 0.853539
vt 0.016725 0.854126
vt 0.016483 0.852043
vt 0.016182 0.850086
vt 0.015765 0.847950
vt 0.015233 0.845798
vt 0.014591 0.843716
vt 0.013844 0.841755
vt 0.012996 0.839947
vt 0.012053 0.838310
vt 0.011024 0.836857
vt 0.009915 0.835583
vt 0.008733 0.834496
vt 0.007488 0.833584
vt 0.006189 0.832840
vt 0.004844 0.832256
vt 0.003465 0.831829
vt 0.002059 0.831547
vt 0.000638 0.831409
vt -0.000788 0.831409
vt -0.002208 0.831547
vt -0.003614 0.831829
vt -0.004994 0.832256
vt -0.006338 0.832840
vt -0.007638 0.833584
vt -0.008883 0.834496
vt -0.010064 0.835583
vt -0.011173 0.836857
vt -0.012203 0.838310
vt -0.013145 0.839947
vt -0.013993 0.841755
vt -0.014740 0.843716
vt -0.015383 0.845798
vt -0.015914 0.847950
vt -0.016332 0.850086
vt -0.016632 0.852043
vt -0.016813 0.853539
vt -0.016873 0.854126
vt -0.015382 0.845798
vt -0.011173 0.836853
vt -0.008882 0.834492
vt -0.007638 0.833580
vt -0.006338 0.832836
vt -0.000787 0.831406
vt 0.000638 0.831406
vt 0.004845 0.832256
vt 0.006189 0.832836
vt 0.007488 0.833580
vt 0.008733 0.834492
vt 0.011024 0.836853
vt 0.012054 0.838310
vt 0.018704 0.849682
vt 0.018772 0.850338
vt 0.018501 0.848019
vt 0.018164 0.845840
vt 0.017695 0.843479
vt 0.017099 0.841114
vt 0.016378 0.838840
vt 0.015540 0.836723
vt 0.014589 0.834793
vt 0.013532 0.833065
vt 0.012377 0.831551
vt 0.011132 0.830246
vt 0.009807 0.829147
vt 0.008410 0.828239
vt 0.006952 0.827511
vt 0.005444 0.826946
vt 0.003896 0.826538
vt 0.002319 0.826271
vt 0.000725 0.826141
vt -0.000875 0.826141
vt -0.002469 0.826271
vt -0.004045 0.826538
vt -0.005593 0.826946
vt -0.007102 0.827511
vt -0.008559 0.828239
vt -0.009956 0.829147
vt -0.011281 0.830246
vt -0.012526 0.831551
vt -0.013681 0.833065
vt -0.014738 0.834793
vt -0.015689 0.836723
vt -0.016528 0.838844
vt -0.017248 0.841114
vt -0.017844 0.843479
vt -0.018313 0.845840
vt -0.018650 0.848019
vt -0.018853 0.849682
vt -0.018921 0.850338
vt -0.018650 0.848015
vt -0.018313 0.845837
vt -0.017248 0.841110
vt -0.016528 0.838840
vt -0.009956 0.829144
vt -0.008559 0.828236
vt -0.007102 0.827507
vt -0.004045 0.826534
vt -0.002468 0.826271
vt -0.000874 0.826138
vt 0.000725 0.826138
vt 0.003896 0.826534
vt 0.006953 0.827507
vt 0.008410 0.828236
vt 0.009807 0.829144
vt 0.017099 0.841110
vt 0.018164 0.845837
vt 0.018501 0.848015
vt 0.020608 0.845551
vt 0.020683 0.846268
vt 0.020385 0.843727
vt 0.020013 0.841351
vt 0.019497 0.838787
vt 0.018840 0.836239
vt 0.018047 0.833813
vt 0.017123 0.831573
vt 0.016076 0.829556
vt 0.014912 0.827774
vt 0.013639 0.826241
vt 0.012269 0.824940
vt 0.010809 0.823860
vt 0.009270 0.822990
vt 0.007665 0.822304
vt 0.006004 0.821781
vt 0.004298 0.821411
vt 0.002562 0.821171
vt 0.000806 0.821053
vt -0.000956 0.821053
vt -0.002711 0.821171
vt -0.004448 0.821411
vt -0.006153 0.821781
vt -0.007814 0.822304
vt -0.009420 0.822990
vt -0.010958 0.823860
vt -0.012418 0.824940
vt -0.013789 0.826241
vt -0.015061 0.827774
vt -0.016225 0.829556
vt -0.017273 0.831573
vt -0.018197 0.833813
vt -0.018990 0.836239
vt -0.019647 0.838787
vt -0.020163 0.841351
vt -0.020534 0.843727
vt -0.020758 0.845551
vt -0.020833 0.846268
vt -0.017272 0.831570
vt -0.016225 0.829552
vt -0.013789 0.826237
vt -0.012418 0.824936
vt -0.009420 0.822987
vt -0.007814 0.822300
vt -0.004448 0.821407
vt -0.002711 0.821167
vt -0.000956 0.821049
vt 0.000806 0.821049
vt 0.002562 0.821167
vt 0.004299 0.821407
vt 0.007665 0.822300
vt 0.009271 0.822987
vt 0.012269 0.824936
vt 0.013640 0.826237
vt 0.016076 0.829552
vt 0.017124 0.831570
vt 0.018047 0.833809
vt 0.018841 0.836239
vt 0.020014 0.841351
vt 0.022364 0.841167
vt 0.022445 0.841942
vt 0.022121 0.839203
vt 0.021719 0.836651
vt 0.021159 0.833912
vt 0.020446 0.831207
vt 0.019586 0.828655
vt 0.018583 0.826324
vt 0.017447 0.824253
vt 0.016183 0.822453
vt 0.014804 0.820927
vt 0.013316 0.819664
vt 0.011733 0.818638
vt 0.010064 0.817825
vt 0.008322 0.817204
vt 0.006520 0.816742
vt 0.004670 0.816422
vt 0.002786 0.816216
vt 0.000881 0.816116
vt -0.001031 0.816116
vt -0.002935 0.816216
vt -0.004819 0.816422
vt -0.006669 0.816742
vt -0.008471 0.817204
vt -0.010213 0.817825
vt -0.011882 0.818638
vt -0.013466 0.819664
vt -0.014953 0.820930
vt -0.016333 0.822453
vt -0.017596 0.824253
vt -0.018733 0.826324
vt -0.019735 0.828655
vt -0.020596 0.831207
vt -0.021308 0.833912
vt -0.021868 0.836651
vt -0.022271 0.839203
vt -0.022513 0.841167
vt -0.022594 0.841942
vt -0.020596 0.831203
vt -0.019735 0.828651
vt -0.018733 0.826321
vt -0.017596 0.824249
vt -0.014953 0.820927
vt -0.013466 0.819660
vt -0.011882 0.818634
vt -0.008471 0.817200
vt -0.004819 0.816418
vt -0.002935 0.816212
vt -0.001030 0.816116
vt 0.002786 0.816212
vt 0.004670 0.816418
vt 0.008322 0.817200
vt 0.011733 0.818634
vt 0.013317 0.819660
vt 0.016184 0.822453
vt 0.017447 0.824249
vt 0.018583 0.826321
vt 0.019586 0.828651
vt 0.020446 0.831203
vt 0.023958 0.836567
vt 0.024045 0.837395
vt 0.023698 0.834476
vt 0.023267 0.831768
vt 0.022667 0.828880
vt 0.021904 0.826046
vt 0.020982 0.823395
vt 0.019908 0.821003
vt 0.018691 0.818905
vt 0.017339 0.817116
vt 0.015861 0.815624
vt 0.014268 0.814419
vt 0.012571 0.813465
vt 0.010784 0.812733
vt 0.008918 0.812191
vt 0.006988 0.811802
vt 0.005007 0.811539
vt 0.002989 0.811378
vt 0.000949 0.811302
vt -0.001098 0.811302
vt -0.003138 0.811378
vt -0.005156 0.811539
vt -0.007138 0.811802
vt -0.009068 0.812191
vt -0.010934 0.812733
vt -0.012721 0.813465
vt -0.014417 0.814419
vt -0.016010 0.815624
vt -0.017488 0.817116
vt -0.018841 0.818905
vt -0.020058 0.821003
vt -0.021132 0.823395
vt -0.022053 0.826046
vt -0.022817 0.828880
vt -0.023416 0.831768
vt -0.023848 0.834476
vt -0.024107 0.836571
vt -0.024194 0.837395
vt -0.024107 0.836567
vt -0.023847 0.834476
vt -0.022053 0.826042
vt -0.020058 0.820999
vt -0.018840 0.818905
vt -0.017488 0.817112
vt -0.014417 0.814415
vt -0.012721 0.813461
vt -0.010933 0.812733
vt -0.009068 0.812187
vt -0.007137 0.811798
vt -0.005156 0.811535
vt -0.003138 0.811375
vt -0.001098 0.811298
vt 0.000949 0.811298
vt 0.002989 0.811375
vt 0.005007 0.811535
vt 0.006988 0.811798
vt 0.008919 0.812187
vt 0.012572 0.813461
vt 0.014268 0.814415
vt 0.017339 0.817112
vt 0.018692 0.818905
vt 0.019909 0.820999
vt 0.021904 0.826042
vt 0.025379 0.831783
vt 0.025471 0.832657
vt 0.025104 0.829582
vt 0.024647 0.826740
vt 0.024012 0.823723
vt 0.023203 0.820782
vt 0.022227 0.818062
vt 0.021090 0.815628
vt 0.019801 0.813530
vt 0.018368 0.811768
vt 0.016802 0.810329
vt 0.015115 0.809196
vt 0.013319 0.808331
vt 0.011426 0.807690
vt 0.009450 0.807232
vt 0.007406 0.806923
vt 0.005307 0.806725
vt 0.003170 0.806606
vt 0.001009 0.806553
vt -0.001159 0.806553
vt -0.003320 0.806606
vt -0.005457 0.806725
vt -0.007555 0.806923
vt -0.009600 0.807232
vt -0.011575 0.807690
vt -0.013469 0.808331
vt -0.015265 0.809196
vt -0.016952 0.810329
vt -0.018517 0.811768
vt -0.019950 0.813530
vt -0.021239 0.815628
vt -0.022377 0.818062
vt -0.023353 0.820782
vt -0.024161 0.823723
vt -0.024796 0.826740
vt -0.025253 0.829582
vt -0.025528 0.831783
vt -0.025620 0.832657
vt -0.022376 0.818058
vt -0.019950 0.813526
vt -0.018517 0.811764
vt -0.015265 0.809193
vt -0.013468 0.808327
vt -0.011575 0.807686
vt -0.009599 0.807232
vt -0.007555 0.806919
vt -0.005456 0.806721
vt -0.003319 0.806602
vt -0.001159 0.806549
vt 0.001010 0.806549
vt 0.003170 0.806602
vt 0.005307 0.806721
vt 0.007406 0.806919
vt 0.011426 0.807686
vt 0.013319 0.808327
vt 0.015116 0.809193
vt 0.016803 0.810329
vt 0.018368 0.811764
vt 0.019801 0.813526
vt 0.022227 0.818058
vt 0.026617 0.826847
vt 0.026713 0.827759
vt 0.026328 0.824551
vt 0.025848 0.821598
vt 0.025183 0.818474
vt 0.024335 0.815453
vt 0.023311 0.812675
vt 0.022119 0.810226
vt 0.020767 0.808136
vt 0.019265 0.806416
vt 0.017623 0.805042
vt 0.015854 0.803989
vt 0.013970 0.803215
vt 0.011985 0.802666
vt 0.009913 0.802299
vt 0.007769 0.802071
vt 0.005569 0.801933
vt 0.003328 0.801861
vt 0.001062 0.801834
vt -0.001212 0.801834
vt -0.003477 0.801861
vt -0.005718 0.801933
vt -0.007919 0.802071
vt -0.010063 0.802299
vt -0.012135 0.802666
vt -0.014120 0.803215
vt -0.016004 0.803989
vt -0.017773 0.805042
vt -0.019414 0.806416
vt -0.020916 0.808136
vt -0.022268 0.810226
vt -0.023460 0.812675
vt -0.024484 0.815453
vt -0.025332 0.818474
vt -0.025998 0.821598
vt -0.026477 0.824551
vt -0.026766 0.826851
vt -0.026862 0.827759
vt -0.026766 0.826847
vt -0.024484 0.815449
vt -0.022268 0.810223
vt -0.020916 0.808132
vt -0.019414 0.806412
vt -0.017772 0.805042
vt -0.016003 0.803989
vt -0.014119 0.803211
vt -0.012134 0.802666
vt -0.010062 0.802299
vt -0.007919 0.802067
vt -0.005718 0.801929
vt -0.001211 0.801830
vt 0.001062 0.801830
vt 0.005569 0.801929
vt 0.007769 0.802067
vt 0.013970 0.803211
vt 0.017623 0.805038
vt 0.019265 0.806412
vt 0.020767 0.808132
vt 0.022119 0.810223
vt 0.024335 0.815449
vt 0.027661 0.821796
vt 0.027762 0.822739
vt 0.027361 0.819420
vt 0.026864 0.816376
vt 0.026172 0.813168
vt 0.025290 0.810081
vt 0.024227 0.807266
vt 0.022988 0.804810
vt 0.021583 0.802742
vt 0.020022 0.801067
vt 0.018316 0.799763
vt 0.016478 0.798790
vt 0.014520 0.798103
vt 0.012457 0.797646
vt 0.010304 0.797363
vt 0.008076 0.797207
vt 0.005790 0.797131
vt 0.003461 0.797104
vt 0.001107 0.797092
vt -0.001256 0.797092
vt -0.003611 0.797104
vt -0.005939 0.797131
vt -0.008226 0.797207
vt -0.010454 0.797363
vt -0.012607 0.797646
vt -0.014670 0.798103
vt -0.016627 0.798790
vt -0.018466 0.799763
vt -0.020172 0.801067
vt -0.021732 0.802742
vt -0.023138 0.804810
vt -0.024376 0.807266
vt -0.025440 0.810081
vt -0.026321 0.813168
vt -0.027013 0.816376
vt -0.027511 0.819420
vt -0.027811 0.821796
vt -0.027911 0.822739
vt -0.027013 0.816372
vt -0.025440 0.810078
vt -0.023137 0.804806
vt -0.021732 0.802738
vt -0.020171 0.801064
vt -0.018466 0.799759
vt -0.016627 0.798786
vt -0.014669 0.798100
vt -0.012607 0.797642
vt -0.010453 0.797359
vt -0.008226 0.797203
vt -0.005939 0.797127
vt -0.003610 0.797100
vt -0.001256 0.797089
vt 0.001107 0.797089
vt 0.003461 0.797100
vt 0.005790 0.797127
vt 0.008076 0.797203
vt 0.010304 0.797359
vt 0.012457 0.797642
vt 0.014520 0.798100
vt 0.016478 0.798786
vt 0.018316 0.799759
vt 0.020022 0.801064
vt 0.021583 0.802738
vt 0.022988 0.804806
vt 0.025290 0.810078
vt 0.026864 0.816372
vt 0.028507 0.816662
vt 0.028610 0.817631
vt 0.028197 0.814224
vt 0.027685 0.811104
vt 0.026971 0.807831
vt 0.026063 0.804699
vt 0.024967 0.801861
vt 0.023691 0.799404
vt 0.022243 0.797363
vt 0.020634 0.795734
vt 0.018877 0.794491
vt 0.016982 0.793594
vt 0.014965 0.792984
vt 0.012839 0.792606
vt 0.010620 0.792400
vt 0.008325 0.792309
vt 0.005968 0.792286
vt 0.003569 0.792294
vt 0.001143 0.792301
vt -0.001292 0.792301
vt -0.003718 0.792294
vt -0.006118 0.792286
vt -0.008474 0.792309
vt -0.010770 0.792400
vt -0.012989 0.792606
vt -0.015115 0.792984
vt -0.017132 0.793594
vt -0.019026 0.794491
vt -0.020784 0.795734
vt -0.022393 0.797363
vt -0.023840 0.799404
vt -0.025117 0.801861
vt -0.026213 0.804699
vt -0.027121 0.807831
vt -0.027834 0.811104
vt -0.028347 0.814224
vt -0.028656 0.816662
vt -0.028759 0.817631
vt -0.026213 0.804695
vt -0.022392 0.797359
vt -0.020784 0.795731
vt -0.019026 0.794487
vt -0.017131 0.793591
vt -0.015114 0.792984
vt -0.012989 0.792603
vt -0.010770 0.792397
vt -0.008474 0.792305
vt -0.006118 0.792282
vt -0.003718 0.792290
vt -0.001292 0.792297
vt 0.001143 0.792297
vt 0.003569 0.792290
vt 0.005969 0.792282
vt 0.008325 0.792305
vt 0.010621 0.792397
vt 0.012839 0.792603
vt 0.014965 0.792980
vt 0.016982 0.793591
vt 0.018877 0.794487
vt 0.020635 0.795731
vt 0.022243 0.797359
vt 0.024968 0.801861
vt 0.026064 0.804695
vt 0.029146 0.811485
vt 0.029252 0.812473
vt 0.028830 0.808998
vt 0.028306 0.805824
vt 0.027576 0.802505
vt 0.026648 0.799339
vt 0.025527 0.796486
vt 0.024222 0.794037
vt 0.022742 0.792015
vt 0.021098 0.790428
vt 0.019300 0.789238
vt 0.017364 0.788399
vt 0.015301 0.787857
vt 0.013128 0.787544
vt 0.010859 0.787395
vt 0.008512 0.787357
vt 0.006104 0.787376
vt 0.003650 0.787411
vt 0.001170 0.787434
vt -0.001320 0.787434
vt -0.003800 0.787411
vt -0.006253 0.787376
vt -0.008662 0.787357
vt -0.011009 0.787395
vt -0.013278 0.787544
vt -0.015451 0.787857
vt -0.017513 0.788399
vt -0.019450 0.789238
vt -0.021247 0.790428
vt -0.022892 0.792015
vt -0.024372 0.794037
vt -0.025677 0.796486
vt -0.026798 0.799339
vt -0.027726 0.802505
vt -0.028455 0.805824
vt -0.028979 0.808998
vt -0.029295 0.811485
vt -0.029401 0.812473
vt -0.026798 0.799335
vt -0.024372 0.794033
vt -0.021247 0.790424
vt -0.019450 0.789234
vt -0.017513 0.788395
vt -0.015451 0.787853
vt -0.013278 0.787540
vt -0.011009 0.787392
vt -0.008662 0.787354
vt -0.006253 0.787373
vt -0.003800 0.787407
vt -0.001319 0.787430
vt 0.001170 0.787430
vt 0.003650 0.787407
vt 0.006104 0.787373
vt 0.008513 0.787354
vt 0.010860 0.787392
vt 0.013128 0.787540
vt 0.015301 0.787853
vt 0.017364 0.788395
vt 0.019300 0.789234
vt 0.021098 0.790424
vt 0.024222 0.794033
vt 0.026649 0.799335
vt 0.029575 0.806297
vt 0.029682 0.807297
vt 0.029254 0.803783
vt 0.028722 0.800571
vt 0.027982 0.797222
vt 0.027040 0.794033
vt 0.025903 0.791172
vt 0.024579 0.788727
vt 0.023077 0.786724
vt 0.021408 0.785164
vt 0.019585 0.784012
vt 0.017619 0.783218
vt 0.015527 0.782722
vt 0.013322 0.782452
vt 0.011020 0.782349
vt 0.008638 0.782345
vt 0.006194 0.782391
vt 0.003705 0.782448
vt 0.001188 0.782482
vt -0.001338 0.782482
vt -0.003855 0.782448
vt -0.006344 0.782391
vt -0.008788 0.782345
vt -0.011170 0.782349
vt -0.013472 0.782452
vt -0.015676 0.782722
vt -0.017769 0.783218
vt -0.019734 0.784012
vt -0.021558 0.785164
vt -0.023227 0.786724
vt -0.024729 0.788727
vt -0.026053 0.791172
vt -0.027190 0.794033
vt -0.028132 0.797222
vt -0.028872 0.800571
vt -0.029404 0.803783
vt -0.029724 0.806297
vt -0.029831 0.807297
vt -0.029403 0.803780
vt -0.028871 0.800571
vt -0.028131 0.797218
vt -0.027190 0.794029
vt -0.026052 0.791172
vt -0.024728 0.788723
vt -0.023226 0.786724
vt -0.017769 0.783215
vt -0.015676 0.782719
vt -0.013471 0.782448
vt -0.011170 0.782345
vt -0.008788 0.782341
vt -0.006344 0.782387
vt -0.003854 0.782444
vt -0.001337 0.782478
vt 0.001188 0.782478
vt 0.003705 0.782444
vt 0.006194 0.782387
vt 0.008639 0.782341
vt 0.011020 0.782345
vt 0.013322 0.782448
vt 0.015527 0.782719
vt 0.017620 0.783215
vt 0.021409 0.785164
vt 0.024579 0.788723
vt 0.027040 0.794029
vt 0.027982 0.797218
vt 0.029254 0.803780
vt 0.029790 0.801140
vt 0.029898 0.802147
vt 0.029467 0.798607
vt 0.028931 0.795380
vt 0.028186 0.792015
vt 0.027237 0.788815
vt 0.026092 0.785954
vt 0.024758 0.783508
vt 0.023245 0.781517
vt 0.021564 0.779972
vt 0.019727 0.778839
vt 0.017748 0.778069
vt 0.015640 0.777596
vt 0.013419 0.777348
vt 0.011101 0.777267
vt 0.008702 0.777283
vt 0.006240 0.777344
vt 0.003732 0.777409
vt 0.001197 0.777451
vt -0.001347 0.777451
vt -0.003882 0.777409
vt -0.006390 0.777344
vt -0.008852 0.777283
vt -0.011250 0.777267
vt -0.013569 0.777348
vt -0.015790 0.777596
vt -0.017898 0.778069
vt -0.019877 0.778839
vt -0.021714 0.779972
vt -0.023395 0.781517
vt -0.024908 0.783508
vt -0.026241 0.785954
vt -0.027387 0.788815
vt -0.028336 0.792015
vt -0.029080 0.795380
vt -0.029616 0.798607
vt -0.029940 0.801140
vt -0.030047 0.802147
vt -0.028335 0.792011
vt -0.026241 0.785950
vt -0.024907 0.783508
vt -0.021714 0.779968
vt -0.017897 0.778065
vt -0.015790 0.777592
vt -0.013568 0.777348
vt -0.011250 0.777264
vt -0.008851 0.777279
vt -0.006389 0.777340
vt -0.003882 0.777405
vt -0.001347 0.777447
vt 0.001197 0.777447
vt 0.003732 0.777405
vt 0.006240 0.777340
vt 0.008702 0.777279
vt 0.011101 0.777264
vt 0.013419 0.777344
vt 0.015640 0.777592
vt 0.017748 0.778065
vt 0.019728 0.778839
vt 0.021564 0.779968
vt 0.026092 0.785950
vt 0.028186 0.792011
vt 0.029790 0.801136
vt 0.029790 0.796043
vt 0.029898 0.797054
vt 0.029467 0.793514
vt 0.028931 0.790287
vt 0.028186 0.786919
vt 0.027237 0.783722
vt 0.026092 0.780861
vt 0.024758 0.778416
vt 0.023245 0.776424
vt 0.021564 0.774879
vt 0.019727 0.773746
vt 0.017748 0.772976
vt 0.015640 0.772503
vt 0.013419 0.772255
vt 0.011101 0.772175
vt 0.008702 0.772190
vt 0.006240 0.772251
vt 0.003732 0.772316
vt 0.001197 0.772358
vt -0.001347 0.772358
vt -0.003882 0.772316
vt -0.006390 0.772251
vt -0.008852 0.772190
vt -0.011250 0.772175
vt -0.013569 0.772255
vt -0.015790 0.772503
vt -0.017898 0.772976
vt -0.019877 0.773746
vt -0.021714 0.774879
vt -0.023395 0.776424
vt -0.024908 0.778416
vt -0.026241 0.780861
vt -0.027387 0.783722
vt -0.028336 0.786922
vt -0.029080 0.790287
vt -0.029616 0.793514
vt -0.029940 0.796047
vt -0.030047 0.797054
vt -0.029940 0.796043
vt -0.028335 0.786919
vt -0.026241 0.780857
vt -0.024907 0.778416
vt -0.021714 0.774876
vt -0.019877 0.773743
vt -0.017897 0.772972
vt -0.015790 0.772499
vt -0.013568 0.772251
vt -0.011250 0.772171
vt -0.008851 0.772186
vt -0.006389 0.772247
vt -0.003882 0.772312
vt -0.001347 0.772350
vt 0.001197 0.772350
vt 0.003732 0.772312
vt 0.006240 0.772247
vt 0.008702 0.772186
vt 0.011101 0.772167
vt 0.013419 0.772251
vt 0.015640 0.772499
vt 0.017748 0.772972
vt 0.019728 0.773743
vt 0.021564 0.774876
vt 0.023245 0.776421
vt 0.026092 0.780857
vt 0.029575 0.791054
vt 0.029682 0.792057
vt 0.029254 0.788540
vt 0.028722 0.785328
vt 0.027982 0.781979
vt 0.027040 0.778790
vt 0.025903 0.775932
vt 0.024579 0.773483
vt 0.023077 0.771484
vt 0.021408 0.769924
vt 0.019585 0.768772
vt 0.017619 0.767979
vt 0.015527 0.767479
vt 0.013322 0.767212
vt 0.011020 0.767105
vt 0.008638 0.767101
vt 0.006194 0.767151
vt 0.003705 0.767204
vt 0.001188 0.767239
vt -0.001338 0.767239
vt -0.003855 0.767204
vt -0.006344 0.767151
vt -0.008788 0.767105
vt -0.011170 0.767105
vt -0.013472 0.767212
vt -0.015676 0.767479
vt -0.017769 0.767979
vt -0.019734 0.768772
vt -0.021558 0.769924
vt -0.023227 0.771484
vt -0.024729 0.773483
vt -0.026053 0.775932
vt -0.027190 0.778790
vt -0.028132 0.781979
vt -0.028872 0.785328
vt -0.029404 0.788540
vt -0.029724 0.791054
vt -0.029831 0.792057
vt -0.028131 0.781979
vt -0.026053 0.775928
vt -0.024728 0.773483
vt -0.023226 0.771481
vt -0.021558 0.769920
vt -0.019734 0.768768
vt -0.017769 0.767975
vt -0.015676 0.767475
vt -0.013471 0.767208
vt -0.011170 0.767101
vt -0.008788 0.767097
vt -0.006344 0.767147
vt -0.003854 0.767200
vt -0.001338 0.767235
vt 0.001188 0.767235
vt 0.003705 0.767200
vt 0.006194 0.767147
vt 0.008639 0.767097
vt 0.011020 0.767101
vt 0.013322 0.767208
vt 0.015527 0.767475
vt 0.017620 0.767975
vt 0.019585 0.768768
vt 0.021409 0.769920
vt 0.023077 0.771481
vt 0.025903 0.775928
vt 0.029146 0.786201
vt 0.029252 0.787189
vt 0.028830 0.783718
vt 0.028306 0.780544
vt 0.027576 0.777225
vt 0.026648 0.774055
vt 0.025527 0.771206
vt 0.024222 0.768753
vt 0.022742 0.766735
vt 0.021097 0.765144
vt 0.019300 0.763954
vt 0.017364 0.763119
vt 0.015301 0.762573
vt 0.013128 0.762260
vt 0.010859 0.762115
vt 0.008512 0.762077
vt 0.006103 0.762093
vt 0.003650 0.762127
vt 0.001170 0.762154
vt -0.001320 0.762154
vt -0.003800 0.762127
vt -0.006253 0.762093
vt -0.008662 0.762077
vt -0.011009 0.762115
vt -0.013278 0.762260
vt -0.015451 0.762573
vt -0.017513 0.763119
vt -0.019450 0.763954
vt -0.021247 0.765144
vt -0.022892 0.766735
vt -0.024372 0.768753
vt -0.025677 0.771206
vt -0.026798 0.774055
vt -0.027726 0.777225
vt -0.028455 0.780544
vt -0.028979 0.783718
vt -0.029295 0.786201
vt -0.029401 0.787189
vt -0.027726 0.777222
vt -0.025677 0.771202
vt -0.022892 0.766731
vt -0.021247 0.765141
vt -0.017513 0.763115
vt -0.013278 0.762257
vt -0.011009 0.762112
vt -0.008662 0.762074
vt -0.006253 0.762089
vt -0.003800 0.762123
vt -0.001319 0.762150
vt 0.001170 0.762150
vt 0.003650 0.762123
vt 0.006104 0.762089
vt 0.008513 0.762074
vt 0.010860 0.762112
vt 0.013128 0.762257
vt 0.017364 0.763115
vt 0.021098 0.765141
vt 0.022742 0.766731
vt 0.025527 0.771202
vt 0.026649 0.774055
vt 0.027576 0.777222
vt 0.028507 0.781525
vt 0.028610 0.782494
vt 0.028197 0.779087
vt 0.027684 0.775967
vt 0.026971 0.772694
vt 0.026063 0.769558
vt 0.024967 0.766724
vt 0.023691 0.764267
vt 0.022243 0.762222
vt 0.020634 0.760593
vt 0.018876 0.759354
vt 0.016982 0.758453
vt 0.014965 0.757847
vt 0.012839 0.757469
vt 0.010620 0.757263
vt 0.008324 0.757172
vt 0.005968 0.757149
vt 0.003568 0.757153
vt 0.001142 0.757164
vt -0.001292 0.757164
vt -0.003718 0.757153
vt -0.006118 0.757149
vt -0.008475 0.757172
vt -0.010770 0.757263
vt -0.012989 0.757469
vt -0.015115 0.757847
vt -0.017132 0.758453
vt -0.019026 0.759354
vt -0.020784 0.760593
vt -0.022393 0.762222
vt -0.023840 0.764267
vt -0.025117 0.766724
vt -0.026213 0.769558
vt -0.027121 0.772694
vt -0.027834 0.775967
vt -0.028347 0.779087
vt -0.028656 0.781525
vt -0.028759 0.782494
vt -0.025117 0.766720
vt -0.023840 0.764263
vt -0.022392 0.762222
vt -0.019026 0.759350
vt -0.017131 0.758453
vt -0.015114 0.757843
vt -0.012989 0.757465
vt -0.010770 0.757259
vt -0.008474 0.757168
vt -0.006118 0.757145
vt -0.003718 0.757149
vt -0.001292 0.757160
vt 0.001143 0.757160
vt 0.003569 0.757149
vt 0.005969 0.757145
vt 0.008325 0.757168
vt 0.010621 0.757259
vt 0.012839 0.757465
vt 0.014965 0.757843
vt 0.018877 0.759350
vt 0.023691 0.764263
vt 0.024967 0.766720
vt 0.027661 0.777054
vt 0.027761 0.777996
vt 0.027361 0.774677
vt 0.026864 0.771633
vt 0.026172 0.768425
vt 0.025290 0.765339
vt 0.024227 0.762524
vt 0.022988 0.760067
vt 0.021583 0.757999
vt 0.020021 0.756325
vt 0.018316 0.755020
vt 0.016478 0.754047
vt 0.014520 0.753361
vt 0.012457 0.752903
vt 0.010304 0.752621
vt 0.008076 0.752464
vt 0.005790 0.752388
vt 0.003461 0.752357
vt 0.001106 0.752350
vt -0.001256 0.752350
vt -0.003611 0.752357
vt -0.005940 0.752388
vt -0.008226 0.752464
vt -0.010454 0.752621
vt -0.012607 0.752903
vt -0.014670 0.753361
vt -0.016627 0.754047
vt -0.018466 0.755020
vt -0.020172 0.756325
vt -0.021733 0.757999
vt -0.023138 0.760067
vt -0.024376 0.762524
vt -0.025440 0.765339
vt -0.026321 0.768425
vt -0.027013 0.771633
vt -0.027511 0.774677
vt -0.027811 0.777054
vt -0.027911 0.777996
vt -0.027013 0.771629
vt -0.025440 0.765335
vt -0.023138 0.760063
vt -0.021732 0.757996
vt -0.020171 0.756321
vt -0.018466 0.755016
vt -0.016627 0.754044
vt -0.014670 0.753357
vt -0.012607 0.752899
vt -0.010454 0.752617
vt -0.008226 0.752460
vt -0.005939 0.752384
vt -0.003610 0.752354
vt -0.001256 0.752346
vt 0.001107 0.752346
vt 0.003461 0.752354
vt 0.005790 0.752384
vt 0.008076 0.752460
vt 0.010304 0.752617
vt 0.012457 0.752899
vt 0.014520 0.753357
vt 0.016478 0.754044
vt 0.018316 0.755016
vt 0.020022 0.756321
vt 0.021583 0.757996
vt 0.022988 0.760063
vt 0.025290 0.765335
vt 0.026172 0.768421
vt 0.026864 0.771629
vt 0.026616 0.772823
vt 0.026713 0.773735
vt 0.026328 0.770527
vt 0.025848 0.767574
vt 0.025182 0.764450
vt 0.024334 0.761429
vt 0.023311 0.758652
vt 0.022119 0.756199
vt 0.020767 0.754112
vt 0.019264 0.752388
vt 0.017623 0.751019
vt 0.015854 0.749969
vt 0.013970 0.749191
vt 0.011985 0.748642
vt 0.009913 0.748276
vt 0.007769 0.748047
vt 0.005569 0.747910
vt 0.003327 0.747841
vt 0.001062 0.747810
vt -0.001212 0.747810
vt -0.003478 0.747841
vt -0.005719 0.747910
vt -0.007919 0.748047
vt -0.010063 0.748276
vt -0.012135 0.748642
vt -0.014120 0.749191
vt -0.016004 0.749969
vt -0.017773 0.751019
vt -0.019414 0.752392
vt -0.020916 0.754112
vt -0.022269 0.756203
vt -0.023461 0.758652
vt -0.024485 0.761429
vt -0.025332 0.764450
vt -0.025998 0.767574
vt -0.026477 0.770527
vt -0.026766 0.772823
vt -0.026862 0.773735
vt -0.024484 0.761425
vt -0.023461 0.758648
vt -0.022268 0.756199
vt -0.020916 0.754108
vt -0.019414 0.752388
vt -0.017773 0.751015
vt -0.016004 0.749962
vt -0.005718 0.747910
vt -0.003477 0.747833
vt -0.001212 0.747803
vt 0.001062 0.747803
vt 0.003328 0.747833
vt 0.015854 0.749962
vt 0.017623 0.751015
vt 0.019265 0.752388
vt 0.020767 0.754108
vt 0.023311 0.758648
vt 0.024335 0.761425
vt 0.025183 0.764450
vt 0.025379 0.768867
vt 0.025471 0.769741
vt 0.025103 0.766666
vt 0.024646 0.763824
vt 0.024012 0.760807
vt 0.023203 0.757866
vt 0.022227 0.755142
vt 0.021090 0.752712
vt 0.019800 0.750610
vt 0.018368 0.748848
vt 0.016802 0.747414
vt 0.015115 0.746284
vt 0.013319 0.745415
vt 0.011426 0.744774
vt 0.009450 0.744316
vt 0.007405 0.744011
vt 0.005307 0.743813
vt 0.003170 0.743690
vt 0.001009 0.743637
vt -0.001159 0.743637
vt -0.003320 0.743690
vt -0.005457 0.743813
vt -0.007555 0.744011
vt -0.009600 0.744316
vt -0.011576 0.744774
vt -0.013469 0.745415
vt -0.015265 0.746284
vt -0.016953 0.747414
vt -0.018518 0.748848
vt -0.019950 0.750610
vt -0.021240 0.752712
vt -0.022377 0.755142
vt -0.023353 0.757866
vt -0.024161 0.760807
vt -0.024796 0.763824
vt -0.025253 0.766666
vt -0.025528 0.768867
vt -0.025620 0.769741
vt -0.018517 0.748848
vt -0.016952 0.747414
vt -0.015265 0.746277
vt -0.011575 0.744774
vt -0.007555 0.744003
vt -0.005457 0.743805
vt 0.005307 0.743805
vt 0.007406 0.744003
vt 0.015115 0.746277
vt 0.019801 0.750610
vt 0.024647 0.763824
vt 0.025104 0.766666
vt 0.023958 0.765213
vt 0.024045 0.766041
vt 0.023698 0.763123
vt 0.023266 0.760414
vt 0.022667 0.757523
vt 0.021904 0.754688
vt 0.020982 0.752037
vt 0.019908 0.749649
vt 0.018691 0.747551
vt 0.017338 0.745758
vt 0.015860 0.744270
vt 0.014267 0.743065
vt 0.012571 0.742111
vt 0.010784 0.741379
vt 0.008918 0.740837
vt 0.006988 0.740448
vt 0.005006 0.740181
vt 0.002989 0.740021
vt 0.000949 0.739944
vt -0.001099 0.739944
vt -0.003139 0.740021
vt -0.005157 0.740181
vt -0.007138 0.740448
vt -0.009068 0.740837
vt -0.010934 0.741379
vt -0.012721 0.742111
vt -0.014417 0.743065
vt -0.016010 0.744270
vt -0.017488 0.745758
vt -0.018841 0.747551
vt -0.020058 0.749649
vt -0.021132 0.752037
vt -0.022053 0.754688
vt -0.022817 0.757523
vt -0.023417 0.760414
vt -0.023848 0.763123
vt -0.024107 0.765213
vt -0.024195 0.766041
vt -0.023848 0.763119
vt -0.023416 0.760414
vt -0.005156 0.740181
vt -0.003138 0.740021
vt -0.001098 0.739944
vt 0.005007 0.740181
vt 0.014268 0.743065
vt 0.015861 0.744270
vt 0.023267 0.760414
vt 0.023698 0.763119
vt 0.022364 0.761887
vt 0.022445 0.762661
vt 0.022121 0.759922
vt 0.021719 0.757370
vt 0.021159 0.754631
vt 0.020446 0.751926
vt 0.019585 0.749374
vt 0.018583 0.747047
vt 0.017446 0.744972
vt 0.016183 0.743172
vt 0.014803 0.741646
vt 0.013316 0.740387
vt 0.011732 0.739357
vt 0.010063 0.738548
vt 0.008322 0.737923
vt 0.006519 0.737465
vt 0.004669 0.737144
vt 0.002785 0.736938
vt 0.000881 0.736839
vt -0.001031 0.736839
vt -0.002935 0.736938
vt -0.004820 0.737144
vt -0.006669 0.737465
vt -0.008472 0.737923
vt -0.010214 0.738548
vt -0.011882 0.739357
vt -0.013466 0.740387
vt -0.014953 0.741646
vt -0.016333 0.743172
vt -0.017596 0.744972
vt -0.018733 0.747047
vt -0.019735 0.749374
vt -0.020596 0.751926
vt -0.021308 0.754631
vt -0.021868 0.757370
vt -0.022271 0.759922
vt -0.022514 0.761887
vt -0.022595 0.762661
vt -0.020596 0.751923
vt -0.018733 0.747040
vt -0.013466 0.740379
vt -0.010213 0.738548
vt -0.008471 0.737923
vt -0.004819 0.737137
vt -0.002935 0.736931
vt 0.002786 0.736931
vt 0.004670 0.737137
vt 0.006520 0.737465
vt 0.010064 0.738548
vt 0.011733 0.739357
vt 0.013316 0.740379
vt 0.014804 0.741646
vt 0.017447 0.744972
vt 0.018583 0.747040
vt 0.020446 0.751923
vt 0.020608 0.758915
vt 0.020683 0.759632
vt 0.020384 0.757092
vt 0.020013 0.754715
vt 0.019497 0.752155
vt 0.018840 0.749603
vt 0.018047 0.747177
vt 0.017123 0.744942
vt 0.016075 0.742920
vt 0.014911 0.741142
vt 0.013639 0.739609
vt 0.012268 0.738304
vt 0.010808 0.737228
vt 0.009270 0.736359
vt 0.007665 0.735672
vt 0.006003 0.735146
vt 0.004298 0.734779
vt 0.002562 0.734535
vt 0.000806 0.734421
vt -0.000956 0.734421
vt -0.002712 0.734535
vt -0.004448 0.734779
vt -0.006153 0.735153
vt -0.007815 0.735672
vt -0.009420 0.736359
vt -0.010959 0.737228
vt -0.012419 0.738304
vt -0.013789 0.739609
vt -0.015061 0.741142
vt -0.016225 0.742920
vt -0.017273 0.744942
vt -0.018197 0.747177
vt -0.018990 0.749603
vt -0.019647 0.752155
vt -0.020163 0.754715
vt -0.020534 0.757092
vt -0.020758 0.758915
vt -0.020833 0.759632
vt -0.019647 0.752151
vt -0.017273 0.744934
vt -0.013789 0.739601
vt -0.012418 0.738304
vt -0.010958 0.737228
vt -0.009420 0.736351
vt -0.007814 0.735664
vt -0.006153 0.735146
vt -0.004448 0.734772
vt -0.002711 0.734535
vt -0.000956 0.734413
vt 0.000806 0.734413
vt 0.004298 0.734772
vt 0.006004 0.735146
vt 0.007665 0.735664
vt 0.009270 0.736351
vt 0.010809 0.737228
vt 0.012269 0.738304
vt 0.013639 0.739601
vt 0.014912 0.741142
vt 0.016076 0.742920
vt 0.017123 0.744934
vt 0.019497 0.752151
vt 0.018703 0.756317
vt 0.018772 0.756973
vt 0.018500 0.754654
vt 0.018163 0.752476
vt 0.017695 0.750114
vt 0.017098 0.747749
vt 0.016378 0.745483
vt 0.015539 0.743362
vt 0.014588 0.741432
vt 0.013531 0.739700
vt 0.012376 0.738190
vt 0.011132 0.736885
vt 0.009806 0.735786
vt 0.008410 0.734879
vt 0.006952 0.734146
vt 0.005444 0.733589
vt 0.003896 0.733177
vt 0.002319 0.732910
vt 0.000725 0.732780
vt -0.000875 0.732780
vt -0.002469 0.732910
vt -0.004046 0.733177
vt -0.005594 0.733589
vt -0.007102 0.734146
vt -0.008560 0.734879
vt -0.009956 0.735786
vt -0.011282 0.736885
vt -0.012526 0.738190
vt -0.013681 0.739700
vt -0.014738 0.741432
vt -0.015689 0.743362
vt -0.016528 0.745483
vt -0.017248 0.747749
vt -0.017845 0.750114
vt -0.018313 0.752476
vt -0.018650 0.754654
vt -0.018853 0.756317
vt -0.018925 0.756969
vt -0.018857 0.756222
vt -0.018654 0.754498
vt -0.016528 0.745476
vt -0.011281 0.736885
vt -0.008559 0.734871
vt -0.005594 0.733582
vt -0.004045 0.733177
vt -0.000875 0.732773
vt 0.000725 0.732773
vt 0.005444 0.733582
vt 0.008410 0.734871
vt 0.012377 0.738190
vt 0.015540 0.743362
vt 0.016378 0.745476
vt 0.016660 0.754208
vt 0.016720 0.754700
vt 0.016479 0.752773
vt 0.016178 0.750843
vt 0.015764 0.748535
vt 0.015233 0.746376
vt 0.014591 0.744301
vt 0.013843 0.742332
vt 0.012995 0.740524
vt 0.012053 0.738892
vt 0.011024 0.737434
vt 0.009914 0.736168
vt 0.008733 0.735077
vt 0.007488 0.734161
vt 0.006189 0.733421
vt 0.004844 0.732841
vt 0.003464 0.732407
vt 0.002059 0.732132
vt 0.000638 0.731987
vt -0.000788 0.731987
vt -0.002209 0.732132
vt -0.003614 0.732407
vt -0.004994 0.732841
vt -0.006339 0.733421
vt -0.007638 0.734161
vt -0.008883 0.735077
vt -0.010064 0.736168
vt -0.011174 0.737434
vt -0.012203 0.738892
vt -0.013145 0.740524
vt -0.013993 0.742332
vt -0.014741 0.744301
vt -0.015383 0.746376
vt -0.015914 0.748535
vt -0.016332 0.750664
vt -0.016632 0.752625
vt -0.016817 0.754208
vt -0.016878 0.754700
vt -0.016817 0.754017
vt -0.016636 0.752468
vt -0.016335 0.750481
vt -0.015914 0.748528
vt -0.014741 0.744293
vt -0.011173 0.737434
vt -0.010064 0.736160
vt -0.006338 0.733421
vt -0.004994 0.732834
vt -0.002209 0.732124
vt 0.002059 0.732124
vt 0.004844 0.732834
vt 0.009914 0.736160
vt 0.014591 0.744293
vt 0.015765 0.748528
vt 0.016178 0.750484
vt 0.016479 0.752472
vt 0.016660 0.754021
vt 0.014499 0.752419
vt 0.014552 0.752834
vt 0.014342 0.751171
vt 0.014080 0.749481
vt 0.013720 0.747414
vt 0.013257 0.745506
vt 0.012698 0.743645
vt 0.012047 0.741875
vt 0.011308 0.740227
vt 0.010488 0.738724
vt 0.009591 0.737366
vt 0.008625 0.736168
vt 0.007596 0.735130
vt 0.006512 0.734253
vt 0.005380 0.733528
vt 0.004209 0.732948
vt 0.003007 0.732529
vt 0.001783 0.732246
vt 0.000546 0.732101
vt -0.000696 0.732101
vt -0.001933 0.732246
vt -0.003157 0.732529
vt -0.004359 0.732948
vt -0.005530 0.733528
vt -0.006662 0.734253
vt -0.007746 0.735130
vt -0.008775 0.736168
vt -0.009741 0.737366
vt -0.010638 0.738724
vt -0.011458 0.740227
vt -0.012197 0.741875
vt -0.012848 0.743645
vt -0.013407 0.745506
vt -0.013870 0.747414
vt -0.014237 0.749481
vt -0.014499 0.751167
vt -0.014657 0.752415
vt -0.014709 0.752834
vt -0.014657 0.752228
vt -0.014499 0.750862
vt -0.014237 0.749115
vt -0.005530 0.733521
vt -0.003157 0.732521
vt -0.001933 0.732239
vt 0.001784 0.732239
vt 0.003008 0.732521
vt 0.005380 0.733521
vt 0.013716 0.747223
vt 0.014080 0.749115
vt 0.014342 0.750866
vt 0.014499 0.752232
vt 0.012234 0.751053
vt 0.012278 0.751392
vt 0.012100 0.750004
vt 0.011879 0.748573
vt 0.011572 0.746979
vt 0.011185 0.745140
vt 0.010713 0.743530
vt 0.010163 0.741989
vt 0.009539 0.740547
vt 0.008846 0.739212
vt 0.008089 0.737999
vt 0.007273 0.736916
vt 0.006404 0.735970
vt 0.005488 0.735153
vt 0.004532 0.734482
vt 0.003543 0.733940
vt 0.002528 0.733543
vt 0.001495 0.733276
vt 0.000449 0.733139
vt -0.000599 0.733139
vt -0.001645 0.733276
vt -0.002678 0.733543
vt -0.003693 0.733940
vt -0.004682 0.734482
vt -0.005638 0.735153
vt -0.006554 0.735970
vt -0.007423 0.736916
vt -0.008239 0.737999
vt -0.008996 0.739212
vt -0.009689 0.740547
vt -0.010313 0.741989
vt -0.010863 0.743530
vt -0.011335 0.745140
vt -0.011730 0.746971
vt -0.012037 0.748566
vt -0.012258 0.750000
vt -0.012391 0.751049
vt -0.012436 0.751389
vt -0.012391 0.750862
vt -0.012258 0.749695
vt -0.012037 0.748199
vt -0.011730 0.746582
vt -0.011339 0.744934
vt -0.009689 0.740540
vt -0.008996 0.739204
vt -0.006554 0.735962
vt -0.001644 0.733269
vt 0.000450 0.733139
vt 0.001495 0.733269
vt 0.006404 0.735962
vt 0.008846 0.739204
vt 0.009539 0.740540
vt 0.011181 0.744934
vt 0.011572 0.746582
vt 0.011879 0.748207
vt 0.012100 0.749695
vt 0.012234 0.750862
vt 0.009879 0.750118
vt 0.009915 0.750374
vt 0.009772 0.749283
vt 0.009593 0.748123
vt 0.009345 0.746819
vt 0.009028 0.745483
vt 0.008650 0.743950
vt 0.008205 0.742668
vt 0.007701 0.741463
vt 0.007140 0.740341
vt 0.006528 0.739311
vt 0.005868 0.738388
vt 0.005165 0.737572
vt 0.004424 0.736862
vt 0.003651 0.736275
vt 0.002851 0.735802
vt 0.002031 0.735451
vt 0.001194 0.735214
vt 0.000349 0.735092
vt -0.000499 0.735092
vt -0.001344 0.735214
vt -0.002181 0.735451
vt -0.003002 0.735802
vt -0.003801 0.736275
vt -0.004574 0.736862
vt -0.005315 0.737572
vt -0.006018 0.738388
vt -0.006678 0.739311
vt -0.007290 0.740341
vt -0.007851 0.741463
vt -0.008359 0.742882
vt -0.008804 0.744156
vt -0.009186 0.745483
vt -0.009502 0.746819
vt -0.009750 0.748116
vt -0.009929 0.749275
vt -0.010037 0.750114
vt -0.010073 0.750374
vt -0.010037 0.749931
vt -0.009929 0.748970
vt -0.009750 0.747749
vt -0.009502 0.746422
vt -0.009186 0.745064
vt -0.008804 0.743736
vt -0.008359 0.742462
vt -0.007854 0.741249
vt -0.003001 0.735802
vt -0.002180 0.735443
vt -0.001344 0.735207
vt 0.001195 0.735207
vt 0.002031 0.735443
vt 0.002852 0.735802
vt 0.008202 0.742462
vt 0.008646 0.743736
vt 0.009028 0.745071
vt 0.009345 0.746422
vt 0.009593 0.747749
vt 0.009772 0.748970
vt 0.009879 0.749931
vt 0.007453 0.749626
vt 0.007481 0.749794
vt 0.007372 0.749008
vt 0.007237 0.748131
vt 0.007049 0.747147
vt 0.006810 0.746124
vt 0.006521 0.745110
vt 0.006184 0.744125
vt 0.005803 0.743187
vt 0.005379 0.742310
vt 0.004915 0.741501
vt 0.004416 0.740768
vt 0.003885 0.740120
vt 0.003325 0.739555
vt 0.002740 0.739082
vt 0.002135 0.738701
vt 0.001514 0.738411
vt 0.000881 0.738220
vt 0.000242 0.738121
vt -0.000400 0.738121
vt -0.001039 0.738220
vt -0.001671 0.738411
vt -0.002292 0.738701
vt -0.002897 0.739082
vt -0.003482 0.739555
vt -0.004042 0.740120
vt -0.004574 0.740768
vt -0.005073 0.741501
vt -0.005536 0.742310
vt -0.005960 0.743187
vt -0.006342 0.744125
vt -0.006678 0.745110
vt -0.006967 0.746124
vt -0.007206 0.747147
vt -0.007394 0.748131
vt -0.007529 0.749001
vt -0.007611 0.749626
vt -0.007638 0.749794
vt -0.007611 0.749435
vt -0.007529 0.748695
vt -0.007394 0.747757
vt -0.007206 0.746742
vt -0.006967 0.745705
vt -0.006678 0.744682
vt -0.006342 0.743690
vt -0.005960 0.742752
vt -0.005536 0.741875
vt -0.005073 0.741074
vt -0.004574 0.740341
vt -0.004042 0.739693
vt -0.003482 0.739128
vt -0.002897 0.738655
vt -0.002288 0.738487
vt -0.001667 0.738205
vt -0.001035 0.738007
vt -0.000396 0.737915
vt 0.000246 0.737915
vt 0.000885 0.738007
vt 0.001518 0.738205
vt 0.002139 0.738487
vt 0.002744 0.738869
vt 0.003328 0.739342
vt 0.003885 0.739693
vt 0.004416 0.740341
vt 0.004916 0.741074
vt 0.005379 0.741875
vt 0.005803 0.742752
vt 0.006184 0.743690
vt 0.006521 0.744682
vt 0.006810 0.745705
vt 0.007049 0.746742
vt 0.007237 0.747757
vt 0.007372 0.748695
vt 0.007453 0.749435
vt 0.004973 0.749573
vt 0.004991 0.749657
vt 0.004918 0.749176
vt 0.004828 0.748604
vt 0.004702 0.747948
vt 0.004541 0.747253
vt 0.004347 0.746567
vt 0.004122 0.745903
vt 0.003866 0.745262
vt 0.003582 0.744659
vt 0.003271 0.744110
vt 0.002936 0.743599
vt 0.002580 0.743149
vt 0.002204 0.742760
vt 0.001812 0.742424
vt 0.001406 0.742157
vt 0.000989 0.741959
vt 0.000565 0.741821
vt 0.000136 0.741753
vt -0.000294 0.741753
vt -0.000723 0.741821
vt -0.001147 0.741959
vt -0.001563 0.742157
vt -0.001969 0.742424
vt -0.002361 0.742760
vt -0.002737 0.743149
vt -0.003093 0.743599
vt -0.003428 0.744102
vt -0.003739 0.744659
vt -0.004023 0.745262
vt -0.004279 0.745903
vt -0.004505 0.746567
vt -0.004699 0.747253
vt -0.004859 0.747940
vt -0.004985 0.748604
vt -0.005076 0.749176
vt -0.005130 0.749573
vt -0.005149 0.749657
vt -0.005130 0.749382
vt -0.005076 0.748863
vt -0.004985 0.748230
vt -0.004859 0.747536
vt -0.004699 0.746834
vt -0.004505 0.746140
vt -0.004279 0.745461
vt -0.004023 0.744820
vt -0.003739 0.744217
vt -0.003428 0.743660
vt -0.003093 0.743156
vt -0.002737 0.742706
vt -0.002361 0.742310
vt -0.001969 0.741982
vt -0.001563 0.741714
vt -0.001147 0.741508
vt -0.000723 0.741379
vt -0.000294 0.741310
vt 0.000137 0.741310
vt 0.000565 0.741379
vt 0.000989 0.741508
vt 0.001406 0.741714
vt 0.001812 0.741982
vt 0.002204 0.742310
vt 0.002580 0.742706
vt 0.002936 0.743156
vt 0.003271 0.743660
vt 0.003582 0.744217
vt 0.003866 0.744820
vt 0.004122 0.745461
vt 0.004347 0.746140
vt 0.004541 0.746834
vt 0.004702 0.747536
vt 0.004828 0.748230
vt 0.004918 0.748871
vt 0.004973 0.749382
vt 0.002456 0.749954
vt 0.002465 0.749947
vt 0.002429 0.749794
vt 0.002383 0.749527
vt 0.002320 0.749207
vt 0.002240 0.748863
vt 0.002142 0.748520
vt 0.002029 0.748184
vt 0.001901 0.747864
vt 0.001758 0.747559
vt 0.001602 0.747276
vt 0.001434 0.747017
vt 0.001255 0.746788
vt 0.001067 0.746582
vt 0.000870 0.746414
vt 0.000666 0.746277
vt 0.000457 0.746170
vt 0.000244 0.746101
vt 0.000059 0.746071
vt -0.000187 0.746071
vt -0.000402 0.746101
vt -0.000615 0.746170
vt -0.000824 0.746277
vt -0.001027 0.746414
vt -0.001224 0.746582
vt -0.001413 0.746788
vt -0.001592 0.747017
vt -0.001760 0.747276
vt -0.001915 0.747559
vt -0.002058 0.747864
vt -0.002187 0.748184
vt -0.002300 0.748520
vt -0.002397 0.748863
vt -0.002477 0.749207
vt -0.002541 0.749527
vt -0.002586 0.749794
vt -0.002614 0.749954
vt -0.002623 0.749947
vt -0.002614 0.749771
vt -0.002586 0.749489
vt -0.002541 0.749153
vt -0.002477 0.748795
vt -0.002397 0.748436
vt -0.002300 0.748085
vt -0.002186 0.747742
vt -0.002058 0.747414
vt -0.001915 0.747108
vt -0.001759 0.746819
vt -0.001591 0.746559
vt -0.001413 0.746330
vt -0.001224 0.746132
vt -0.001027 0.745956
vt -0.000824 0.745819
vt -0.000615 0.745712
vt -0.000402 0.745644
vt -0.000187 0.745613
vt 0.000059 0.745613
vt 0.000245 0.745644
vt 0.000457 0.745712
vt 0.000666 0.745819
vt 0.000870 0.745956
vt 0.001067 0.746132
vt 0.001255 0.746330
vt 0.001434 0.746559
vt 0.001602 0.746819
vt 0.001758 0.747108
vt 0.001901 0.747414
vt 0.002029 0.747742
vt 0.002142 0.748085
vt 0.002240 0.748436
vt 0.002320 0.748802
vt 0.002383 0.749153
vt 0.002429 0.749489
vt 0.002456 0.749771
vt -0.000074 0.870716
vt -0.000079 0.750484
s 0
usemtl Danel_Glossy
f 4/1/1 78/2/1 77/3/1 3/4/1
f 5/5/2 79/6/2 78/2/2 4/1/2
f 6/7/3 80/8/3 79/6/3 5/5/3
f 7/9/4 81/10/4 80/8/4 6/7/4
f 8/11/5 82/12/5 81/10/5 7/9/5
f 9/13/6 83/14/6 82/12/6 8/11/6
f 10/15/7 84/16/7 83/14/7 9/13/7
f 11/17/8 85/18/8 84/16/8 10/15/8
f 12/19/9 86/20/9 85/18/9 11/17/9
f 13/21/10 87/22/10 86/20/10 12/19/10
f 14/23/11 88/24/11 87/22/11 13/21/11
f 15/25/12 89/26/12 88/24/12 14/23/12
f 16/27/13 90/28/13 89/26/13 15/25/13
f 17/29/14 91/30/14 90/28/14 16/27/14
f 18/31/15 92/32/15 91/30/15 17/29/15
f 19/33/16 93/34/16 92/32/16 18/31/16
f 20/35/17 94/36/17 93/34/17 19/33/17
f 21/37/18 95/38/18 94/36/18 20/35/18
f 22/39/19 96/40/19 95/38/19 21/37/19
f 23/41/20 97/42/20 96/40/20 22/39/20
f 24/43/21 98/44/21 97/42/21 23/41/21
f 25/45/22 99/46/22 98/44/22 24/43/22
f 26/47/23 100/48/23 99/46/23 25/45/23
f 27/49/24 101/50/24 100/48/24 26/47/24
f 28/51/25 102/52/25 101/50/25 27/49/25
f 29/53/26 103/54/26 102/52/26 28/51/26
f 30/55/27 104/56/27 103/54/27 29/53/27
f 31/57/28 105/58/28 104/56/28 30/55/28
f 32/59/29 106/60/29 105/58/29 31/57/29
f 33/61/30 107/62/30 106/60/30 32/59/30
f 34/63/31 108/64/31 107/62/31 33/61/31
f 35/65/32 109/66/32 108/64/32 34/63/32
f 36/67/33 110/68/33 109/66/33 35/65/33
f 37/69/34 111/70/34 110/68/34 36/67/34
f 38/71/35 112/72/35 111/70/35 37/69/35
f 39/73/36 113/74/36 112/72/36 38/71/36
f 40/75/37 114/76/37 113/74/37 39/73/37
f 41/73/38 115/74/38 114/76/38 40/75/38
f 42/71/39 116/72/39 115/74/39 41/73/39
f 43/69/40 117/70/40 116/72/40 42/71/40
f 44/67/41 118/68/41 117/70/41 43/69/41
f 45/65/42 119/66/42 118/68/42 44/67/42
f 46/63/43 120/77/43 119/66/43 45/65/43
f 47/78/44 121/62/44 120/77/44 46/63/44
f 48/59/45 122/79/45 121/62/45 47/78/45
f 49/57/46 123/58/46 122/79/46 48/59/46
f 50/55/47 124/56/47 123/58/47 49/57/47
f 51/53/48 125/54/48 124/56/48 50/55/48
f 52/51/49 126/52/49 125/54/49 51/53/49
f 53/49/50 127/50/50 126/52/50 52/51/50
f 54/47/51 128/48/51 127/50/51 53/49/51
f 55/45/52 129/46/52 128/48/52 54/47/52
f 56/80/53 130/44/53 129/46/53 55/45/53
f 57/41/54 131/81/54 130/44/54 56/80/54
f 58/39/55 132/40/55 131/81/55 57/41/55
f 59/82/56 133/38/56 132/40/56 58/39/56
f 60/35/57 134/36/57 133/38/57 59/82/57
f 61/83/58 135/34/58 134/36/58 60/35/58
f 62/84/59 136/32/59 135/34/59 61/83/59
f 63/29/60 137/30/60 136/32/60 62/84/60
f 64/27/61 138/28/61 137/30/61 63/29/61
f 65/25/62 139/26/62 138/28/62 64/27/62
f 66/23/63 140/24/63 139/26/63 65/25/63
f 67/21/64 141/22/64 140/24/64 66/23/64
f 68/19/65 142/20/65 141/22/65 67/21/65
f 69/17/66 143/85/66 142/20/66 68/19/66
f 70/86/67 144/16/67 143/85/67 69/17/67
f 71/13/68 145/87/68 144/16/68 70/86/68
f 72/11/69 146/12/69 145/87/69 71/13/69
f 73/9/70 147/10/70 146/12/70 72/11/70
f 74/7/71 148/8/71 147/10/71 73/9/71
f 75/5/72 149/6/72 148/8/72 74/7/72
f 76/1/73 150/2/73 149/6/73 75/5/73
f 3/4/74 77/3/74 150/2/74 76/1/74
f 78/2/75 152/88/75 151/89/75 77/3/75
f 79/6/76 153/90/76 152/88/76 78/2/76
f 80/8/77 154/91/77 153/90/77 79/6/77
f 81/10/78 155/92/78 154/91/78 80/8/78
f 82/12/79 156/93/79 155/92/79 81/10/79
f 83/14/80 157/94/80 156/93/80 82/12/80
f 84/16/81 158/95/81 157/94/81 83/14/81
f 85/18/82 159/96/82 158/95/82 84/16/82
f 86/20/83 160/97/83 159/96/83 85/18/83
f 87/22/84 161/98/84 160/97/84 86/20/84
f 88/24/85 162/99/85 161/98/85 87/22/85
f 89/26/86 163/100/86 162/99/86 88/24/86
f 90/28/87 164/101/87 163/100/87 89/26/87
f 91/30/88 165/102/88 164/101/88 90/28/88
f 92/32/89 166/103/89 165/102/89 91/30/89
f 93/34/90 167/104/90 166/103/90 92/32/90
f 94/36/91 168/105/91 167/104/91 93/34/91
f 95/38/92 169/106/92 168/105/92 94/36/92
f 96/40/93 170/107/93 169/106/93 95/38/93
f 97/42/94 171/108/94 170/107/94 96/40/94
f 98/44/95 172/109/95 171/108/95 97/42/95
f 99/46/96 173/110/96 172/109/96 98/44/96
f 100/48/97 174/111/97 173/110/97 99/46/97
f 101/50/98 175/112/98 174/111/98 100/48/98
f 102/52/99 176/113/99 175/112/99 101/50/99
f 103/54/100 177/114/100 176/113/100 102/52/100
f 104/56/101 178/115/101 177/114/101 103/54/101
f 105/58/102 179/116/102 178/115/102 104/56/102
f 106/60/103 180/117/103 179/116/103 105/58/103
f 107/62/104 181/118/104 180/117/104 106/60/104
f 108/64/105 182/119/105 181/118/105 107/62/105
f 109/66/106 183/120/106 182/119/106 108/64/106
f 110/68/107 184/121/107 183/120/107 109/66/107
f 111/70/108 185/122/108 184/121/108 110/68/108
f 112/72/109 186/123/109 185/122/109 111/70/109
f 113/74/110 187/124/110 186/123/110 112/72/110
f 114/76/111 188/125/111 187/124/111 113/74/111
f 115/74/112 189/124/112 188/125/112 114/76/112
f 116/72/113 190/123/113 189/124/113 115/74/113
f 117/70/114 191/122/114 190/123/114 116/72/114
f 118/68/115 192/121/115 191/122/115 117/70/115
f 119/66/116 193/120/116 192/121/116 118/68/116
f 120/77/117 194/126/117 193/120/117 119/66/117
f 121/62/118 195/127/118 194/126/118 120/77/118
f 122/79/119 196/117/119 195/127/119 121/62/119
f 123/58/120 197/116/120 196/117/120 122/79/120
f 124/56/121 198/128/121 197/116/121 123/58/121
f 125/54/122 199/129/122 198/128/122 124/56/122
f 126/52/123 200/113/123 199/129/123 125/54/123
f 127/50/124 201/112/124 200/113/124 126/52/124
f 128/48/125 202/111/125 201/112/125 127/50/125
f 129/46/126 203/110/126 202/111/126 128/48/126
f 130/44/127 204/109/127 203/110/127 129/46/127
f 131/81/128 205/130/128 204/109/128 130/44/128
f 132/40/129 206/107/129 205/130/129 131/81/129
f 133/38/130 207/106/130 206/107/130 132/40/130
f 134/36/131 208/131/131 207/106/131 133/38/131
f 135/34/132 209/104/132 208/131/132 134/36/132
f 136/32/133 210/103/133 209/104/133 135/34/133
f 137/30/134 211/102/134 210/103/134 136/32/134
f 138/28/135 212/101/135 211/102/135 137/30/135
f 139/26/136 213/100/136 212/101/136 138/28/136
f 140/24/137 214/132/137 213/100/137 139/26/137
f 141/22/138 215/133/138 214/132/138 140/24/138
f 142/20/139 216/97/139 215/133/139 141/22/139
f 143/85/140 217/96/140 216/97/140 142/20/140
f 144/16/141 218/95/141 217/96/141 143/85/141
f 145/87/142 219/134/142 218/95/142 144/16/142
f 146/12/143 220/93/143 219/134/143 145/87/143
f 147/10/144 221/92/144 220/93/144 146/12/144
f 148/8/145 222/91/145 221/92/145 147/10/145
f 149/6/146 223/90/146 222/91/146 148/8/146
f 150/2/147 224/88/147 223/90/147 149/6/147
f 77/3/148 151/89/148 224/88/148 150/2/148
f 152/88/149 226/135/149 225/136/149 151/89/149
f 153/90/150 227/137/150 226/135/150 152/88/150
f 154/91/151 228/138/151 227/137/151 153/90/151
f 155/92/152 229/139/152 228/138/152 154/91/152
f 156/93/153 230/140/153 229/139/153 155/92/153
f 157/94/154 231/141/154 230/140/154 156/93/154
f 158/95/155 232/142/155 231/141/155 157/94/155
f 159/96/156 233/143/156 232/142/156 158/95/156
f 160/97/157 234/144/157 233/143/157 159/96/157
f 161/98/158 235/145/158 234/144/158 160/97/158
f 162/99/159 236/146/159 235/145/159 161/98/159
f 163/100/160 237/147/160 236/146/160 162/99/160
f 164/101/161 238/148/161 237/147/161 163/100/161
f 165/102/162 239/149/162 238/148/162 164/101/162
f 166/103/163 240/150/163 239/149/163 165/102/163
f 167/104/164 241/151/164 240/150/164 166/103/164
f 168/105/165 242/152/165 241/151/165 167/104/165
f 169/106/166 243/153/166 242/152/166 168/105/166
f 170/107/167 244/154/167 243/153/167 169/106/167
f 171/108/168 245/155/168 244/154/168 170/107/168
f 172/109/169 246/156/169 245/155/169 171/108/169
f 173/110/170 247/157/170 246/156/170 172/109/170
f 174/111/171 248/158/171 247/157/171 173/110/171
f 175/112/172 249/159/172 248/158/172 174/111/172
f 176/113/173 250/160/173 249/159/173 175/112/173
f 177/114/174 251/161/174 250/160/174 176/113/174
f 178/115/175 252/162/175 251/161/175 177/114/175
f 179/116/176 253/163/176 252/162/176 178/115/176
f 180/117/177 254/164/177 253/163/177 179/116/177
f 181/118/178 255/165/178 254/164/178 180/117/178
f 182/119/179 256/166/179 255/165/179 181/118/179
f 183/120/180 257/167/180 256/166/180 182/119/180
f 184/121/181 258/168/181 257/167/181 183/120/181
f 185/122/182 259/169/182 258/168/182 184/121/182
f 186/123/183 260/170/183 259/169/183 185/122/183
f 187/124/184 261/171/184 260/170/184 186/123/184
f 188/125/185 262/172/185 261/171/185 187/124/185
f 189/124/186 263/171/186 262/172/186 188/125/186
f 190/123/187 264/170/187 263/171/187 189/124/187
f 191/122/188 265/169/188 264/170/188 190/123/188
f 192/121/189 266/168/189 265/169/189 191/122/189
f 193/120/190 267/167/190 266/168/190 192/121/190
f 194/126/191 268/166/191 267/167/191 193/120/191
f 195/127/192 269/165/192 268/166/192 194/126/192
f 196/117/193 270/164/193 269/165/193 195/127/193
f 197/116/194 271/163/194 270/164/194 196/117/194
f 198/128/195 272/162/195 271/163/195 197/116/195
f 199/129/196 273/161/196 272/162/196 198/128/196
f 200/113/197 274/173/197 273/161/197 199/129/197
f 201/112/198 275/174/198 274/173/198 200/113/198
f 202/111/199 276/158/199 275/174/199 201/112/199
f 203/110/200 277/157/200 276/158/200 202/111/200
f 204/109/201 278/156/201 277/157/201 203/110/201
f 205/130/202 279/155/202 278/156/202 204/109/202
f 206/107/203 280/175/203 279/155/203 205/130/203
f 207/106/204 281/176/204 280/175/204 206/107/204
f 208/131/205 282/152/205 281/176/205 207/106/205
f 209/104/206 283/151/206 282/152/206 208/131/206
f 210/103/207 284/150/207 283/151/207 209/104/207
f 211/102/208 285/149/208 284/150/208 210/103/208
f 212/101/209 286/177/209 285/149/209 211/102/209
f 213/100/210 287/147/210 286/177/210 212/101/210
f 214/132/211 288/146/211 287/147/211 213/100/211
f 215/133/212 289/145/212 288/146/212 214/132/212
f 216/97/213 290/144/213 289/145/213 215/133/213
f 217/96/214 291/143/214 290/144/214 216/97/214
f 218/95/215 292/142/215 291/143/215 217/96/215
f 219/134/216 293/178/216 292/142/216 218/95/216
f 220/93/217 294/140/217 293/178/217 219/134/217
f 221/92/218 295/139/218 294/140/218 220/93/218
f 222/91/219 296/138/219 295/139/219 221/92/219
f 223/90/220 297/137/220 296/138/220 222/91/220
f 224/88/221 298/135/221 297/137/221 223/90/221
f 151/89/222 225/136/222 298/135/222 224/88/222
f 226/135/223 300/179/223 299/180/223 225/136/223
f 227/137/224 301/181/224 300/179/224 226/135/224
f 228/138/225 302/182/225 301/181/225 227/137/225
f 229/139/226 303/183/226 302/182/226 228/138/226
f 230/140/227 304/184/227 303/183/227 229/139/227
f 231/141/228 305/185/228 304/184/228 230/140/228
f 232/142/229 306/186/229 305/185/229 231/141/229
f 233/143/230 307/187/230 306/186/230 232/142/230
f 234/144/231 308/188/231 307/187/231 233/143/231
f 235/145/232 309/189/232 308/188/232 234/144/232
f 236/146/233 310/190/233 309/189/233 235/145/233
f 237/147/234 311/191/234 310/190/234 236/146/234
f 238/148/235 312/192/235 311/191/235 237/147/235
f 239/149/236 313/193/236 312/192/236 238/148/236
f 240/150/237 314/194/237 313/193/237 239/149/237
f 241/151/238 315/195/238 314/194/238 240/150/238
f 242/152/239 316/196/239 315/195/239 241/151/239
f 243/153/240 317/197/240 316/196/240 242/152/240
f 244/154/241 318/198/241 317/197/241 243/153/241
f 245/155/242 319/199/242 318/198/242 244/154/242
f 246/156/243 320/200/243 319/199/243 245/155/243
f 247/157/244 321/201/244 320/200/244 246/156/244
f 248/158/245 322/202/245 321/201/245 247/157/245
f 249/159/246 323/203/246 322/202/246 248/158/246
f 250/160/247 324/204/247 323/203/247 249/159/247
f 251/161/248 325/205/248 324/204/248 250/160/248
f 252/162/249 326/206/249 325/205/249 251/161/249
f 253/163/250 327/207/250 326/206/250 252/162/250
f 254/164/251 328/208/251 327/207/251 253/163/251
f 255/165/252 329/209/252 328/208/252 254/164/252
f 256/166/253 330/210/253 329/209/253 255/165/253
f 257/167/254 331/211/254 330/210/254 256/166/254
f 258/168/255 332/212/255 331/211/255 257/167/255
f 259/169/256 333/213/256 332/212/256 258/168/256
f 260/170/257 334/214/257 333/213/257 259/169/257
f 261/171/258 335/215/258 334/214/258 260/170/258
f 262/172/259 336/216/259 335/215/259 261/171/259
f 263/171/260 337/217/260 336/216/260 262/172/260
f 264/170/261 338/214/261 337/217/261 263/171/261
f 265/169/262 339/213/262 338/214/262 264/170/262
f 266/168/263 340/212/263 339/213/263 265/169/263
f 267/167/264 341/218/264 340/212/264 266/168/264
f 268/166/265 342/210/265 341/218/265 267/167/265
f 269/165/266 343/209/266 342/210/266 268/166/266
f 270/164/267 344/208/267 343/209/267 269/165/267
f 271/163/268 345/207/268 344/208/268 270/164/268
f 272/162/269 346/219/269 345/207/269 271/163/269
f 273/161/270 347/205/270 346/219/270 272/162/270
f 274/173/271 348/220/271 347/205/271 273/161/271
f 275/174/272 349/221/272 348/220/272 274/173/272
f 276/158/273 350/202/273 349/221/273 275/174/273
f 277/157/274 351/201/274 350/202/274 276/158/274
f 278/156/275 352/222/275 351/201/275 277/157/275
f 279/155/276 353/223/276 352/222/276 278/156/276
f 280/175/277 354/224/277 353/223/277 279/155/277
f 281/176/278 355/225/278 354/224/278 280/175/278
f 282/152/279 356/226/279 355/225/279 281/176/279
f 283/151/280 357/227/280 356/226/280 282/152/280
f 284/150/281 358/194/281 357/227/281 283/151/281
f 285/149/282 359/193/282 358/194/282 284/150/282
f 286/177/283 360/228/283 359/193/283 285/149/283
f 287/147/284 361/229/284 360/228/284 286/177/284
f 288/146/285 362/190/285 361/229/285 287/147/285
f 289/145/286 363/230/286 362/190/286 288/146/286
f 290/144/287 364/188/287 363/230/287 289/145/287
f 291/143/288 365/187/288 364/188/288 290/144/288
f 292/142/289 366/186/289 365/187/289 291/143/289
f 293/178/290 367/185/290 366/186/290 292/142/290
f 294/140/291 368/231/291 367/185/291 293/178/291
f 295/139/292 369/232/292 368/231/292 294/140/292
f 296/138/293 370/182/293 369/232/293 295/139/293
f 297/137/294 371/181/294 370/182/294 296/138/294
f 298/135/295 372/179/295 371/181/295 297/137/295
f 225/136/296 299/180/296 372/179/296 298/135/296
f 300/179/297 374/233/297 373/234/297 299/180/297
f 301/181/298 375/235/298 374/233/298 300/179/298
f 302/182/299 376/236/299 375/235/299 301/181/299
f 303/183/300 377/237/300 376/236/300 302/182/300
f 304/184/301 378/238/301 377/237/301 303/183/301
f 305/185/302 379/239/302 378/238/302 304/184/302
f 306/186/303 380/240/303 379/239/303 305/185/303
f 307/187/304 381/241/304 380/240/304 306/186/304
f 308/188/305 382/242/305 381/241/305 307/187/305
f 309/189/306 383/243/306 382/242/306 308/188/306
f 310/190/307 384/244/307 383/243/307 309/189/307
f 311/191/308 385/245/308 384/244/308 310/190/308
f 312/192/309 386/246/309 385/245/309 311/191/309
f 313/193/310 387/247/310 386/246/310 312/192/310
f 314/194/311 388/248/311 387/247/311 313/193/311
f 315/195/312 389/249/312 388/248/312 314/194/312
f 316/196/313 390/250/313 389/249/313 315/195/313
f 317/197/314 391/251/314 390/250/314 316/196/314
f 318/198/315 392/252/315 391/251/315 317/197/315
f 319/199/316 393/253/316 392/252/316 318/198/316
f 320/200/317 394/254/317 393/253/317 319/199/317
f 321/201/318 395/255/318 394/254/318 320/200/318
f 322/202/319 396/256/319 395/255/319 321/201/319
f 323/203/320 397/257/320 396/256/320 322/202/320
f 324/204/321 398/258/321 397/257/321 323/203/321
f 325/205/322 399/259/322 398/258/322 324/204/322
f 326/206/323 400/260/323 399/259/323 325/205/323
f 327/207/324 401/261/324 400/260/324 326/206/324
f 328/208/325 402/262/325 401/261/325 327/207/325
f 329/209/326 403/263/326 402/262/326 328/208/326
f 330/210/327 404/264/327 403/263/327 329/209/327
f 331/211/328 405/265/328 404/264/328 330/210/328
f 332/212/329 406/266/329 405/265/329 331/211/329
f 333/213/330 407/267/330 406/266/330 332/212/330
f 334/214/331 408/268/331 407/267/331 333/213/331
f 335/215/332 409/269/332 408/268/332 334/214/332
f 336/216/333 410/270/333 409/269/333 335/215/333
f 337/217/334 411/271/334 410/270/334 336/216/334
f 338/214/335 412/268/335 411/271/335 337/217/335
f 339/213/336 413/267/336 412/268/336 338/214/336
f 340/212/337 414/266/337 413/267/337 339/213/337
f 341/218/338 415/265/338 414/266/338 340/212/338
f 342/210/339 416/264/339 415/265/339 341/218/339
f 343/209/340 417/272/340 416/264/340 342/210/340
f 344/208/341 418/262/341 417/272/341 343/209/341
f 345/207/342 419/261/342 418/262/342 344/208/342
f 346/219/343 420/260/343 419/261/343 345/207/343
f 347/205/344 421/273/344 420/260/344 346/219/344
f 348/220/345 422/274/345 421/273/345 347/205/345
f 349/221/346 423/275/346 422/274/346 348/220/346
f 350/202/347 424/276/347 423/275/347 349/221/347
f 351/201/348 425/255/348 424/276/348 350/202/348
f 352/222/349 426/254/349 425/255/349 351/201/349
f 353/223/350 427/253/350 426/254/350 352/222/350
f 354/224/351 428/277/351 427/253/351 353/223/351
f 355/225/352 429/278/352 428/277/352 354/224/352
f 356/226/353 430/250/353 429/278/353 355/225/353
f 357/227/354 431/249/354 430/250/354 356/226/354
f 358/194/355 432/248/355 431/249/355 357/227/355
f 359/193/356 433/279/356 432/248/356 358/194/356
f 360/228/357 434/280/357 433/279/357 359/193/357
f 361/229/358 435/281/358 434/280/358 360/228/358
f 362/190/359 436/244/359 435/281/359 361/229/359
f 363/230/360 437/243/360 436/244/360 362/190/360
f 364/188/361 438/242/361 437/243/361 363/230/361
f 365/187/362 439/241/362 438/242/362 364/188/362
f 366/186/363 440/282/363 439/241/363 365/187/363
f 367/185/364 441/239/364 440/282/364 366/186/364
f 368/231/365 442/283/365 441/239/365 367/185/365
f 369/232/366 443/237/366 442/283/366 368/231/366
f 370/182/367 444/236/367 443/237/367 369/232/367
f 371/181/368 445/284/368 444/236/368 370/182/368
f 372/179/369 446/233/369 445/284/369 371/181/369
f 299/180/370 373/234/370 446/233/370 372/179/370
f 374/233/371 448/285/371 447/286/371 373/234/371
f 375/235/372 449/287/372 448/285/372 374/233/372
f 376/236/373 450/288/373 449/287/373 375/235/373
f 377/237/374 451/289/374 450/288/374 376/236/374
f 378/238/375 452/290/375 451/289/375 377/237/375
f 379/239/376 453/291/376 452/290/376 378/238/376
f 380/240/377 454/292/377 453/291/377 379/239/377
f 381/241/378 455/293/378 454/292/378 380/240/378
f 382/242/379 456/294/379 455/293/379 381/241/379
f 383/243/380 457/295/380 456/294/380 382/242/380
f 384/244/381 458/296/381 457/295/381 383/243/381
f 385/245/382 459/297/382 458/296/382 384/244/382
f 386/246/383 460/298/383 459/297/383 385/245/383
f 387/247/384 461/299/384 460/298/384 386/246/384
f 388/248/385 462/300/385 461/299/385 387/247/385
f 389/249/386 463/301/386 462/300/386 388/248/386
f 390/250/387 464/302/387 463/301/387 389/249/387
f 391/251/388 465/303/388 464/302/388 390/250/388
f 392/252/389 466/304/389 465/303/389 391/251/389
f 393/253/390 467/305/390 466/304/390 392/252/390
f 394/254/391 468/306/391 467/305/391 393/253/391
f 395/255/392 469/307/392 468/306/392 394/254/392
f 396/256/393 470/308/393 469/307/393 395/255/393
f 397/257/394 471/309/394 470/308/394 396/256/394
f 398/258/395 472/310/395 471/309/395 397/257/395
f 399/259/396 473/311/396 472/310/396 398/258/396
f 400/260/397 474/312/397 473/311/397 399/259/397
f 401/261/398 475/313/398 474/312/398 400/260/398
f 402/262/399 476/314/399 475/313/399 401/261/399
f 403/263/400 477/315/400 476/314/400 402/262/400
f 404/264/401 478/316/401 477/315/401 403/263/401
f 405/265/402 479/317/402 478/316/402 404/264/402
f 406/266/403 480/318/403 479/317/403 405/265/403
f 407/267/404 481/319/404 480/318/404 406/266/404
f 408/268/405 482/320/405 481/319/405 407/267/405
f 409/269/406 483/321/406 482/320/406 408/268/406
f 410/270/407 484/322/407 483/321/407 409/269/407
f 411/271/408 485/321/408 484/322/408 410/270/408
f 412/268/409 486/320/409 485/321/409 411/271/409
f 413/267/410 487/319/410 486/320/410 412/268/410
f 414/266/411 488/318/411 487/319/411 413/267/411
f 415/265/412 489/323/412 488/318/412 414/266/412
f 416/264/413 490/316/413 489/323/413 415/265/413
f 417/272/414 491/315/414 490/316/414 416/264/414
f 418/262/415 492/314/415 491/315/415 417/272/415
f 419/261/416 493/313/416 492/314/416 418/262/416
f 420/260/417 494/324/417 493/313/417 419/261/417
f 421/273/418 495/311/418 494/324/418 420/260/418
f 422/274/419 496/325/419 495/311/419 421/273/419
f 423/275/420 497/326/420 496/325/420 422/274/420
f 424/276/421 498/327/421 497/326/421 423/275/421
f 425/255/422 499/307/422 498/327/422 424/276/422
f 426/254/423 500/306/423 499/307/423 425/255/423
f 427/253/424 501/305/424 500/306/424 426/254/424
f 428/277/425 502/328/425 501/305/425 427/253/425
f 429/278/426 503/329/426 502/328/426 428/277/426
f 430/250/427 504/302/427 503/329/427 429/278/427
f 431/249/428 505/301/428 504/302/428 430/250/428
f 432/248/429 506/330/429 505/301/429 431/249/429
f 433/279/430 507/331/430 506/330/430 432/248/430
f 434/280/431 508/332/431 507/331/431 433/279/431
f 435/281/432 509/333/432 508/332/432 434/280/432
f 436/244/433 510/296/433 509/333/433 435/281/433
f 437/243/434 511/334/434 510/296/434 436/244/434
f 438/242/435 512/335/435 511/334/435 437/243/435
f 439/241/436 513/293/436 512/335/436 438/242/436
f 440/282/437 514/292/437 513/293/437 439/241/437
f 441/239/438 515/291/438 514/292/438 440/282/438
f 442/283/439 516/290/439 515/291/439 441/239/439
f 443/237/440 517/289/440 516/290/440 442/283/440
f 444/236/441 518/288/441 517/289/441 443/237/441
f 445/284/442 519/287/442 518/288/442 444/236/442
f 446/233/443 520/285/443 519/287/443 445/284/443
f 373/234/444 447/286/444 520/285/444 446/233/444
f 448/285/445 522/336/445 521/337/445 447/286/445
f 449/287/446 523/338/446 522/336/446 448/285/446
f 450/288/447 524/339/447 523/338/447 449/287/447
f 451/289/448 525/340/448 524/339/448 450/288/448
f 452/290/449 526/341/449 525/340/449 451/289/449
f 453/291/450 527/342/450 526/341/450 452/290/450
f 454/292/451 528/343/451 527/342/451 453/291/451
f 455/293/452 529/344/452 528/343/452 454/292/452
f 456/294/453 530/345/453 529/344/453 455/293/453
f 457/295/454 531/346/454 530/345/454 456/294/454
f 458/296/455 532/347/455 531/346/455 457/295/455
f 459/297/456 533/348/456 532/347/456 458/296/456
f 460/298/457 534/349/457 533/348/457 459/297/457
f 461/299/458 535/350/458 534/349/458 460/298/458
f 462/300/459 536/351/459 535/350/459 461/299/459
f 463/301/460 537/352/460 536/351/460 462/300/460
f 464/302/461 538/353/461 537/352/461 463/301/461
f 465/303/462 539/354/462 538/353/462 464/302/462
f 466/304/463 540/355/463 539/354/463 465/303/463
f 467/305/464 541/356/464 540/355/464 466/304/464
f 468/306/465 542/357/465 541/356/465 467/305/465
f 469/307/466 543/358/466 542/357/466 468/306/466
f 470/308/467 544/359/467 543/358/467 469/307/467
f 471/309/468 545/360/468 544/359/468 470/308/468
f 472/310/469 546/361/469 545/360/469 471/309/469
f 473/311/470 547/362/470 546/361/470 472/310/470
f 474/312/471 548/363/471 547/362/471 473/311/471
f 475/313/472 549/364/472 548/363/472 474/312/472
f 476/314/473 550/365/473 549/364/473 475/313/473
f 477/315/474 551/366/474 550/365/474 476/314/474
f 478/316/475 552/367/475 551/366/475 477/315/475
f 479/317/476 553/368/476 552/367/476 478/316/476
f 480/318/477 554/369/477 553/368/477 479/317/477
f 481/319/478 555/370/478 554/369/478 480/318/478
f 482/320/479 556/371/479 555/370/479 481/319/479
f 483/321/480 557/372/480 556/371/480 482/320/480
f 484/322/481 558/373/481 557/372/481 483/321/481
f 485/321/482 559/372/482 558/373/482 484/322/482
f 486/320/483 560/374/483 559/372/483 485/321/483
f 487/319/484 561/375/484 560/374/484 486/320/484
f 488/318/485 562/369/485 561/375/485 487/319/485
f 489/323/486 563/376/486 562/369/486 488/318/486
f 490/316/487 564/377/487 563/376/487 489/323/487
f 491/315/488 565/366/488 564/377/488 490/316/488
f 492/314/489 566/365/489 565/366/489 491/315/489
f 493/313/490 567/364/490 566/365/490 492/314/490
f 494/324/491 568/363/491 567/364/491 493/313/491
f 495/311/492 569/362/492 568/363/492 494/324/492
f 496/325/493 570/378/493 569/362/493 495/311/493
f 497/326/494 571/379/494 570/378/494 496/325/494
f 498/327/495 572/380/495 571/379/495 497/326/495
f 499/307/496 573/358/496 572/380/496 498/327/496
f 500/306/497 574/381/497 573/358/497 499/307/497
f 501/305/498 575/382/498 574/381/498 500/306/498
f 502/328/499 576/383/499 575/382/499 501/305/499
f 503/329/500 577/384/500 576/383/500 502/328/500
f 504/302/501 578/353/501 577/384/501 503/329/501
f 505/301/502 579/385/502 578/353/502 504/302/502
f 506/330/503 580/351/503 579/385/503 505/301/503
f 507/331/504 581/386/504 580/351/504 506/330/504
f 508/332/505 582/387/505 581/386/505 507/331/505
f 509/333/506 583/388/506 582/387/506 508/332/506
f 510/296/507 584/347/507 583/388/507 509/333/507
f 511/334/508 585/346/508 584/347/508 510/296/508
f 512/335/509 586/345/509 585/346/509 511/334/509
f 513/293/510 587/344/510 586/345/510 512/335/510
f 514/292/511 588/343/511 587/344/511 513/293/511
f 515/291/512 589/342/512 588/343/512 514/292/512
f 516/290/513 590/389/513 589/342/513 515/291/513
f 517/289/514 591/340/514 590/389/514 516/290/514
f 518/288/515 592/390/515 591/340/515 517/289/515
f 519/287/516 593/391/516 592/390/516 518/288/516
f 520/285/517 594/336/517 593/391/517 519/287/517
f 447/286/518 521/337/518 594/336/518 520/285/518
f 522/336/519 596/392/519 595/393/519 521/337/519
f 523/338/520 597/394/520 596/392/520 522/336/520
f 524/339/521 598/395/521 597/394/521 523/338/521
f 525/340/522 599/396/522 598/395/522 524/339/522
f 526/341/523 600/397/523 599/396/523 525/340/523
f 527/342/524 601/398/524 600/397/524 526/341/524
f 528/343/525 602/399/525 601/398/525 527/342/525
f 529/344/526 603/400/526 602/399/526 528/343/526
f 530/345/527 604/401/527 603/400/527 529/344/527
f 531/346/528 605/402/528 604/401/528 530/345/528
f 532/347/529 606/403/529 605/402/529 531/346/529
f 533/348/530 607/404/530 606/403/530 532/347/530
f 534/349/531 608/405/531 607/404/531 533/348/531
f 535/350/532 609/406/532 608/405/532 534/349/532
f 536/351/533 610/407/533 609/406/533 535/350/533
f 537/352/534 611/408/534 610/407/534 536/351/534
f 538/353/535 612/409/535 611/408/535 537/352/535
f 539/354/536 613/410/536 612/409/536 538/353/536
f 540/355/537 614/411/537 613/410/537 539/354/537
f 541/356/538 615/412/538 614/411/538 540/355/538
f 542/357/539 616/413/539 615/412/539 541/356/539
f 543/358/540 617/414/540 616/413/540 542/357/540
f 544/359/541 618/415/541 617/414/541 543/358/541
f 545/360/542 619/416/542 618/415/542 544/359/542
f 546/361/543 620/417/543 619/416/543 545/360/543
f 547/362/544 621/418/544 620/417/544 546/361/544
f 548/363/545 622/419/545 621/418/545 547/362/545
f 549/364/546 623/420/546 622/419/546 548/363/546
f 550/365/547 624/421/547 623/420/547 549/364/547
f 551/366/548 625/422/548 624/421/548 550/365/548
f 552/367/549 626/423/549 625/422/549 551/366/549
f 553/368/550 627/424/550 626/423/550 552/367/550
f 554/369/551 628/425/551 627/424/551 553/368/551
f 555/370/552 629/426/552 628/425/552 554/369/552
f 556/371/553 630/427/553 629/426/553 555/370/553
f 557/372/554 631/428/554 630/427/554 556/371/554
f 558/373/555 632/429/555 631/428/555 557/372/555
f 559/372/556 633/428/556 632/429/556 558/373/556
f 560/374/557 634/427/557 633/428/557 559/372/557
f 561/375/558 635/426/558 634/427/558 560/374/558
f 562/369/559 636/425/559 635/426/559 561/375/559
f 563/376/560 637/424/560 636/425/560 562/369/560
f 564/377/561 638/423/561 637/424/561 563/376/561
f 565/366/562 639/430/562 638/423/562 564/377/562
f 566/365/563 640/431/563 639/430/563 565/366/563
f 567/364/564 641/420/564 640/431/564 566/365/564
f 568/363/565 642/432/565 641/420/565 567/364/565
f 569/362/566 643/433/566 642/432/566 568/363/566
f 570/378/567 644/417/567 643/433/567 569/362/567
f 571/379/568 645/434/568 644/417/568 570/378/568
f 572/380/569 646/435/569 645/434/569 571/379/569
f 573/358/570 647/414/570 646/435/570 572/380/570
f 574/381/571 648/436/571 647/414/571 573/358/571
f 575/382/572 649/437/572 648/436/572 574/381/572
f 576/383/573 650/438/573 649/437/573 575/382/573
f 577/384/574 651/439/574 650/438/574 576/383/574
f 578/353/575 652/440/575 651/439/575 577/384/575
f 579/385/576 653/441/576 652/440/576 578/353/576
f 580/351/577 654/407/577 653/441/577 579/385/577
f 581/386/578 655/442/578 654/407/578 580/351/578
f 582/387/579 656/443/579 655/442/579 581/386/579
f 583/388/580 657/404/580 656/443/580 582/387/580
f 584/347/581 658/444/581 657/404/581 583/388/581
f 585/346/582 659/445/582 658/444/582 584/347/582
f 586/345/583 660/401/583 659/445/583 585/346/583
f 587/344/584 661/446/584 660/401/584 586/345/584
f 588/343/585 662/447/585 661/446/585 587/344/585
f 589/342/586 663/448/586 662/447/586 588/343/586
f 590/389/587 664/449/587 663/448/587 589/342/587
f 591/340/588 665/396/588 664/449/588 590/389/588
f 592/390/589 666/450/589 665/396/589 591/340/589
f 593/391/590 667/394/590 666/450/590 592/390/590
f 594/336/591 668/392/591 667/394/591 593/391/591
f 521/337/592 595/393/592 668/392/592 594/336/592
f 596/392/593 670/451/593 669/452/593 595/393/593
f 597/394/594 671/453/594 670/451/594 596/392/594
f 598/395/595 672/454/595 671/453/595 597/394/595
f 599/396/596 673/455/596 672/454/596 598/395/596
f 600/397/597 674/456/597 673/455/597 599/396/597
f 601/398/598 675/457/598 674/456/598 600/397/598
f 602/399/599 676/458/599 675/457/599 601/398/599
f 603/400/600 677/459/600 676/458/600 602/399/600
f 604/401/601 678/460/601 677/459/601 603/400/601
f 605/402/602 679/461/602 678/460/602 604/401/602
f 606/403/603 680/462/603 679/461/603 605/402/603
f 607/404/604 681/463/604 680/462/604 606/403/604
f 608/405/605 682/464/605 681/463/605 607/404/605
f 609/406/606 683/465/606 682/464/606 608/405/606
f 610/407/607 684/466/607 683/465/607 609/406/607
f 611/408/608 685/467/608 684/466/608 610/407/608
f 612/409/609 686/468/609 685/467/609 611/408/609
f 613/410/610 687/469/610 686/468/610 612/409/610
f 614/411/611 688/470/611 687/469/611 613/410/611
f 615/412/612 689/471/612 688/470/612 614/411/612
f 616/413/613 690/472/613 689/471/613 615/412/613
f 617/414/614 691/473/614 690/472/614 616/413/614
f 618/415/615 692/474/615 691/473/615 617/414/615
f 619/416/616 693/475/616 692/474/616 618/415/616
f 620/417/617 694/476/617 693/475/617 619/416/617
f 621/418/618 695/477/618 694/476/618 620/417/618
f 622/419/619 696/478/619 695/477/619 621/418/619
f 623/420/620 697/479/620 696/478/620 622/419/620
f 624/421/621 698/480/621 697/479/621 623/420/621
f 625/422/622 699/481/622 698/480/622 624/421/622
f 626/423/623 700/482/623 699/481/623 625/422/623
f 627/424/624 701/483/624 700/482/624 626/423/624
f 628/425/625 702/484/625 701/483/625 627/424/625
f 629/426/626 703/485/626 702/484/626 628/425/626
f 630/427/627 704/486/627 703/485/627 629/426/627
f 631/428/628 705/487/628 704/486/628 630/427/628
f 632/429/629 706/488/629 705/487/629 631/428/629
f 633/428/630 707/487/630 706/488/630 632/429/630
f 634/427/631 708/486/631 707/487/631 633/428/631
f 635/426/632 709/485/632 708/486/632 634/427/632
f 636/425/633 710/484/633 709/485/633 635/426/633
f 637/424/634 711/489/634 710/484/634 636/425/634
f 638/423/635 712/490/635 711/489/635 637/424/635
f 639/430/636 713/491/636 712/490/636 638/423/636
f 640/431/637 714/492/637 713/491/637 639/430/637
f 641/420/638 715/479/638 714/492/638 640/431/638
f 642/432/639 716/493/639 715/479/639 641/420/639
f 643/433/640 717/494/640 716/493/640 642/432/640
f 644/417/641 718/495/641 717/494/641 643/433/641
f 645/434/642 719/475/642 718/495/642 644/417/642
f 646/435/643 720/496/643 719/475/643 645/434/643
f 647/414/644 721/473/644 720/496/644 646/435/644
f 648/436/645 722/497/645 721/473/645 647/414/645
f 649/437/646 723/498/646 722/497/646 648/436/646
f 650/438/647 724/499/647 723/498/647 649/437/647
f 651/439/648 725/469/648 724/499/648 650/438/648
f 652/440/649 726/500/649 725/469/649 651/439/649
f 653/441/650 727/501/650 726/500/650 652/440/650
f 654/407/651 728/466/651 727/501/651 653/441/651
f 655/442/652 729/502/652 728/466/652 654/407/652
f 656/443/653 730/464/653 729/502/653 655/442/653
f 657/404/654 731/503/654 730/464/654 656/443/654
f 658/444/655 732/504/655 731/503/655 657/404/655
f 659/445/656 733/461/656 732/504/656 658/444/656
f 660/401/657 734/505/657 733/461/657 659/445/657
f 661/446/658 735/506/658 734/505/658 660/401/658
f 662/447/659 736/507/659 735/506/659 661/446/659
f 663/448/660 737/508/660 736/507/660 662/447/660
f 664/449/661 738/509/661 737/508/661 663/448/661
f 665/396/662 739/455/662 738/509/662 664/449/662
f 666/450/663 740/454/663 739/455/663 665/396/663
f 667/394/664 741/453/664 740/454/664 666/450/664
f 668/392/665 742/451/665 741/453/665 667/394/665
f 595/393/666 669/452/666 742/451/666 668/392/666
f 670/451/667 744/510/667 743/511/667 669/452/667
f 671/453/668 745/512/668 744/510/668 670/451/668
f 672/454/669 746/513/669 745/512/669 671/453/669
f 673/455/670 747/514/670 746/513/670 672/454/670
f 674/456/671 748/515/671 747/514/671 673/455/671
f 675/457/672 749/516/672 748/515/672 674/456/672
f 676/458/673 750/517/673 749/516/673 675/457/673
f 677/459/674 751/518/674 750/517/674 676/458/674
f 678/460/675 752/519/675 751/518/675 677/459/675
f 679/461/676 753/520/676 752/519/676 678/460/676
f 680/462/677 754/521/677 753/520/677 679/461/677
f 681/463/678 755/522/678 754/521/678 680/462/678
f 682/464/679 756/523/679 755/522/679 681/463/679
f 683/465/680 757/524/680 756/523/680 682/464/680
f 684/466/681 758/525/681 757/524/681 683/465/681
f 685/467/682 759/526/682 758/525/682 684/466/682
f 686/468/683 760/527/683 759/526/683 685/467/683
f 687/469/684 761/528/684 760/527/684 686/468/684
f 688/470/685 762/529/685 761/528/685 687/469/685
f 689/471/686 763/530/686 762/529/686 688/470/686
f 690/472/687 764/531/687 763/530/687 689/471/687
f 691/473/688 765/532/688 764/531/688 690/472/688
f 692/474/689 766/533/689 765/532/689 691/473/689
f 693/475/690 767/534/690 766/533/690 692/474/690
f 694/476/691 768/535/691 767/534/691 693/475/691
f 695/477/692 769/536/692 768/535/692 694/476/692
f 696/478/693 770/537/693 769/536/693 695/477/693
f 697/479/694 771/538/694 770/537/694 696/478/694
f 698/480/695 772/539/695 771/538/695 697/479/695
f 699/481/696 773/540/696 772/539/696 698/480/696
f 700/482/697 774/541/697 773/540/697 699/481/697
f 701/483/698 775/542/698 774/541/698 700/482/698
f 702/484/699 776/543/699 775/542/699 701/483/699
f 703/485/700 777/544/700 776/543/700 702/484/700
f 704/486/701 778/545/701 777/544/701 703/485/701
f 705/487/702 779/546/702 778/545/702 704/486/702
f 706/488/703 780/547/703 779/546/703 705/487/703
f 707/487/704 781/548/704 780/547/704 706/488/704
f 708/486/705 782/549/705 781/548/705 707/487/705
f 709/485/706 783/544/706 782/549/706 708/486/706
f 710/484/707 784/543/707 783/544/707 709/485/707
f 711/489/708 785/550/708 784/543/708 710/484/708
f 712/490/709 786/541/709 785/550/709 711/489/709
f 713/491/710 787/551/710 786/541/710 712/490/710
f 714/492/711 788/552/711 787/551/711 713/491/711
f 715/479/712 789/553/712 788/552/712 714/492/712
f 716/493/713 790/537/713 789/553/713 715/479/713
f 717/494/714 791/554/714 790/537/714 716/493/714
f 718/495/715 792/555/715 791/554/715 717/494/715
f 719/475/716 793/556/716 792/555/716 718/495/716
f 720/496/717 794/557/717 793/556/717 719/475/717
f 721/473/718 795/558/718 794/557/718 720/496/718
f 722/497/719 796/559/719 795/558/719 721/473/719
f 723/498/720 797/560/720 796/559/720 722/497/720
f 724/499/721 798/561/721 797/560/721 723/498/721
f 725/469/722 799/562/722 798/561/722 724/499/722
f 726/500/723 800/563/723 799/562/723 725/469/723
f 727/501/724 801/564/724 800/563/724 726/500/724
f 728/466/725 802/565/725 801/564/725 727/501/725
f 729/502/726 803/566/726 802/565/726 728/466/726
f 730/464/727 804/523/727 803/566/727 729/502/727
f 731/503/728 805/567/728 804/523/728 730/464/728
f 732/504/729 806/568/729 805/567/729 731/503/729
f 733/461/730 807/520/730 806/568/730 732/504/730
f 734/505/731 808/569/731 807/520/731 733/461/731
f 735/506/732 809/570/732 808/569/732 734/505/732
f 736/507/733 810/571/733 809/570/733 735/506/733
f 737/508/734 811/516/734 810/571/734 736/507/734
f 738/509/735 812/572/735 811/516/735 737/508/735
f 739/455/736 813/514/736 812/572/736 738/509/736
f 740/454/737 814/513/737 813/514/737 739/455/737
f 741/453/738 815/512/738 814/513/738 740/454/738
f 742/451/739 816/510/739 815/512/739 741/453/739
f 669/452/740 743/511/740 816/510/740 742/451/740
f 744/510/741 818/573/741 817/574/741 743/511/741
f 745/512/742 819/575/742 818/573/742 744/510/742
f 746/513/743 820/576/743 819/575/743 745/512/743
f 747/514/744 821/577/744 820/576/744 746/513/744
f 748/515/745 822/578/745 821/577/745 747/514/745
f 749/516/746 823/579/746 822/578/746 748/515/746
f 750/517/747 824/580/747 823/579/747 749/516/747
f 751/518/748 825/581/748 824/580/748 750/517/748
f 752/519/749 826/582/749 825/581/749 751/518/749
f 753/520/750 827/583/750 826/582/750 752/519/750
f 754/521/751 828/584/751 827/583/751 753/520/751
f 755/522/752 829/585/752 828/584/752 754/521/752
f 756/523/753 830/586/753 829/585/753 755/522/753
f 757/524/754 831/587/754 830/586/754 756/523/754
f 758/525/755 832/588/755 831/587/755 757/524/755
f 759/526/756 833/589/756 832/588/756 758/525/756
f 760/527/757 834/590/757 833/589/757 759/526/757
f 761/528/758 835/591/758 834/590/758 760/527/758
f 762/529/759 836/592/759 835/591/759 761/528/759
f 763/530/760 837/593/760 836/592/760 762/529/760
f 764/531/761 838/594/761 837/593/761 763/530/761
f 765/532/762 839/595/762 838/594/762 764/531/762
f 766/533/763 840/596/763 839/595/763 765/532/763
f 767/534/764 841/597/764 840/596/764 766/533/764
f 768/535/765 842/598/765 841/597/765 767/534/765
f 769/536/766 843/599/766 842/598/766 768/535/766
f 770/537/767 844/600/767 843/599/767 769/536/767
f 771/538/768 845/601/768 844/600/768 770/537/768
f 772/539/769 846/602/769 845/601/769 771/538/769
f 773/540/770 847/603/770 846/602/770 772/539/770
f 774/541/771 848/604/771 847/603/771 773/540/771
f 775/542/772 849/605/772 848/604/772 774/541/772
f 776/543/773 850/606/773 849/605/773 775/542/773
f 777/544/774 851/607/774 850/606/774 776/543/774
f 778/545/775 852/608/775 851/607/775 777/544/775
f 779/546/776 853/609/776 852/608/776 778/545/776
f 780/547/777 854/610/777 853/609/777 779/546/777
f 781/548/778 855/609/778 854/610/778 780/547/778
f 782/549/779 856/608/779 855/609/779 781/548/779
f 783/544/780 857/607/780 856/608/780 782/549/780
f 784/543/781 858/606/781 857/607/781 783/544/781
f 785/550/782 859/605/782 858/606/782 784/543/782
f 786/541/783 860/611/783 859/605/783 785/550/783
f 787/551/784 861/603/784 860/611/784 786/541/784
f 788/552/785 862/612/785 861/603/785 787/551/785
f 789/553/786 863/613/786 862/612/786 788/552/786
f 790/537/787 864/600/787 863/613/787 789/553/787
f 791/554/788 865/614/788 864/600/788 790/537/788
f 792/555/789 866/615/789 865/614/789 791/554/789
f 793/556/790 867/616/790 866/615/790 792/555/790
f 794/557/791 868/617/791 867/616/791 793/556/791
f 795/558/792 869/618/792 868/617/792 794/557/792
f 796/559/793 870/619/793 869/618/793 795/558/793
f 797/560/794 871/620/794 870/619/794 796/559/794
f 798/561/795 872/621/795 871/620/795 797/560/795
f 799/562/796 873/622/796 872/621/796 798/561/796
f 800/563/797 874/623/797 873/622/797 799/562/797
f 801/564/798 875/624/798 874/623/798 800/563/798
f 802/565/799 876/625/799 875/624/799 801/564/799
f 803/566/800 877/587/800 876/625/800 802/565/800
f 804/523/801 878/626/801 877/587/801 803/566/801
f 805/567/802 879/627/802 878/626/802 804/523/802
f 806/568/803 880/628/803 879/627/803 805/567/803
f 807/520/804 881/629/804 880/628/804 806/568/804
f 808/569/805 882/630/805 881/629/805 807/520/805
f 809/570/806 883/631/806 882/630/806 808/569/806
f 810/571/807 884/580/807 883/631/807 809/570/807
f 811/516/808 885/632/808 884/580/808 810/571/808
f 812/572/809 886/578/809 885/632/809 811/516/809
f 813/514/810 887/577/810 886/578/810 812/572/810
f 814/513/811 888/576/811 887/577/811 813/514/811
f 815/512/812 889/575/812 888/576/812 814/513/812
f 816/510/813 890/573/813 889/575/813 815/512/813
f 743/511/814 817/574/814 890/573/814 816/510/814
f 818/573/815 892/633/815 891/634/815 817/574/815
f 819/575/816 893/635/816 892/633/816 818/573/816
f 820/576/817 894/636/817 893/635/817 819/575/817
f 821/577/818 895/637/818 894/636/818 820/576/818
f 822/578/819 896/638/819 895/637/819 821/577/819
f 823/579/820 897/639/820 896/638/820 822/578/820
f 824/580/821 898/640/821 897/639/821 823/579/821
f 825/581/822 899/641/822 898/640/822 824/580/822
f 826/582/823 900/642/823 899/641/823 825/581/823
f 827/583/824 901/643/824 900/642/824 826/582/824
f 828/584/825 902/644/825 901/643/825 827/583/825
f 829/585/826 903/645/826 902/644/826 828/584/826
f 830/586/827 904/646/827 903/645/827 829/585/827
f 831/587/828 905/647/828 904/646/828 830/586/828
f 832/588/829 906/648/829 905/647/829 831/587/829
f 833/589/830 907/649/830 906/648/830 832/588/830
f 834/590/831 908/650/831 907/649/831 833/589/831
f 835/591/832 909/651/832 908/650/832 834/590/832
f 836/592/833 910/652/833 909/651/833 835/591/833
f 837/593/834 911/653/834 910/652/834 836/592/834
f 838/594/835 912/654/835 911/653/835 837/593/835
f 839/595/836 913/655/836 912/654/836 838/594/836
f 840/596/837 914/656/837 913/655/837 839/595/837
f 841/597/838 915/657/838 914/656/838 840/596/838
f 842/598/839 916/658/839 915/657/839 841/597/839
f 843/599/840 917/659/840 916/658/840 842/598/840
f 844/600/841 918/660/841 917/659/841 843/599/841
f 845/601/842 919/661/842 918/660/842 844/600/842
f 846/602/843 920/662/843 919/661/843 845/601/843
f 847/603/844 921/663/844 920/662/844 846/602/844
f 848/604/845 922/664/845 921/663/845 847/603/845
f 849/605/846 923/665/846 922/664/846 848/604/846
f 850/606/847 924/666/847 923/665/847 849/605/847
f 851/607/848 925/667/848 924/666/848 850/606/848
f 852/608/849 926/668/849 925/667/849 851/607/849
f 853/609/850 927/669/850 926/668/850 852/608/850
f 854/610/851 928/670/851 927/669/851 853/609/851
f 855/609/852 929/671/852 928/670/852 854/610/852
f 856/608/853 930/668/853 929/671/853 855/609/853
f 857/607/854 931/667/854 930/668/854 856/608/854
f 858/606/855 932/666/855 931/667/855 857/607/855
f 859/605/856 933/672/856 932/666/856 858/606/856
f 860/611/857 934/664/857 933/672/857 859/605/857
f 861/603/858 935/673/858 934/664/858 860/611/858
f 862/612/859 936/674/859 935/673/859 861/603/859
f 863/613/860 937/675/860 936/674/860 862/612/860
f 864/600/861 938/676/861 937/675/861 863/613/861
f 865/614/862 939/677/862 938/676/862 864/600/862
f 866/615/863 940/678/863 939/677/863 865/614/863
f 867/616/864 941/679/864 940/678/864 866/615/864
f 868/617/865 942/680/865 941/679/865 867/616/865
f 869/618/866 943/681/866 942/680/866 868/617/866
f 870/619/867 944/682/867 943/681/867 869/618/867
f 871/620/868 945/653/868 944/682/868 870/619/868
f 872/621/869 946/683/869 945/653/869 871/620/869
f 873/622/870 947/684/870 946/683/870 872/621/870
f 874/623/871 948/650/871 947/684/871 873/622/871
f 875/624/872 949/685/872 948/650/872 874/623/872
f 876/625/873 950/686/873 949/685/873 875/624/873
f 877/587/874 951/647/874 950/686/874 876/625/874
f 878/626/875 952/646/875 951/647/875 877/587/875
f 879/627/876 953/687/876 952/646/876 878/626/876
f 880/628/877 954/644/877 953/687/877 879/627/877
f 881/629/878 955/688/878 954/644/878 880/628/878
f 882/630/879 956/689/879 955/688/879 881/629/879
f 883/631/880 957/690/880 956/689/880 882/630/880
f 884/580/881 958/691/881 957/690/881 883/631/881
f 885/632/882 959/639/882 958/691/882 884/580/882
f 886/578/883 960/692/883 959/639/883 885/632/883
f 887/577/884 961/637/884 960/692/884 886/578/884
f 888/576/885 962/636/885 961/637/885 887/577/885
f 889/575/886 963/635/886 962/636/886 888/576/886
f 890/573/887 964/633/887 963/635/887 889/575/887
f 817/574/888 891/634/888 964/633/888 890/573/888
f 892/633/889 966/693/889 965/694/889 891/634/889
f 893/635/890 967/695/890 966/693/890 892/633/890
f 894/636/891 968/696/891 967/695/891 893/635/891
f 895/637/892 969/697/892 968/696/892 894/636/892
f 896/638/893 970/698/893 969/697/893 895/637/893
f 897/639/894 971/699/894 970/698/894 896/638/894
f 898/640/895 972/700/895 971/699/895 897/639/895
f 899/641/896 973/701/896 972/700/896 898/640/896
f 900/642/897 974/702/897 973/701/897 899/641/897
f 901/643/898 975/703/898 974/702/898 900/642/898
f 902/644/899 976/704/899 975/703/899 901/643/899
f 903/645/900 977/705/900 976/704/900 902/644/900
f 904/646/901 978/706/901 977/705/901 903/645/901
f 905/647/902 979/707/902 978/706/902 904/646/902
f 906/648/903 980/708/903 979/707/903 905/647/903
f 907/649/904 981/709/904 980/708/904 906/648/904
f 908/650/905 982/710/905 981/709/905 907/649/905
f 909/651/906 983/711/906 982/710/906 908/650/906
f 910/652/907 984/712/907 983/711/907 909/651/907
f 911/653/908 985/713/908 984/712/908 910/652/908
f 912/654/909 986/714/909 985/713/909 911/653/909
f 913/655/910 987/715/910 986/714/910 912/654/910
f 914/656/911 988/716/911 987/715/911 913/655/911
f 915/657/912 989/717/912 988/716/912 914/656/912
f 916/658/913 990/718/913 989/717/913 915/657/913
f 917/659/914 991/719/914 990/718/914 916/658/914
f 918/660/915 992/720/915 991/719/915 917/659/915
f 919/661/916 993/721/916 992/720/916 918/660/916
f 920/662/917 994/722/917 993/721/917 919/661/917
f 921/663/918 995/723/918 994/722/918 920/662/918
f 922/664/919 996/724/919 995/723/919 921/663/919
f 923/665/920 997/725/920 996/724/920 922/664/920
f 924/666/921 998/726/921 997/725/921 923/665/921
f 925/667/922 999/727/922 998/726/922 924/666/922
f 926/668/923 1000/728/923 999/727/923 925/667/923
f 927/669/924 1001/729/924 1000/728/924 926/668/924
f 928/670/925 1002/730/925 1001/729/925 927/669/925
f 929/671/926 1003/729/926 1002/730/926 928/670/926
f 930/668/927 1004/728/927 1003/729/927 929/671/927
f 931/667/928 1005/731/928 1004/728/928 930/668/928
f 932/666/929 1006/726/929 1005/731/929 931/667/929
f 933/672/930 1007/732/930 1006/726/930 932/666/930
f 934/664/931 1008/724/931 1007/732/931 933/672/931
f 935/673/932 1009/733/932 1008/724/932 934/664/932
f 936/674/933 1010/734/933 1009/733/933 935/673/933
f 937/675/934 1011/735/934 1010/734/934 936/674/934
f 938/676/935 1012/736/935 1011/735/935 937/675/935
f 939/677/936 1013/737/936 1012/736/936 938/676/936
f 940/678/937 1014/738/937 1013/737/937 939/677/937
f 941/679/938 1015/739/938 1014/738/938 940/678/938
f 942/680/939 1016/740/939 1015/739/939 941/679/939
f 943/681/940 1017/741/940 1016/740/940 942/680/940
f 944/682/941 1018/742/941 1017/741/941 943/681/941
f 945/653/942 1019/743/942 1018/742/942 944/682/942
f 946/683/943 1020/744/943 1019/743/943 945/653/943
f 947/684/944 1021/745/944 1020/744/944 946/683/944
f 948/650/945 1022/746/945 1021/745/945 947/684/945
f 949/685/946 1023/747/946 1022/746/946 948/650/946
f 950/686/947 1024/748/947 1023/747/947 949/685/947
f 951/647/948 1025/749/948 1024/748/948 950/686/948
f 952/646/949 1026/750/949 1025/749/949 951/647/949
f 953/687/950 1027/751/950 1026/750/950 952/646/950
f 954/644/951 1028/752/951 1027/751/951 953/687/951
f 955/688/952 1029/753/952 1028/752/952 954/644/952
f 956/689/953 1030/754/953 1029/753/953 955/688/953
f 957/690/954 1031/755/954 1030/754/954 956/689/954
f 958/691/955 1032/756/955 1031/755/955 957/690/955
f 959/639/956 1033/699/956 1032/756/956 958/691/956
f 960/692/957 1034/757/957 1033/699/957 959/639/957
f 961/637/958 1035/697/958 1034/757/958 960/692/958
f 962/636/959 1036/758/959 1035/697/959 961/637/959
f 963/635/960 1037/695/960 1036/758/960 962/636/960
f 964/633/961 1038/693/961 1037/695/961 963/635/961
f 891/634/962 965/694/962 1038/693/962 964/633/962
f 966/693/963 1040/759/963 1039/760/963 965/694/963
f 967/695/964 1041/761/964 1040/759/964 966/693/964
f 968/696/965 1042/762/965 1041/761/965 967/695/965
f 969/697/966 1043/763/966 1042/762/966 968/696/966
f 970/698/967 1044/764/967 1043/763/967 969/697/967
f 971/699/968 1045/765/968 1044/764/968 970/698/968
f 972/700/969 1046/766/969 1045/765/969 971/699/969
f 973/701/970 1047/767/970 1046/766/970 972/700/970
f 974/702/971 1048/768/971 1047/767/971 973/701/971
f 975/703/972 1049/769/972 1048/768/972 974/702/972
f 976/704/973 1050/770/973 1049/769/973 975/703/973
f 977/705/974 1051/771/974 1050/770/974 976/704/974
f 978/706/975 1052/772/975 1051/771/975 977/705/975
f 979/707/976 1053/773/976 1052/772/976 978/706/976
f 980/708/977 1054/774/977 1053/773/977 979/707/977
f 981/709/978 1055/775/978 1054/774/978 980/708/978
f 982/710/979 1056/776/979 1055/775/979 981/709/979
f 983/711/980 1057/777/980 1056/776/980 982/710/980
f 984/712/981 1058/778/981 1057/777/981 983/711/981
f 985/713/982 1059/779/982 1058/778/982 984/712/982
f 986/714/983 1060/780/983 1059/779/983 985/713/983
f 987/715/984 1061/781/984 1060/780/984 986/714/984
f 988/716/985 1062/782/985 1061/781/985 987/715/985
f 989/717/986 1063/783/986 1062/782/986 988/716/986
f 990/718/987 1064/784/987 1063/783/987 989/717/987
f 991/719/988 1065/785/988 1064/784/988 990/718/988
f 992/720/989 1066/786/989 1065/785/989 991/719/989
f 993/721/990 1067/787/990 1066/786/990 992/720/990
f 994/722/991 1068/788/991 1067/787/991 993/721/991
f 995/723/992 1069/789/992 1068/788/992 994/722/992
f 996/724/993 1070/790/993 1069/789/993 995/723/993
f 997/725/994 1071/791/994 1070/790/994 996/724/994
f 998/726/995 1072/792/995 1071/791/995 997/725/995
f 999/727/996 1073/793/996 1072/792/996 998/726/996
f 1000/728/997 1074/794/997 1073/793/997 999/727/997
f 1001/729/998 1075/795/998 1074/794/998 1000/728/998
f 1002/730/999 1076/796/999 1075/795/999 1001/729/999
f 1003/729/1000 1077/795/1000 1076/796/1000 1002/730/1000
f 1004/728/1001 1078/794/1001 1077/795/1001 1003/729/1001
f 1005/731/1002 1079/793/1002 1078/794/1002 1004/728/1002
f 1006/726/1003 1080/792/1003 1079/793/1003 1005/731/1003
f 1007/732/1004 1081/797/1004 1080/792/1004 1006/726/1004
f 1008/724/1005 1082/790/1005 1081/797/1005 1007/732/1005
f 1009/733/1006 1083/789/1006 1082/790/1006 1008/724/1006
f 1010/734/1007 1084/798/1007 1083/789/1007 1009/733/1007
f 1011/735/1008 1085/799/1008 1084/798/1008 1010/734/1008
f 1012/736/1009 1086/800/1009 1085/799/1009 1011/735/1009
f 1013/737/1010 1087/801/1010 1086/800/1010 1012/736/1010
f 1014/738/1011 1088/802/1011 1087/801/1011 1013/737/1011
f 1015/739/1012 1089/803/1012 1088/802/1012 1014/738/1012
f 1016/740/1013 1090/804/1013 1089/803/1013 1015/739/1013
f 1017/741/1014 1091/805/1014 1090/804/1014 1016/740/1014
f 1018/742/1015 1092/806/1015 1091/805/1015 1017/741/1015
f 1019/743/1016 1093/807/1016 1092/806/1016 1018/742/1016
f 1020/744/1017 1094/808/1017 1093/807/1017 1019/743/1017
f 1021/745/1018 1095/809/1018 1094/808/1018 1020/744/1018
f 1022/746/1019 1096/810/1019 1095/809/1019 1021/745/1019
f 1023/747/1020 1097/811/1020 1096/810/1020 1022/746/1020
f 1024/748/1021 1098/812/1021 1097/811/1021 1023/747/1021
f 1025/749/1022 1099/813/1022 1098/812/1022 1024/748/1022
f 1026/750/1023 1100/814/1023 1099/813/1023 1025/749/1023
f 1027/751/1024 1101/815/1024 1100/814/1024 1026/750/1024
f 1028/752/1025 1102/816/1025 1101/815/1025 1027/751/1025
f 1029/753/1026 1103/817/1026 1102/816/1026 1028/752/1026
f 1030/754/1027 1104/818/1027 1103/817/1027 1029/753/1027
f 1031/755/1028 1105/819/1028 1104/818/1028 1030/754/1028
f 1032/756/1029 1106/766/1029 1105/819/1029 1031/755/1029
f 1033/699/1030 1107/820/1030 1106/766/1030 1032/756/1030
f 1034/757/1031 1108/821/1031 1107/820/1031 1033/699/1031
f 1035/697/1032 1109/763/1032 1108/821/1032 1034/757/1032
f 1036/758/1033 1110/762/1033 1109/763/1033 1035/697/1033
f 1037/695/1034 1111/761/1034 1110/762/1034 1036/758/1034
f 1038/693/1035 1112/759/1035 1111/761/1035 1037/695/1035
f 965/694/1036 1039/760/1036 1112/759/1036 1038/693/1036
f 1040/759/1037 1114/822/1037 1113/823/1037 1039/760/1037
f 1041/761/1038 1115/824/1038 1114/822/1038 1040/759/1038
f 1042/762/1039 1116/825/1039 1115/824/1039 1041/761/1039
f 1043/763/1040 1117/826/1040 1116/825/1040 1042/762/1040
f 1044/764/1041 1118/827/1041 1117/826/1041 1043/763/1041
f 1045/765/1042 1119/828/1042 1118/827/1042 1044/764/1042
f 1046/766/1043 1120/829/1043 1119/828/1043 1045/765/1043
f 1047/767/1044 1121/830/1044 1120/829/1044 1046/766/1044
f 1048/768/1045 1122/831/1045 1121/830/1045 1047/767/1045
f 1049/769/1046 1123/832/1046 1122/831/1046 1048/768/1046
f 1050/770/1047 1124/833/1047 1123/832/1047 1049/769/1047
f 1051/771/1048 1125/834/1048 1124/833/1048 1050/770/1048
f 1052/772/1049 1126/835/1049 1125/834/1049 1051/771/1049
f 1053/773/1050 1127/836/1050 1126/835/1050 1052/772/1050
f 1054/774/1051 1128/837/1051 1127/836/1051 1053/773/1051
f 1055/775/1052 1129/838/1052 1128/837/1052 1054/774/1052
f 1056/776/1053 1130/839/1053 1129/838/1053 1055/775/1053
f 1057/777/1054 1131/840/1054 1130/839/1054 1056/776/1054
f 1058/778/1055 1132/841/1055 1131/840/1055 1057/777/1055
f 1059/779/1056 1133/842/1056 1132/841/1056 1058/778/1056
f 1060/780/1057 1134/843/1057 1133/842/1057 1059/779/1057
f 1061/781/1058 1135/844/1058 1134/843/1058 1060/780/1058
f 1062/782/1059 1136/845/1059 1135/844/1059 1061/781/1059
f 1063/783/1060 1137/846/1060 1136/845/1060 1062/782/1060
f 1064/784/1061 1138/847/1061 1137/846/1061 1063/783/1061
f 1065/785/1062 1139/848/1062 1138/847/1062 1064/784/1062
f 1066/786/1063 1140/849/1063 1139/848/1063 1065/785/1063
f 1067/787/1064 1141/850/1064 1140/849/1064 1066/786/1064
f 1068/788/1065 1142/851/1065 1141/850/1065 1067/787/1065
f 1069/789/1066 1143/852/1066 1142/851/1066 1068/788/1066
f 1070/790/1067 1144/853/1067 1143/852/1067 1069/789/1067
f 1071/791/1068 1145/854/1068 1144/853/1068 1070/790/1068
f 1072/792/1069 1146/855/1069 1145/854/1069 1071/791/1069
f 1073/793/1070 1147/856/1070 1146/855/1070 1072/792/1070
f 1074/794/1071 1148/857/1071 1147/856/1071 1073/793/1071
f 1075/795/1072 1149/858/1072 1148/857/1072 1074/794/1072
f 1076/796/1073 1150/859/1073 1149/858/1073 1075/795/1073
f 1077/795/1074 1151/858/1074 1150/859/1074 1076/796/1074
f 1078/794/1075 1152/857/1075 1151/858/1075 1077/795/1075
f 1079/793/1076 1153/856/1076 1152/857/1076 1078/794/1076
f 1080/792/1077 1154/855/1077 1153/856/1077 1079/793/1077
f 1081/797/1078 1155/860/1078 1154/855/1078 1080/792/1078
f 1082/790/1079 1156/853/1079 1155/860/1079 1081/797/1079
f 1083/789/1080 1157/861/1080 1156/853/1080 1082/790/1080
f 1084/798/1081 1158/851/1081 1157/861/1081 1083/789/1081
f 1085/799/1082 1159/862/1082 1158/851/1082 1084/798/1082
f 1086/800/1083 1160/863/1083 1159/862/1083 1085/799/1083
f 1087/801/1084 1161/864/1084 1160/863/1084 1086/800/1084
f 1088/802/1085 1162/865/1085 1161/864/1085 1087/801/1085
f 1089/803/1086 1163/866/1086 1162/865/1086 1088/802/1086
f 1090/804/1087 1164/867/1087 1163/866/1087 1089/803/1087
f 1091/805/1088 1165/868/1088 1164/867/1088 1090/804/1088
f 1092/806/1089 1166/869/1089 1165/868/1089 1091/805/1089
f 1093/807/1090 1167/870/1090 1166/869/1090 1092/806/1090
f 1094/808/1091 1168/871/1091 1167/870/1091 1093/807/1091
f 1095/809/1092 1169/872/1092 1168/871/1092 1094/808/1092
f 1096/810/1093 1170/873/1093 1169/872/1093 1095/809/1093
f 1097/811/1094 1171/874/1094 1170/873/1094 1096/810/1094
f 1098/812/1095 1172/875/1095 1171/874/1095 1097/811/1095
f 1099/813/1096 1173/876/1096 1172/875/1096 1098/812/1096
f 1100/814/1097 1174/877/1097 1173/876/1097 1099/813/1097
f 1101/815/1098 1175/878/1098 1174/877/1098 1100/814/1098
f 1102/816/1099 1176/879/1099 1175/878/1099 1101/815/1099
f 1103/817/1100 1177/880/1100 1176/879/1100 1102/816/1100
f 1104/818/1101 1178/881/1101 1177/880/1101 1103/817/1101
f 1105/819/1102 1179/830/1102 1178/881/1102 1104/818/1102
f 1106/766/1103 1180/882/1103 1179/830/1103 1105/819/1103
f 1107/820/1104 1181/828/1104 1180/882/1104 1106/766/1104
f 1108/821/1105 1182/883/1105 1181/828/1105 1107/820/1105
f 1109/763/1106 1183/826/1106 1182/883/1106 1108/821/1106
f 1110/762/1107 1184/825/1107 1183/826/1107 1109/763/1107
f 1111/761/1108 1185/824/1108 1184/825/1108 1110/762/1108
f 1112/759/1109 1186/822/1109 1185/824/1109 1111/761/1109
f 1039/760/1110 1113/823/1110 1186/822/1110 1112/759/1110
f 1114/822/1111 1188/884/1111 1187/885/1111 1113/823/1111
f 1115/824/1112 1189/886/1112 1188/884/1112 1114/822/1112
f 1116/825/1113 1190/887/1113 1189/886/1113 1115/824/1113
f 1117/826/1114 1191/888/1114 1190/887/1114 1116/825/1114
f 1118/827/1115 1192/889/1115 1191/888/1115 1117/826/1115
f 1119/828/1116 1193/890/1116 1192/889/1116 1118/827/1116
f 1120/829/1117 1194/891/1117 1193/890/1117 1119/828/1117
f 1121/830/1118 1195/892/1118 1194/891/1118 1120/829/1118
f 1122/831/1119 1196/893/1119 1195/892/1119 1121/830/1119
f 1123/832/1120 1197/894/1120 1196/893/1120 1122/831/1120
f 1124/833/1121 1198/895/1121 1197/894/1121 1123/832/1121
f 1125/834/1122 1199/896/1122 1198/895/1122 1124/833/1122
f 1126/835/1123 1200/897/1123 1199/896/1123 1125/834/1123
f 1127/836/1124 1201/898/1124 1200/897/1124 1126/835/1124
f 1128/837/1125 1202/899/1125 1201/898/1125 1127/836/1125
f 1129/838/1126 1203/900/1126 1202/899/1126 1128/837/1126
f 1130/839/1127 1204/901/1127 1203/900/1127 1129/838/1127
f 1131/840/1128 1205/902/1128 1204/901/1128 1130/839/1128
f 1132/841/1129 1206/903/1129 1205/902/1129 1131/840/1129
f 1133/842/1130 1207/904/1130 1206/903/1130 1132/841/1130
f 1134/843/1131 1208/905/1131 1207/904/1131 1133/842/1131
f 1135/844/1132 1209/906/1132 1208/905/1132 1134/843/1132
f 1136/845/1133 1210/907/1133 1209/906/1133 1135/844/1133
f 1137/846/1134 1211/908/1134 1210/907/1134 1136/845/1134
f 1138/847/1135 1212/909/1135 1211/908/1135 1137/846/1135
f 1139/848/1136 1213/910/1136 1212/909/1136 1138/847/1136
f 1140/849/1137 1214/911/1137 1213/910/1137 1139/848/1137
f 1141/850/1138 1215/912/1138 1214/911/1138 1140/849/1138
f 1142/851/1139 1216/913/1139 1215/912/1139 1141/850/1139
f 1143/852/1140 1217/914/1140 1216/913/1140 1142/851/1140
f 1144/853/1141 1218/915/1141 1217/914/1141 1143/852/1141
f 1145/854/1142 1219/916/1142 1218/915/1142 1144/853/1142
f 1146/855/1143 1220/917/1143 1219/916/1143 1145/854/1143
f 1147/856/1144 1221/918/1144 1220/917/1144 1146/855/1144
f 1148/857/1145 1222/919/1145 1221/918/1145 1147/856/1145
f 1149/858/1146 1223/920/1146 1222/919/1146 1148/857/1146
f 1150/859/1147 1224/921/1147 1223/920/1147 1149/858/1147
f 1151/858/1148 1225/920/1148 1224/921/1148 1150/859/1148
f 1152/857/1149 1226/922/1149 1225/920/1149 1151/858/1149
f 1153/856/1150 1227/923/1150 1226/922/1150 1152/857/1150
f 1154/855/1151 1228/924/1151 1227/923/1151 1153/856/1151
f 1155/860/1152 1229/925/1152 1228/924/1152 1154/855/1152
f 1156/853/1153 1230/926/1153 1229/925/1153 1155/860/1153
f 1157/861/1154 1231/927/1154 1230/926/1154 1156/853/1154
f 1158/851/1155 1232/928/1155 1231/927/1155 1157/861/1155
f 1159/862/1156 1233/912/1156 1232/928/1156 1158/851/1156
f 1160/863/1157 1234/911/1157 1233/912/1157 1159/862/1157
f 1161/864/1158 1235/929/1158 1234/911/1158 1160/863/1158
f 1162/865/1159 1236/930/1159 1235/929/1159 1161/864/1159
f 1163/866/1160 1237/931/1160 1236/930/1160 1162/865/1160
f 1164/867/1161 1238/932/1161 1237/931/1161 1163/866/1161
f 1165/868/1162 1239/933/1162 1238/932/1162 1164/867/1162
f 1166/869/1163 1240/934/1163 1239/933/1163 1165/868/1163
f 1167/870/1164 1241/935/1164 1240/934/1164 1166/869/1164
f 1168/871/1165 1242/936/1165 1241/935/1165 1167/870/1165
f 1169/872/1166 1243/937/1166 1242/936/1166 1168/871/1166
f 1170/873/1167 1244/938/1167 1243/937/1167 1169/872/1167
f 1171/874/1168 1245/939/1168 1244/938/1168 1170/873/1168
f 1172/875/1169 1246/940/1169 1245/939/1169 1171/874/1169
f 1173/876/1170 1247/941/1170 1246/940/1170 1172/875/1170
f 1174/877/1171 1248/942/1171 1247/941/1171 1173/876/1171
f 1175/878/1172 1249/943/1172 1248/942/1172 1174/877/1172
f 1176/879/1173 1250/944/1173 1249/943/1173 1175/878/1173
f 1177/880/1174 1251/894/1174 1250/944/1174 1176/879/1174
f 1178/881/1175 1252/945/1175 1251/894/1175 1177/880/1175
f 1179/830/1176 1253/892/1176 1252/945/1176 1178/881/1176
f 1180/882/1177 1254/946/1177 1253/892/1177 1179/830/1177
f 1181/828/1178 1255/890/1178 1254/946/1178 1180/882/1178
f 1182/883/1179 1256/947/1179 1255/890/1179 1181/828/1179
f 1183/826/1180 1257/948/1180 1256/947/1180 1182/883/1180
f 1184/825/1181 1258/887/1181 1257/948/1181 1183/826/1181
f 1185/824/1182 1259/949/1182 1258/887/1182 1184/825/1182
f 1186/822/1183 1260/884/1183 1259/949/1183 1185/824/1183
f 1113/823/1184 1187/885/1184 1260/884/1184 1186/822/1184
f 1188/884/1185 1262/950/1185 1261/951/1185 1187/885/1185
f 1189/886/1186 1263/952/1186 1262/950/1186 1188/884/1186
f 1190/887/1187 1264/953/1187 1263/952/1187 1189/886/1187
f 1191/888/1188 1265/954/1188 1264/953/1188 1190/887/1188
f 1192/889/1189 1266/955/1189 1265/954/1189 1191/888/1189
f 1193/890/1190 1267/956/1190 1266/955/1190 1192/889/1190
f 1194/891/1191 1268/957/1191 1267/956/1191 1193/890/1191
f 1195/892/1192 1269/958/1192 1268/957/1192 1194/891/1192
f 1196/893/1193 1270/959/1193 1269/958/1193 1195/892/1193
f 1197/894/1194 1271/960/1194 1270/959/1194 1196/893/1194
f 1198/895/1195 1272/961/1195 1271/960/1195 1197/894/1195
f 1199/896/1196 1273/962/1196 1272/961/1196 1198/895/1196
f 1200/897/1197 1274/963/1197 1273/962/1197 1199/896/1197
f 1201/898/1198 1275/964/1198 1274/963/1198 1200/897/1198
f 1202/899/1199 1276/965/1199 1275/964/1199 1201/898/1199
f 1203/900/1200 1277/966/1200 1276/965/1200 1202/899/1200
f 1204/901/1201 1278/967/1201 1277/966/1201 1203/900/1201
f 1205/902/1202 1279/968/1202 1278/967/1202 1204/901/1202
f 1206/903/1203 1280/969/1203 1279/968/1203 1205/902/1203
f 1207/904/1204 1281/970/1204 1280/969/1204 1206/903/1204
f 1208/905/1205 1282/971/1205 1281/970/1205 1207/904/1205
f 1209/906/1206 1283/972/1206 1282/971/1206 1208/905/1206
f 1210/907/1207 1284/973/1207 1283/972/1207 1209/906/1207
f 1211/908/1208 1285/974/1208 1284/973/1208 1210/907/1208
f 1212/909/1209 1286/975/1209 1285/974/1209 1211/908/1209
f 1213/910/1210 1287/976/1210 1286/975/1210 1212/909/1210
f 1214/911/1211 1288/977/1211 1287/976/1211 1213/910/1211
f 1215/912/1212 1289/978/1212 1288/977/1212 1214/911/1212
f 1216/913/1213 1290/979/1213 1289/978/1213 1215/912/1213
f 1217/914/1214 1291/980/1214 1290/979/1214 1216/913/1214
f 1218/915/1215 1292/981/1215 1291/980/1215 1217/914/1215
f 1219/916/1216 1293/982/1216 1292/981/1216 1218/915/1216
f 1220/917/1217 1294/983/1217 1293/982/1217 1219/916/1217
f 1221/918/1218 1295/984/1218 1294/983/1218 1220/917/1218
f 1222/919/1219 1296/985/1219 1295/984/1219 1221/918/1219
f 1223/920/1220 1297/986/1220 1296/985/1220 1222/919/1220
f 1224/921/1221 1298/987/1221 1297/986/1221 1223/920/1221
f 1225/920/1222 1299/986/1222 1298/987/1222 1224/921/1222
f 1226/922/1223 1300/985/1223 1299/986/1223 1225/920/1223
f 1227/923/1224 1301/984/1224 1300/985/1224 1226/922/1224
f 1228/924/1225 1302/988/1225 1301/984/1225 1227/923/1225
f 1229/925/1226 1303/982/1226 1302/988/1226 1228/924/1226
f 1230/926/1227 1304/989/1227 1303/982/1227 1229/925/1227
f 1231/927/1228 1305/990/1228 1304/989/1228 1230/926/1228
f 1232/928/1229 1306/979/1229 1305/990/1229 1231/927/1229
f 1233/912/1230 1307/991/1230 1306/979/1230 1232/928/1230
f 1234/911/1231 1308/977/1231 1307/991/1231 1233/912/1231
f 1235/929/1232 1309/992/1232 1308/977/1232 1234/911/1232
f 1236/930/1233 1310/993/1233 1309/992/1233 1235/929/1233
f 1237/931/1234 1311/994/1234 1310/993/1234 1236/930/1234
f 1238/932/1235 1312/995/1235 1311/994/1235 1237/931/1235
f 1239/933/1236 1313/996/1236 1312/995/1236 1238/932/1236
f 1240/934/1237 1314/997/1237 1313/996/1237 1239/933/1237
f 1241/935/1238 1315/998/1238 1314/997/1238 1240/934/1238
f 1242/936/1239 1316/999/1239 1315/998/1239 1241/935/1239
f 1243/937/1240 1317/1000/1240 1316/999/1240 1242/936/1240
f 1244/938/1241 1318/1001/1241 1317/1000/1241 1243/937/1241
f 1245/939/1242 1319/1002/1242 1318/1001/1242 1244/938/1242
f 1246/940/1243 1320/1003/1243 1319/1002/1243 1245/939/1243
f 1247/941/1244 1321/1004/1244 1320/1003/1244 1246/940/1244
f 1248/942/1245 1322/1005/1245 1321/1004/1245 1247/941/1245
f 1249/943/1246 1323/1006/1246 1322/1005/1246 1248/942/1246
f 1250/944/1247 1324/1007/1247 1323/1006/1247 1249/943/1247
f 1251/894/1248 1325/1008/1248 1324/1007/1248 1250/944/1248
f 1252/945/1249 1326/1009/1249 1325/1008/1249 1251/894/1249
f 1253/892/1250 1327/958/1250 1326/1009/1250 1252/945/1250
f 1254/946/1251 1328/957/1251 1327/958/1251 1253/892/1251
f 1255/890/1252 1329/1010/1252 1328/957/1252 1254/946/1252
f 1256/947/1253 1330/955/1253 1329/1010/1253 1255/890/1253
f 1257/948/1254 1331/1011/1254 1330/955/1254 1256/947/1254
f 1258/887/1255 1332/953/1255 1331/1011/1255 1257/948/1255
f 1259/949/1256 1333/952/1256 1332/953/1256 1258/887/1256
f 1260/884/1257 1334/1012/1257 1333/952/1257 1259/949/1257
f 1187/885/1258 1261/951/1258 1334/1012/1258 1260/884/1258
f 1262/950/1259 1336/1013/1259 1335/1014/1259 1261/951/1259
f 1263/952/1260 1337/1015/1260 1336/1013/1260 1262/950/1260
f 1264/953/1261 1338/1016/1261 1337/1015/1261 1263/952/1261
f 1265/954/1262 1339/1017/1262 1338/1016/1262 1264/953/1262
f 1266/955/1263 1340/1018/1263 1339/1017/1263 1265/954/1263
f 1267/956/1264 1341/1019/1264 1340/1018/1264 1266/955/1264
f 1268/957/1265 1342/1020/1265 1341/1019/1265 1267/956/1265
f 1269/958/1266 1343/1021/1266 1342/1020/1266 1268/957/1266
f 1270/959/1267 1344/1022/1267 1343/1021/1267 1269/958/1267
f 1271/960/1268 1345/1023/1268 1344/1022/1268 1270/959/1268
f 1272/961/1269 1346/1024/1269 1345/1023/1269 1271/960/1269
f 1273/962/1270 1347/1025/1270 1346/1024/1270 1272/961/1270
f 1274/963/1271 1348/1026/1271 1347/1025/1271 1273/962/1271
f 1275/964/1272 1349/1027/1272 1348/1026/1272 1274/963/1272
f 1276/965/1273 1350/1028/1273 1349/1027/1273 1275/964/1273
f 1277/966/1274 1351/1029/1274 1350/1028/1274 1276/965/1274
f 1278/967/1275 1352/1030/1275 1351/1029/1275 1277/966/1275
f 1279/968/1276 1353/1031/1276 1352/1030/1276 1278/967/1276
f 1280/969/1277 1354/1032/1277 1353/1031/1277 1279/968/1277
f 1281/970/1278 1355/1033/1278 1354/1032/1278 1280/969/1278
f 1282/971/1279 1356/1034/1279 1355/1033/1279 1281/970/1279
f 1283/972/1280 1357/1035/1280 1356/1034/1280 1282/971/1280
f 1284/973/1281 1358/1036/1281 1357/1035/1281 1283/972/1281
f 1285/974/1282 1359/1037/1282 1358/1036/1282 1284/973/1282
f 1286/975/1283 1360/1038/1283 1359/1037/1283 1285/974/1283
f 1287/976/1284 1361/1039/1284 1360/1038/1284 1286/975/1284
f 1288/977/1285 1362/1040/1285 1361/1039/1285 1287/976/1285
f 1289/978/1286 1363/1041/1286 1362/1040/1286 1288/977/1286
f 1290/979/1287 1364/1042/1287 1363/1041/1287 1289/978/1287
f 1291/980/1288 1365/1043/1288 1364/1042/1288 1290/979/1288
f 1292/981/1289 1366/1044/1289 1365/1043/1289 1291/980/1289
f 1293/982/1290 1367/1045/1290 1366/1044/1290 1292/981/1290
f 1294/983/1291 1368/1046/1291 1367/1045/1291 1293/982/1291
f 1295/984/1292 1369/1047/1292 1368/1046/1292 1294/983/1292
f 1296/985/1293 1370/1048/1293 1369/1047/1293 1295/984/1293
f 1297/986/1294 1371/1049/1294 1370/1048/1294 1296/985/1294
f 1298/987/1295 1372/1050/1295 1371/1049/1295 1297/986/1295
f 1299/986/1296 1373/1051/1296 1372/1050/1296 1298/987/1296
f 1300/985/1297 1374/1048/1297 1373/1051/1297 1299/986/1297
f 1301/984/1298 1375/1047/1298 1374/1048/1298 1300/985/1298
f 1302/988/1299 1376/1052/1299 1375/1047/1299 1301/984/1299
f 1303/982/1300 1377/1045/1300 1376/1052/1300 1302/988/1300
f 1304/989/1301 1378/1053/1301 1377/1045/1301 1303/982/1301
f 1305/990/1302 1379/1054/1302 1378/1053/1302 1304/989/1302
f 1306/979/1303 1380/1042/1303 1379/1054/1303 1305/990/1303
f 1307/991/1304 1381/1055/1304 1380/1042/1304 1306/979/1304
f 1308/977/1305 1382/1056/1305 1381/1055/1305 1307/991/1305
f 1309/992/1306 1383/1057/1306 1382/1056/1306 1308/977/1306
f 1310/993/1307 1384/1058/1307 1383/1057/1307 1309/992/1307
f 1311/994/1308 1385/1059/1308 1384/1058/1308 1310/993/1308
f 1312/995/1309 1386/1060/1309 1385/1059/1309 1311/994/1309
f 1313/996/1310 1387/1061/1310 1386/1060/1310 1312/995/1310
f 1314/997/1311 1388/1062/1311 1387/1061/1311 1313/996/1311
f 1315/998/1312 1389/1063/1312 1388/1062/1312 1314/997/1312
f 1316/999/1313 1390/1064/1313 1389/1063/1313 1315/998/1313
f 1317/1000/1314 1391/1065/1314 1390/1064/1314 1316/999/1314
f 1318/1001/1315 1392/1066/1315 1391/1065/1315 1317/1000/1315
f 1319/1002/1316 1393/1067/1316 1392/1066/1316 1318/1001/1316
f 1320/1003/1317 1394/1068/1317 1393/1067/1317 1319/1002/1317
f 1321/1004/1318 1395/1069/1318 1394/1068/1318 1320/1003/1318
f 1322/1005/1319 1396/1070/1319 1395/1069/1319 1321/1004/1319
f 1323/1006/1320 1397/1071/1320 1396/1070/1320 1322/1005/1320
f 1324/1007/1321 1398/1072/1321 1397/1071/1321 1323/1006/1321
f 1325/1008/1322 1399/1073/1322 1398/1072/1322 1324/1007/1322
f 1326/1009/1323 1400/1074/1323 1399/1073/1323 1325/1008/1323
f 1327/958/1324 1401/1075/1324 1400/1074/1324 1326/1009/1324
f 1328/957/1325 1402/1020/1325 1401/1075/1325 1327/958/1325
f 1329/1010/1326 1403/1076/1326 1402/1020/1326 1328/957/1326
f 1330/955/1327 1404/1018/1327 1403/1076/1327 1329/1010/1327
f 1331/1011/1328 1405/1017/1328 1404/1018/1328 1330/955/1328
f 1332/953/1329 1406/1016/1329 1405/1017/1329 1331/1011/1329
f 1333/952/1330 1407/1015/1330 1406/1016/1330 1332/953/1330
f 1334/1012/1331 1408/1013/1331 1407/1015/1331 1333/952/1331
f 1261/951/1332 1335/1014/1332 1408/1013/1332 1334/1012/1332
f 1336/1013/1333 1410/1077/1333 1409/1078/1333 1335/1014/1333
f 1337/1015/1334 1411/1079/1334 1410/1077/1334 1336/1013/1334
f 1338/1016/1335 1412/1080/1335 1411/1079/1335 1337/1015/1335
f 1339/1017/1336 1413/1081/1336 1412/1080/1336 1338/1016/1336
f 1340/1018/1337 1414/1082/1337 1413/1081/1337 1339/1017/1337
f 1341/1019/1338 1415/1083/1338 1414/1082/1338 1340/1018/1338
f 1342/1020/1339 1416/1084/1339 1415/1083/1339 1341/1019/1339
f 1343/1021/1340 1417/1085/1340 1416/1084/1340 1342/1020/1340
f 1344/1022/1341 1418/1086/1341 1417/1085/1341 1343/1021/1341
f 1345/1023/1342 1419/1087/1342 1418/1086/1342 1344/1022/1342
f 1346/1024/1343 1420/1088/1343 1419/1087/1343 1345/1023/1343
f 1347/1025/1344 1421/1089/1344 1420/1088/1344 1346/1024/1344
f 1348/1026/1345 1422/1090/1345 1421/1089/1345 1347/1025/1345
f 1349/1027/1346 1423/1091/1346 1422/1090/1346 1348/1026/1346
f 1350/1028/1347 1424/1092/1347 1423/1091/1347 1349/1027/1347
f 1351/1029/1348 1425/1093/1348 1424/1092/1348 1350/1028/1348
f 1352/1030/1349 1426/1094/1349 1425/1093/1349 1351/1029/1349
f 1353/1031/1350 1427/1095/1350 1426/1094/1350 1352/1030/1350
f 1354/1032/1351 1428/1096/1351 1427/1095/1351 1353/1031/1351
f 1355/1033/1352 1429/1097/1352 1428/1096/1352 1354/1032/1352
f 1356/1034/1353 1430/1098/1353 1429/1097/1353 1355/1033/1353
f 1357/1035/1354 1431/1099/1354 1430/1098/1354 1356/1034/1354
f 1358/1036/1355 1432/1100/1355 1431/1099/1355 1357/1035/1355
f 1359/1037/1356 1433/1101/1356 1432/1100/1356 1358/1036/1356
f 1360/1038/1357 1434/1102/1357 1433/1101/1357 1359/1037/1357
f 1361/1039/1358 1435/1103/1358 1434/1102/1358 1360/1038/1358
f 1362/1040/1359 1436/1104/1359 1435/1103/1359 1361/1039/1359
f 1363/1041/1360 1437/1105/1360 1436/1104/1360 1362/1040/1360
f 1364/1042/1361 1438/1106/1361 1437/1105/1361 1363/1041/1361
f 1365/1043/1362 1439/1107/1362 1438/1106/1362 1364/1042/1362
f 1366/1044/1363 1440/1108/1363 1439/1107/1363 1365/1043/1363
f 1367/1045/1364 1441/1109/1364 1440/1108/1364 1366/1044/1364
f 1368/1046/1365 1442/1110/1365 1441/1109/1365 1367/1045/1365
f 1369/1047/1366 1443/1111/1366 1442/1110/1366 1368/1046/1366
f 1370/1048/1367 1444/1112/1367 1443/1111/1367 1369/1047/1367
f 1371/1049/1368 1445/1113/1368 1444/1112/1368 1370/1048/1368
f 1372/1050/1369 1446/1114/1369 1445/1113/1369 1371/1049/1369
f 1373/1051/1370 1447/1113/1370 1446/1114/1370 1372/1050/1370
f 1374/1048/1371 1448/1112/1371 1447/1113/1371 1373/1051/1371
f 1375/1047/1372 1449/1111/1372 1448/1112/1372 1374/1048/1372
f 1376/1052/1373 1450/1115/1373 1449/1111/1373 1375/1047/1373
f 1377/1045/1374 1451/1109/1374 1450/1115/1374 1376/1052/1374
f 1378/1053/1375 1452/1116/1375 1451/1109/1375 1377/1045/1375
f 1379/1054/1376 1453/1117/1376 1452/1116/1376 1378/1053/1376
f 1380/1042/1377 1454/1118/1377 1453/1117/1377 1379/1054/1377
f 1381/1055/1378 1455/1119/1378 1454/1118/1378 1380/1042/1378
f 1382/1056/1379 1456/1120/1379 1455/1119/1379 1381/1055/1379
f 1383/1057/1380 1457/1121/1380 1456/1120/1380 1382/1056/1380
f 1384/1058/1381 1458/1122/1381 1457/1121/1381 1383/1057/1381
f 1385/1059/1382 1459/1123/1382 1458/1122/1382 1384/1058/1382
f 1386/1060/1383 1460/1124/1383 1459/1123/1383 1385/1059/1383
f 1387/1061/1384 1461/1125/1384 1460/1124/1384 1386/1060/1384
f 1388/1062/1385 1462/1126/1385 1461/1125/1385 1387/1061/1385
f 1389/1063/1386 1463/1127/1386 1462/1126/1386 1388/1062/1386
f 1390/1064/1387 1464/1128/1387 1463/1127/1387 1389/1063/1387
f 1391/1065/1388 1465/1129/1388 1464/1128/1388 1390/1064/1388
f 1392/1066/1389 1466/1130/1389 1465/1129/1389 1391/1065/1389
f 1393/1067/1390 1467/1131/1390 1466/1130/1390 1392/1066/1390
f 1394/1068/1391 1468/1132/1391 1467/1131/1391 1393/1067/1391
f 1395/1069/1392 1469/1133/1392 1468/1132/1392 1394/1068/1392
f 1396/1070/1393 1470/1134/1393 1469/1133/1393 1395/1069/1393
f 1397/1071/1394 1471/1135/1394 1470/1134/1394 1396/1070/1394
f 1398/1072/1395 1472/1136/1395 1471/1135/1395 1397/1071/1395
f 1399/1073/1396 1473/1137/1396 1472/1136/1396 1398/1072/1396
f 1400/1074/1397 1474/1138/1397 1473/1137/1397 1399/1073/1397
f 1401/1075/1398 1475/1139/1398 1474/1138/1398 1400/1074/1398
f 1402/1020/1399 1476/1084/1399 1475/1139/1399 1401/1075/1399
f 1403/1076/1400 1477/1140/1400 1476/1084/1400 1402/1020/1400
f 1404/1018/1401 1478/1082/1401 1477/1140/1401 1403/1076/1401
f 1405/1017/1402 1479/1081/1402 1478/1082/1402 1404/1018/1402
f 1406/1016/1403 1480/1080/1403 1479/1081/1403 1405/1017/1403
f 1407/1015/1404 1481/1079/1404 1480/1080/1404 1406/1016/1404
f 1408/1013/1405 1482/1077/1405 1481/1079/1405 1407/1015/1405
f 1335/1014/1406 1409/1078/1406 1482/1077/1406 1408/1013/1406
f 1410/1077/1407 1484/1141/1407 1483/1142/1407 1409/1078/1407
f 1411/1079/1408 1485/1143/1408 1484/1141/1408 1410/1077/1408
f 1412/1080/1409 1486/1144/1409 1485/1143/1409 1411/1079/1409
f 1413/1081/1410 1487/1145/1410 1486/1144/1410 1412/1080/1410
f 1414/1082/1411 1488/1146/1411 1487/1145/1411 1413/1081/1411
f 1415/1083/1412 1489/1147/1412 1488/1146/1412 1414/1082/1412
f 1416/1084/1413 1490/1148/1413 1489/1147/1413 1415/1083/1413
f 1417/1085/1414 1491/1149/1414 1490/1148/1414 1416/1084/1414
f 1418/1086/1415 1492/1150/1415 1491/1149/1415 1417/1085/1415
f 1419/1087/1416 1493/1151/1416 1492/1150/1416 1418/1086/1416
f 1420/1088/1417 1494/1152/1417 1493/1151/1417 1419/1087/1417
f 1421/1089/1418 1495/1153/1418 1494/1152/1418 1420/1088/1418
f 1422/1090/1419 1496/1154/1419 1495/1153/1419 1421/1089/1419
f 1423/1091/1420 1497/1155/1420 1496/1154/1420 1422/1090/1420
f 1424/1092/1421 1498/1156/1421 1497/1155/1421 1423/1091/1421
f 1425/1093/1422 1499/1157/1422 1498/1156/1422 1424/1092/1422
f 1426/1094/1423 1500/1158/1423 1499/1157/1423 1425/1093/1423
f 1427/1095/1424 1501/1159/1424 1500/1158/1424 1426/1094/1424
f 1428/1096/1425 1502/1160/1425 1501/1159/1425 1427/1095/1425
f 1429/1097/1426 1503/1161/1426 1502/1160/1426 1428/1096/1426
f 1430/1098/1427 1504/1162/1427 1503/1161/1427 1429/1097/1427
f 1431/1099/1428 1505/1163/1428 1504/1162/1428 1430/1098/1428
f 1432/1100/1429 1506/1164/1429 1505/1163/1429 1431/1099/1429
f 1433/1101/1430 1507/1165/1430 1506/1164/1430 1432/1100/1430
f 1434/1102/1431 1508/1166/1431 1507/1165/1431 1433/1101/1431
f 1435/1103/1432 1509/1167/1432 1508/1166/1432 1434/1102/1432
f 1436/1104/1433 1510/1168/1433 1509/1167/1433 1435/1103/1433
f 1437/1105/1434 1511/1169/1434 1510/1168/1434 1436/1104/1434
f 1438/1106/1435 1512/1170/1435 1511/1169/1435 1437/1105/1435
f 1439/1107/1436 1513/1171/1436 1512/1170/1436 1438/1106/1436
f 1440/1108/1437 1514/1172/1437 1513/1171/1437 1439/1107/1437
f 1441/1109/1438 1515/1173/1438 1514/1172/1438 1440/1108/1438
f 1442/1110/1439 1516/1174/1439 1515/1173/1439 1441/1109/1439
f 1443/1111/1440 1517/1175/1440 1516/1174/1440 1442/1110/1440
f 1444/1112/1441 1518/1176/1441 1517/1175/1441 1443/1111/1441
f 1445/1113/1442 1519/1177/1442 1518/1176/1442 1444/1112/1442
f 1446/1114/1443 1520/1178/1443 1519/1177/1443 1445/1113/1443
f 1447/1113/1444 1521/1177/1444 1520/1178/1444 1446/1114/1444
f 1448/1112/1445 1522/1176/1445 1521/1177/1445 1447/1113/1445
f 1449/1111/1446 1523/1175/1446 1522/1176/1446 1448/1112/1446
f 1450/1115/1447 1524/1179/1447 1523/1175/1447 1449/1111/1447
f 1451/1109/1448 1525/1173/1448 1524/1179/1448 1450/1115/1448
f 1452/1116/1449 1526/1180/1449 1525/1173/1449 1451/1109/1449
f 1453/1117/1450 1527/1171/1450 1526/1180/1450 1452/1116/1450
f 1454/1118/1451 1528/1181/1451 1527/1171/1451 1453/1117/1451
f 1455/1119/1452 1529/1182/1452 1528/1181/1452 1454/1118/1452
f 1456/1120/1453 1530/1168/1453 1529/1182/1453 1455/1119/1453
f 1457/1121/1454 1531/1183/1454 1530/1168/1454 1456/1120/1454
f 1458/1122/1455 1532/1166/1455 1531/1183/1455 1457/1121/1455
f 1459/1123/1456 1533/1184/1456 1532/1166/1456 1458/1122/1456
f 1460/1124/1457 1534/1185/1457 1533/1184/1457 1459/1123/1457
f 1461/1125/1458 1535/1186/1458 1534/1185/1458 1460/1124/1458
f 1462/1126/1459 1536/1187/1459 1535/1186/1459 1461/1125/1459
f 1463/1127/1460 1537/1188/1460 1536/1187/1460 1462/1126/1460
f 1464/1128/1461 1538/1189/1461 1537/1188/1461 1463/1127/1461
f 1465/1129/1462 1539/1190/1462 1538/1189/1462 1464/1128/1462
f 1466/1130/1463 1540/1191/1463 1539/1190/1463 1465/1129/1463
f 1467/1131/1464 1541/1192/1464 1540/1191/1464 1466/1130/1464
f 1468/1132/1465 1542/1193/1465 1541/1192/1465 1467/1131/1465
f 1469/1133/1466 1543/1194/1466 1542/1193/1466 1468/1132/1466
f 1470/1134/1467 1544/1195/1467 1543/1194/1467 1469/1133/1467
f 1471/1135/1468 1545/1153/1468 1544/1195/1468 1470/1134/1468
f 1472/1136/1469 1546/1196/1469 1545/1153/1469 1471/1135/1469
f 1473/1137/1470 1547/1151/1470 1546/1196/1470 1472/1136/1470
f 1474/1138/1471 1548/1197/1471 1547/1151/1471 1473/1137/1471
f 1475/1139/1472 1549/1198/1472 1548/1197/1472 1474/1138/1472
f 1476/1084/1473 1550/1148/1473 1549/1198/1473 1475/1139/1473
f 1477/1140/1474 1551/1199/1474 1550/1148/1474 1476/1084/1474
f 1478/1082/1475 1552/1200/1475 1551/1199/1475 1477/1140/1475
f 1479/1081/1476 1553/1201/1476 1552/1200/1476 1478/1082/1476
f 1480/1080/1477 1554/1144/1477 1553/1201/1477 1479/1081/1477
f 1481/1079/1478 1555/1143/1478 1554/1144/1478 1480/1080/1478
f 1482/1077/1479 1556/1141/1479 1555/1143/1479 1481/1079/1479
f 1409/1078/1480 1483/1142/1480 1556/1141/1480 1482/1077/1480
f 1484/1141/1481 1558/1202/1481 1557/1203/1481 1483/1142/1481
f 1485/1143/1482 1559/1204/1482 1558/1202/1482 1484/1141/1482
f 1486/1144/1483 1560/1205/1483 1559/1204/1483 1485/1143/1483
f 1487/1145/1484 1561/1206/1484 1560/1205/1484 1486/1144/1484
f 1488/1146/1485 1562/1207/1485 1561/1206/1485 1487/1145/1485
f 1489/1147/1486 1563/1208/1486 1562/1207/1486 1488/1146/1486
f 1490/1148/1487 1564/1209/1487 1563/1208/1487 1489/1147/1487
f 1491/1149/1488 1565/1210/1488 1564/1209/1488 1490/1148/1488
f 1492/1150/1489 1566/1211/1489 1565/1210/1489 1491/1149/1489
f 1493/1151/1490 1567/1212/1490 1566/1211/1490 1492/1150/1490
f 1494/1152/1491 1568/1213/1491 1567/1212/1491 1493/1151/1491
f 1495/1153/1492 1569/1214/1492 1568/1213/1492 1494/1152/1492
f 1496/1154/1493 1570/1215/1493 1569/1214/1493 1495/1153/1493
f 1497/1155/1494 1571/1216/1494 1570/1215/1494 1496/1154/1494
f 1498/1156/1495 1572/1217/1495 1571/1216/1495 1497/1155/1495
f 1499/1157/1496 1573/1218/1496 1572/1217/1496 1498/1156/1496
f 1500/1158/1497 1574/1219/1497 1573/1218/1497 1499/1157/1497
f 1501/1159/1498 1575/1220/1498 1574/1219/1498 1500/1158/1498
f 1502/1160/1499 1576/1221/1499 1575/1220/1499 1501/1159/1499
f 1503/1161/1500 1577/1222/1500 1576/1221/1500 1502/1160/1500
f 1504/1162/1501 1578/1223/1501 1577/1222/1501 1503/1161/1501
f 1505/1163/1502 1579/1224/1502 1578/1223/1502 1504/1162/1502
f 1506/1164/1503 1580/1225/1503 1579/1224/1503 1505/1163/1503
f 1507/1165/1504 1581/1226/1504 1580/1225/1504 1506/1164/1504
f 1508/1166/1505 1582/1227/1505 1581/1226/1505 1507/1165/1505
f 1509/1167/1506 1583/1228/1506 1582/1227/1506 1508/1166/1506
f 1510/1168/1507 1584/1229/1507 1583/1228/1507 1509/1167/1507
f 1511/1169/1508 1585/1230/1508 1584/1229/1508 1510/1168/1508
f 1512/1170/1509 1586/1231/1509 1585/1230/1509 1511/1169/1509
f 1513/1171/1510 1587/1232/1510 1586/1231/1510 1512/1170/1510
f 1514/1172/1511 1588/1233/1511 1587/1232/1511 1513/1171/1511
f 1515/1173/1512 1589/1234/1512 1588/1233/1512 1514/1172/1512
f 1516/1174/1513 1590/1235/1513 1589/1234/1513 1515/1173/1513
f 1517/1175/1514 1591/1236/1514 1590/1235/1514 1516/1174/1514
f 1518/1176/1515 1592/1237/1515 1591/1236/1515 1517/1175/1515
f 1519/1177/1516 1593/1238/1516 1592/1237/1516 1518/1176/1516
f 1520/1178/1517 1594/1239/1517 1593/1238/1517 1519/1177/1517
f 1521/1177/1518 1595/1238/1518 1594/1239/1518 1520/1178/1518
f 1522/1176/1519 1596/1237/1519 1595/1238/1519 1521/1177/1519
f 1523/1175/1520 1597/1236/1520 1596/1237/1520 1522/1176/1520
f 1524/1179/1521 1598/1235/1521 1597/1236/1521 1523/1175/1521
f 1525/1173/1522 1599/1234/1522 1598/1235/1522 1524/1179/1522
f 1526/1180/1523 1600/1240/1523 1599/1234/1523 1525/1173/1523
f 1527/1171/1524 1601/1241/1524 1600/1240/1524 1526/1180/1524
f 1528/1181/1525 1602/1242/1525 1601/1241/1525 1527/1171/1525
f 1529/1182/1526 1603/1230/1526 1602/1242/1526 1528/1181/1526
f 1530/1168/1527 1604/1243/1527 1603/1230/1527 1529/1182/1527
f 1531/1183/1528 1605/1244/1528 1604/1243/1528 1530/1168/1528
f 1532/1166/1529 1606/1245/1529 1605/1244/1529 1531/1183/1529
f 1533/1184/1530 1607/1246/1530 1606/1245/1530 1532/1166/1530
f 1534/1185/1531 1608/1247/1531 1607/1246/1531 1533/1184/1531
f 1535/1186/1532 1609/1248/1532 1608/1247/1532 1534/1185/1532
f 1536/1187/1533 1610/1249/1533 1609/1248/1533 1535/1186/1533
f 1537/1188/1534 1611/1250/1534 1610/1249/1534 1536/1187/1534
f 1538/1189/1535 1612/1251/1535 1611/1250/1535 1537/1188/1535
f 1539/1190/1536 1613/1252/1536 1612/1251/1536 1538/1189/1536
f 1540/1191/1537 1614/1253/1537 1613/1252/1537 1539/1190/1537
f 1541/1192/1538 1615/1254/1538 1614/1253/1538 1540/1191/1538
f 1542/1193/1539 1616/1255/1539 1615/1254/1539 1541/1192/1539
f 1543/1194/1540 1617/1256/1540 1616/1255/1540 1542/1193/1540
f 1544/1195/1541 1618/1257/1541 1617/1256/1541 1543/1194/1541
f 1545/1153/1542 1619/1258/1542 1618/1257/1542 1544/1195/1542
f 1546/1196/1543 1620/1213/1543 1619/1258/1543 1545/1153/1543
f 1547/1151/1544 1621/1259/1544 1620/1213/1544 1546/1196/1544
f 1548/1197/1545 1622/1211/1545 1621/1259/1545 1547/1151/1545
f 1549/1198/1546 1623/1210/1546 1622/1211/1546 1548/1197/1546
f 1550/1148/1547 1624/1260/1547 1623/1210/1547 1549/1198/1547
f 1551/1199/1548 1625/1261/1548 1624/1260/1548 1550/1148/1548
f 1552/1200/1549 1626/1207/1549 1625/1261/1549 1551/1199/1549
f 1553/1201/1550 1627/1206/1550 1626/1207/1550 1552/1200/1550
f 1554/1144/1551 1628/1205/1551 1627/1206/1551 1553/1201/1551
f 1555/1143/1552 1629/1204/1552 1628/1205/1552 1554/1144/1552
f 1556/1141/1553 1630/1202/1553 1629/1204/1553 1555/1143/1553
f 1483/1142/1554 1557/1203/1554 1630/1202/1554 1556/1141/1554
f 1558/1202/1555 1632/1262/1555 1631/1263/1555 1557/1203/1555
f 1559/1204/1556 1633/1264/1556 1632/1262/1556 1558/1202/1556
f 1560/1205/1557 1634/1265/1557 1633/1264/1557 1559/1204/1557
f 1561/1206/1558 1635/1266/1558 1634/1265/1558 1560/1205/1558
f 1562/1207/1559 1636/1267/1559 1635/1266/1559 1561/1206/1559
f 1563/1208/1560 1637/1268/1560 1636/1267/1560 1562/1207/1560
f 1564/1209/1561 1638/1269/1561 1637/1268/1561 1563/1208/1561
f 1565/1210/1562 1639/1270/1562 1638/1269/1562 1564/1209/1562
f 1566/1211/1563 1640/1271/1563 1639/1270/1563 1565/1210/1563
f 1567/1212/1564 1641/1272/1564 1640/1271/1564 1566/1211/1564
f 1568/1213/1565 1642/1273/1565 1641/1272/1565 1567/1212/1565
f 1569/1214/1566 1643/1274/1566 1642/1273/1566 1568/1213/1566
f 1570/1215/1567 1644/1275/1567 1643/1274/1567 1569/1214/1567
f 1571/1216/1568 1645/1276/1568 1644/1275/1568 1570/1215/1568
f 1572/1217/1569 1646/1277/1569 1645/1276/1569 1571/1216/1569
f 1573/1218/1570 1647/1278/1570 1646/1277/1570 1572/1217/1570
f 1574/1219/1571 1648/1279/1571 1647/1278/1571 1573/1218/1571
f 1575/1220/1572 1649/1280/1572 1648/1279/1572 1574/1219/1572
f 1576/1221/1573 1650/1281/1573 1649/1280/1573 1575/1220/1573
f 1577/1222/1574 1651/1282/1574 1650/1281/1574 1576/1221/1574
f 1578/1223/1575 1652/1283/1575 1651/1282/1575 1577/1222/1575
f 1579/1224/1576 1653/1284/1576 1652/1283/1576 1578/1223/1576
f 1580/1225/1577 1654/1285/1577 1653/1284/1577 1579/1224/1577
f 1581/1226/1578 1655/1286/1578 1654/1285/1578 1580/1225/1578
f 1582/1227/1579 1656/1287/1579 1655/1286/1579 1581/1226/1579
f 1583/1228/1580 1657/1288/1580 1656/1287/1580 1582/1227/1580
f 1584/1229/1581 1658/1289/1581 1657/1288/1581 1583/1228/1581
f 1585/1230/1582 1659/1290/1582 1658/1289/1582 1584/1229/1582
f 1586/1231/1583 1660/1291/1583 1659/1290/1583 1585/1230/1583
f 1587/1232/1584 1661/1292/1584 1660/1291/1584 1586/1231/1584
f 1588/1233/1585 1662/1293/1585 1661/1292/1585 1587/1232/1585
f 1589/1234/1586 1663/1294/1586 1662/1293/1586 1588/1233/1586
f 1590/1235/1587 1664/1295/1587 1663/1294/1587 1589/1234/1587
f 1591/1236/1588 1665/1296/1588 1664/1295/1588 1590/1235/1588
f 1592/1237/1589 1666/1297/1589 1665/1296/1589 1591/1236/1589
f 1593/1238/1590 1667/1298/1590 1666/1297/1590 1592/1237/1590
f 1594/1239/1591 1668/1299/1591 1667/1298/1591 1593/1238/1591
f 1595/1238/1592 1669/1298/1592 1668/1299/1592 1594/1239/1592
f 1596/1237/1593 1670/1297/1593 1669/1298/1593 1595/1238/1593
f 1597/1236/1594 1671/1300/1594 1670/1297/1594 1596/1237/1594
f 1598/1235/1595 1672/1295/1595 1671/1300/1595 1597/1236/1595
f 1599/1234/1596 1673/1301/1596 1672/1295/1596 1598/1235/1596
f 1600/1240/1597 1674/1293/1597 1673/1301/1597 1599/1234/1597
f 1601/1241/1598 1675/1302/1598 1674/1293/1598 1600/1240/1598
f 1602/1242/1599 1676/1303/1599 1675/1302/1599 1601/1241/1599
f 1603/1230/1600 1677/1304/1600 1676/1303/1600 1602/1242/1600
f 1604/1243/1601 1678/1305/1601 1677/1304/1601 1603/1230/1601
f 1605/1244/1602 1679/1306/1602 1678/1305/1602 1604/1243/1602
f 1606/1245/1603 1680/1307/1603 1679/1306/1603 1605/1244/1603
f 1607/1246/1604 1681/1308/1604 1680/1307/1604 1606/1245/1604
f 1608/1247/1605 1682/1309/1605 1681/1308/1605 1607/1246/1605
f 1609/1248/1606 1683/1310/1606 1682/1309/1606 1608/1247/1606
f 1610/1249/1607 1684/1311/1607 1683/1310/1607 1609/1248/1607
f 1611/1250/1608 1685/1312/1608 1684/1311/1608 1610/1249/1608
f 1612/1251/1609 1686/1313/1609 1685/1312/1609 1611/1250/1609
f 1613/1252/1610 1687/1314/1610 1686/1313/1610 1612/1251/1610
f 1614/1253/1611 1688/1315/1611 1687/1314/1611 1613/1252/1611
f 1615/1254/1612 1689/1316/1612 1688/1315/1612 1614/1253/1612
f 1616/1255/1613 1690/1317/1613 1689/1316/1613 1615/1254/1613
f 1617/1256/1614 1691/1318/1614 1690/1317/1614 1616/1255/1614
f 1618/1257/1615 1692/1319/1615 1691/1318/1615 1617/1256/1615
f 1619/1258/1616 1693/1320/1616 1692/1319/1616 1618/1257/1616
f 1620/1213/1617 1694/1321/1617 1693/1320/1617 1619/1258/1617
f 1621/1259/1618 1695/1322/1618 1694/1321/1618 1620/1213/1618
f 1622/1211/1619 1696/1323/1619 1695/1322/1619 1621/1259/1619
f 1623/1210/1620 1697/1324/1620 1696/1323/1620 1622/1211/1620
f 1624/1260/1621 1698/1325/1621 1697/1324/1621 1623/1210/1621
f 1625/1261/1622 1699/1268/1622 1698/1325/1622 1624/1260/1622
f 1626/1207/1623 1700/1326/1623 1699/1268/1623 1625/1261/1623
f 1627/1206/1624 1701/1327/1624 1700/1326/1624 1626/1207/1624
f 1628/1205/1625 1702/1328/1625 1701/1327/1625 1627/1206/1625
f 1629/1204/1626 1703/1264/1626 1702/1328/1626 1628/1205/1626
f 1630/1202/1627 1704/1262/1627 1703/1264/1627 1629/1204/1627
f 1557/1203/1628 1631/1263/1628 1704/1262/1628 1630/1202/1628
f 1632/1262/1629 1706/1329/1629 1705/1330/1629 1631/1263/1629
f 1633/1264/1630 1707/1331/1630 1706/1329/1630 1632/1262/1630
f 1634/1265/1631 1708/1332/1631 1707/1331/1631 1633/1264/1631
f 1635/1266/1632 1709/1333/1632 1708/1332/1632 1634/1265/1632
f 1636/1267/1633 1710/1334/1633 1709/1333/1633 1635/1266/1633
f 1637/1268/1634 1711/1335/1634 1710/1334/1634 1636/1267/1634
f 1638/1269/1635 1712/1336/1635 1711/1335/1635 1637/1268/1635
f 1639/1270/1636 1713/1337/1636 1712/1336/1636 1638/1269/1636
f 1640/1271/1637 1714/1338/1637 1713/1337/1637 1639/1270/1637
f 1641/1272/1638 1715/1339/1638 1714/1338/1638 1640/1271/1638
f 1642/1273/1639 1716/1340/1639 1715/1339/1639 1641/1272/1639
f 1643/1274/1640 1717/1341/1640 1716/1340/1640 1642/1273/1640
f 1644/1275/1641 1718/1342/1641 1717/1341/1641 1643/1274/1641
f 1645/1276/1642 1719/1343/1642 1718/1342/1642 1644/1275/1642
f 1646/1277/1643 1720/1344/1643 1719/1343/1643 1645/1276/1643
f 1647/1278/1644 1721/1345/1644 1720/1344/1644 1646/1277/1644
f 1648/1279/1645 1722/1346/1645 1721/1345/1645 1647/1278/1645
f 1649/1280/1646 1723/1347/1646 1722/1346/1646 1648/1279/1646
f 1650/1281/1647 1724/1348/1647 1723/1347/1647 1649/1280/1647
f 1651/1282/1648 1725/1349/1648 1724/1348/1648 1650/1281/1648
f 1652/1283/1649 1726/1350/1649 1725/1349/1649 1651/1282/1649
f 1653/1284/1650 1727/1351/1650 1726/1350/1650 1652/1283/1650
f 1654/1285/1651 1728/1352/1651 1727/1351/1651 1653/1284/1651
f 1655/1286/1652 1729/1353/1652 1728/1352/1652 1654/1285/1652
f 1656/1287/1653 1730/1354/1653 1729/1353/1653 1655/1286/1653
f 1657/1288/1654 1731/1355/1654 1730/1354/1654 1656/1287/1654
f 1658/1289/1655 1732/1356/1655 1731/1355/1655 1657/1288/1655
f 1659/1290/1656 1733/1357/1656 1732/1356/1656 1658/1289/1656
f 1660/1291/1657 1734/1358/1657 1733/1357/1657 1659/1290/1657
f 1661/1292/1658 1735/1359/1658 1734/1358/1658 1660/1291/1658
f 1662/1293/1659 1736/1360/1659 1735/1359/1659 1661/1292/1659
f 1663/1294/1660 1737/1361/1660 1736/1360/1660 1662/1293/1660
f 1664/1295/1661 1738/1362/1661 1737/1361/1661 1663/1294/1661
f 1665/1296/1662 1739/1363/1662 1738/1362/1662 1664/1295/1662
f 1666/1297/1663 1740/1364/1663 1739/1363/1663 1665/1296/1663
f 1667/1298/1664 1741/1365/1664 1740/1364/1664 1666/1297/1664
f 1668/1299/1665 1742/1366/1665 1741/1365/1665 1667/1298/1665
f 1669/1298/1666 1743/1365/1666 1742/1366/1666 1668/1299/1666
f 1670/1297/1667 1744/1364/1667 1743/1365/1667 1669/1298/1667
f 1671/1300/1668 1745/1363/1668 1744/1364/1668 1670/1297/1668
f 1672/1295/1669 1746/1362/1669 1745/1363/1669 1671/1300/1669
f 1673/1301/1670 1747/1367/1670 1746/1362/1670 1672/1295/1670
f 1674/1293/1671 1748/1368/1671 1747/1367/1671 1673/1301/1671
f 1675/1302/1672 1749/1369/1672 1748/1368/1672 1674/1293/1672
f 1676/1303/1673 1750/1370/1673 1749/1369/1673 1675/1302/1673
f 1677/1304/1674 1751/1371/1674 1750/1370/1674 1676/1303/1674
f 1678/1305/1675 1752/1372/1675 1751/1371/1675 1677/1304/1675
f 1679/1306/1676 1753/1373/1676 1752/1372/1676 1678/1305/1676
f 1680/1307/1677 1754/1354/1677 1753/1373/1677 1679/1306/1677
f 1681/1308/1678 1755/1353/1678 1754/1354/1678 1680/1307/1678
f 1682/1309/1679 1756/1352/1679 1755/1353/1679 1681/1308/1679
f 1683/1310/1680 1757/1351/1680 1756/1352/1680 1682/1309/1680
f 1684/1311/1681 1758/1374/1681 1757/1351/1681 1683/1310/1681
f 1685/1312/1682 1759/1375/1682 1758/1374/1682 1684/1311/1682
f 1686/1313/1683 1760/1376/1683 1759/1375/1683 1685/1312/1683
f 1687/1314/1684 1761/1377/1684 1760/1376/1684 1686/1313/1684
f 1688/1315/1685 1762/1378/1685 1761/1377/1685 1687/1314/1685
f 1689/1316/1686 1763/1345/1686 1762/1378/1686 1688/1315/1686
f 1690/1317/1687 1764/1344/1687 1763/1345/1687 1689/1316/1687
f 1691/1318/1688 1765/1343/1688 1764/1344/1688 1690/1317/1688
f 1692/1319/1689 1766/1342/1689 1765/1343/1689 1691/1318/1689
f 1693/1320/1690 1767/1341/1690 1766/1342/1690 1692/1319/1690
f 1694/1321/1691 1768/1379/1691 1767/1341/1691 1693/1320/1691
f 1695/1322/1692 1769/1380/1692 1768/1379/1692 1694/1321/1692
f 1696/1323/1693 1770/1381/1693 1769/1380/1693 1695/1322/1693
f 1697/1324/1694 1771/1382/1694 1770/1381/1694 1696/1323/1694
f 1698/1325/1695 1772/1336/1695 1771/1382/1695 1697/1324/1695
f 1699/1268/1696 1773/1383/1696 1772/1336/1696 1698/1325/1696
f 1700/1326/1697 1774/1384/1697 1773/1383/1697 1699/1268/1697
f 1701/1327/1698 1775/1385/1698 1774/1384/1698 1700/1326/1698
f 1702/1328/1699 1776/1332/1699 1775/1385/1699 1701/1327/1699
f 1703/1264/1700 1777/1331/1700 1776/1332/1700 1702/1328/1700
f 1704/1262/1701 1778/1329/1701 1777/1331/1701 1703/1264/1701
f 1631/1263/1702 1705/1330/1702 1778/1329/1702 1704/1262/1702
f 1706/1329/1703 1780/1386/1703 1779/1387/1703 1705/1330/1703
f 1707/1331/1704 1781/1388/1704 1780/1386/1704 1706/1329/1704
f 1708/1332/1705 1782/1389/1705 1781/1388/1705 1707/1331/1705
f 1709/1333/1706 1783/1390/1706 1782/1389/1706 1708/1332/1706
f 1710/1334/1707 1784/1391/1707 1783/1390/1707 1709/1333/1707
f 1711/1335/1708 1785/1392/1708 1784/1391/1708 1710/1334/1708
f 1712/1336/1709 1786/1393/1709 1785/1392/1709 1711/1335/1709
f 1713/1337/1710 1787/1394/1710 1786/1393/1710 1712/1336/1710
f 1714/1338/1711 1788/1395/1711 1787/1394/1711 1713/1337/1711
f 1715/1339/1712 1789/1396/1712 1788/1395/1712 1714/1338/1712
f 1716/1340/1713 1790/1397/1713 1789/1396/1713 1715/1339/1713
f 1717/1341/1714 1791/1398/1714 1790/1397/1714 1716/1340/1714
f 1718/1342/1715 1792/1399/1715 1791/1398/1715 1717/1341/1715
f 1719/1343/1716 1793/1400/1716 1792/1399/1716 1718/1342/1716
f 1720/1344/1717 1794/1401/1717 1793/1400/1717 1719/1343/1717
f 1721/1345/1718 1795/1402/1718 1794/1401/1718 1720/1344/1718
f 1722/1346/1719 1796/1403/1719 1795/1402/1719 1721/1345/1719
f 1723/1347/1720 1797/1404/1720 1796/1403/1720 1722/1346/1720
f 1724/1348/1721 1798/1405/1721 1797/1404/1721 1723/1347/1721
f 1725/1349/1722 1799/1406/1722 1798/1405/1722 1724/1348/1722
f 1726/1350/1723 1800/1407/1723 1799/1406/1723 1725/1349/1723
f 1727/1351/1724 1801/1408/1724 1800/1407/1724 1726/1350/1724
f 1728/1352/1725 1802/1409/1725 1801/1408/1725 1727/1351/1725
f 1729/1353/1726 1803/1410/1726 1802/1409/1726 1728/1352/1726
f 1730/1354/1727 1804/1411/1727 1803/1410/1727 1729/1353/1727
f 1731/1355/1728 1805/1412/1728 1804/1411/1728 1730/1354/1728
f 1732/1356/1729 1806/1413/1729 1805/1412/1729 1731/1355/1729
f 1733/1357/1730 1807/1414/1730 1806/1413/1730 1732/1356/1730
f 1734/1358/1731 1808/1415/1731 1807/1414/1731 1733/1357/1731
f 1735/1359/1732 1809/1416/1732 1808/1415/1732 1734/1358/1732
f 1736/1360/1733 1810/1417/1733 1809/1416/1733 1735/1359/1733
f 1737/1361/1734 1811/1418/1734 1810/1417/1734 1736/1360/1734
f 1738/1362/1735 1812/1419/1735 1811/1418/1735 1737/1361/1735
f 1739/1363/1736 1813/1420/1736 1812/1419/1736 1738/1362/1736
f 1740/1364/1737 1814/1421/1737 1813/1420/1737 1739/1363/1737
f 1741/1365/1738 1815/1422/1738 1814/1421/1738 1740/1364/1738
f 1742/1366/1739 1816/1423/1739 1815/1422/1739 1741/1365/1739
f 1743/1365/1740 1817/1422/1740 1816/1423/1740 1742/1366/1740
f 1744/1364/1741 1818/1421/1741 1817/1422/1741 1743/1365/1741
f 1745/1363/1742 1819/1420/1742 1818/1421/1742 1744/1364/1742
f 1746/1362/1743 1820/1419/1743 1819/1420/1743 1745/1363/1743
f 1747/1367/1744 1821/1418/1744 1820/1419/1744 1746/1362/1744
f 1748/1368/1745 1822/1417/1745 1821/1418/1745 1747/1367/1745
f 1749/1369/1746 1823/1416/1746 1822/1417/1746 1748/1368/1746
f 1750/1370/1747 1824/1415/1747 1823/1416/1747 1749/1369/1747
f 1751/1371/1748 1825/1424/1748 1824/1415/1748 1750/1370/1748
f 1752/1372/1749 1826/1425/1749 1825/1424/1749 1751/1371/1749
f 1753/1373/1750 1827/1426/1750 1826/1425/1750 1752/1372/1750
f 1754/1354/1751 1828/1411/1751 1827/1426/1751 1753/1373/1751
f 1755/1353/1752 1829/1427/1752 1828/1411/1752 1754/1354/1752
f 1756/1352/1753 1830/1409/1753 1829/1427/1753 1755/1353/1753
f 1757/1351/1754 1831/1428/1754 1830/1409/1754 1756/1352/1754
f 1758/1374/1755 1832/1429/1755 1831/1428/1755 1757/1351/1755
f 1759/1375/1756 1833/1406/1756 1832/1429/1756 1758/1374/1756
f 1760/1376/1757 1834/1405/1757 1833/1406/1757 1759/1375/1757
f 1761/1377/1758 1835/1404/1758 1834/1405/1758 1760/1376/1758
f 1762/1378/1759 1836/1403/1759 1835/1404/1759 1761/1377/1759
f 1763/1345/1760 1837/1430/1760 1836/1403/1760 1762/1378/1760
f 1764/1344/1761 1838/1431/1761 1837/1430/1761 1763/1345/1761
f 1765/1343/1762 1839/1400/1762 1838/1431/1762 1764/1344/1762
f 1766/1342/1763 1840/1399/1763 1839/1400/1763 1765/1343/1763
f 1767/1341/1764 1841/1398/1764 1840/1399/1764 1766/1342/1764
f 1768/1379/1765 1842/1432/1765 1841/1398/1765 1767/1341/1765
f 1769/1380/1766 1843/1396/1766 1842/1432/1766 1768/1379/1766
f 1770/1381/1767 1844/1395/1767 1843/1396/1767 1769/1380/1767
f 1771/1382/1768 1845/1433/1768 1844/1395/1768 1770/1381/1768
f 1772/1336/1769 1846/1393/1769 1845/1433/1769 1771/1382/1769
f 1773/1383/1770 1847/1392/1770 1846/1393/1770 1772/1336/1770
f 1774/1384/1771 1848/1391/1771 1847/1392/1771 1773/1383/1771
f 1775/1385/1772 1849/1390/1772 1848/1391/1772 1774/1384/1772
f 1776/1332/1773 1850/1434/1773 1849/1390/1773 1775/1385/1773
f 1777/1331/1774 1851/1435/1774 1850/1434/1774 1776/1332/1774
f 1778/1329/1775 1852/1386/1775 1851/1435/1775 1777/1331/1775
f 1705/1330/1776 1779/1387/1776 1852/1386/1776 1778/1329/1776
f 1780/1386/1777 1854/1436/1777 1853/1437/1777 1779/1387/1777
f 1781/1388/1778 1855/1438/1778 1854/1436/1778 1780/1386/1778
f 1782/1389/1779 1856/1439/1779 1855/1438/1779 1781/1388/1779
f 1783/1390/1780 1857/1440/1780 1856/1439/1780 1782/1389/1780
f 1784/1391/1781 1858/1441/1781 1857/1440/1781 1783/1390/1781
f 1785/1392/1782 1859/1442/1782 1858/1441/1782 1784/1391/1782
f 1786/1393/1783 1860/1443/1783 1859/1442/1783 1785/1392/1783
f 1787/1394/1784 1861/1444/1784 1860/1443/1784 1786/1393/1784
f 1788/1395/1785 1862/1445/1785 1861/1444/1785 1787/1394/1785
f 1789/1396/1786 1863/1446/1786 1862/1445/1786 1788/1395/1786
f 1790/1397/1787 1864/1447/1787 1863/1446/1787 1789/1396/1787
f 1791/1398/1788 1865/1448/1788 1864/1447/1788 1790/1397/1788
f 1792/1399/1789 1866/1449/1789 1865/1448/1789 1791/1398/1789
f 1793/1400/1790 1867/1450/1790 1866/1449/1790 1792/1399/1790
f 1794/1401/1791 1868/1451/1791 1867/1450/1791 1793/1400/1791
f 1795/1402/1792 1869/1452/1792 1868/1451/1792 1794/1401/1792
f 1796/1403/1793 1870/1453/1793 1869/1452/1793 1795/1402/1793
f 1797/1404/1794 1871/1454/1794 1870/1453/1794 1796/1403/1794
f 1798/1405/1795 1872/1455/1795 1871/1454/1795 1797/1404/1795
f 1799/1406/1796 1873/1456/1796 1872/1455/1796 1798/1405/1796
f 1800/1407/1797 1874/1457/1797 1873/1456/1797 1799/1406/1797
f 1801/1408/1798 1875/1458/1798 1874/1457/1798 1800/1407/1798
f 1802/1409/1799 1876/1459/1799 1875/1458/1799 1801/1408/1799
f 1803/1410/1800 1877/1460/1800 1876/1459/1800 1802/1409/1800
f 1804/1411/1801 1878/1461/1801 1877/1460/1801 1803/1410/1801
f 1805/1412/1802 1879/1462/1802 1878/1461/1802 1804/1411/1802
f 1806/1413/1803 1880/1463/1803 1879/1462/1803 1805/1412/1803
f 1807/1414/1804 1881/1464/1804 1880/1463/1804 1806/1413/1804
f 1808/1415/1805 1882/1465/1805 1881/1464/1805 1807/1414/1805
f 1809/1416/1806 1883/1466/1806 1882/1465/1806 1808/1415/1806
f 1810/1417/1807 1884/1467/1807 1883/1466/1807 1809/1416/1807
f 1811/1418/1808 1885/1468/1808 1884/1467/1808 1810/1417/1808
f 1812/1419/1809 1886/1469/1809 1885/1468/1809 1811/1418/1809
f 1813/1420/1810 1887/1470/1810 1886/1469/1810 1812/1419/1810
f 1814/1421/1811 1888/1471/1811 1887/1470/1811 1813/1420/1811
f 1815/1422/1812 1889/1472/1812 1888/1471/1812 1814/1421/1812
f 1816/1423/1813 1890/1473/1813 1889/1472/1813 1815/1422/1813
f 1817/1422/1814 1891/1472/1814 1890/1473/1814 1816/1423/1814
f 1818/1421/1815 1892/1474/1815 1891/1472/1815 1817/1422/1815
f 1819/1420/1816 1893/1475/1816 1892/1474/1816 1818/1421/1816
f 1820/1419/1817 1894/1469/1817 1893/1475/1817 1819/1420/1817
f 1821/1418/1818 1895/1468/1818 1894/1469/1818 1820/1419/1818
f 1822/1417/1819 1896/1467/1819 1895/1468/1819 1821/1418/1819
f 1823/1416/1820 1897/1466/1820 1896/1467/1820 1822/1417/1820
f 1824/1415/1821 1898/1465/1821 1897/1466/1821 1823/1416/1821
f 1825/1424/1822 1899/1464/1822 1898/1465/1822 1824/1415/1822
f 1826/1425/1823 1900/1463/1823 1899/1464/1823 1825/1424/1823
f 1827/1426/1824 1901/1462/1824 1900/1463/1824 1826/1425/1824
f 1828/1411/1825 1902/1461/1825 1901/1462/1825 1827/1426/1825
f 1829/1427/1826 1903/1460/1826 1902/1461/1826 1828/1411/1826
f 1830/1409/1827 1904/1459/1827 1903/1460/1827 1829/1427/1827
f 1831/1428/1828 1905/1458/1828 1904/1459/1828 1830/1409/1828
f 1832/1429/1829 1906/1476/1829 1905/1458/1829 1831/1428/1829
f 1833/1406/1830 1907/1477/1830 1906/1476/1830 1832/1429/1830
f 1834/1405/1831 1908/1478/1831 1907/1477/1831 1833/1406/1831
f 1835/1404/1832 1909/1454/1832 1908/1478/1832 1834/1405/1832
f 1836/1403/1833 1910/1453/1833 1909/1454/1833 1835/1404/1833
f 1837/1430/1834 1911/1479/1834 1910/1453/1834 1836/1403/1834
f 1838/1431/1835 1912/1451/1835 1911/1479/1835 1837/1430/1835
f 1839/1400/1836 1913/1450/1836 1912/1451/1836 1838/1431/1836
f 1840/1399/1837 1914/1449/1837 1913/1450/1837 1839/1400/1837
f 1841/1398/1838 1915/1448/1838 1914/1449/1838 1840/1399/1838
f 1842/1432/1839 1916/1480/1839 1915/1448/1839 1841/1398/1839
f 1843/1396/1840 1917/1481/1840 1916/1480/1840 1842/1432/1840
f 1844/1395/1841 1918/1445/1841 1917/1481/1841 1843/1396/1841
f 1845/1433/1842 1919/1444/1842 1918/1445/1842 1844/1395/1842
f 1846/1393/1843 1920/1443/1843 1919/1444/1843 1845/1433/1843
f 1847/1392/1844 1921/1442/1844 1920/1443/1844 1846/1393/1844
f 1848/1391/1845 1922/1441/1845 1921/1442/1845 1847/1392/1845
f 1849/1390/1846 1923/1440/1846 1922/1441/1846 1848/1391/1846
f 1850/1434/1847 1924/1482/1847 1923/1440/1847 1849/1390/1847
f 1851/1435/1848 1925/1483/1848 1924/1482/1848 1850/1434/1848
f 1852/1386/1849 1926/1436/1849 1925/1483/1849 1851/1435/1849
f 1779/1387/1850 1853/1437/1850 1926/1436/1850 1852/1386/1850
f 1854/1436/1851 1928/1484/1851 1927/1485/1851 1853/1437/1851
f 1855/1438/1852 1929/1486/1852 1928/1484/1852 1854/1436/1852
f 1856/1439/1853 1930/1487/1853 1929/1486/1853 1855/1438/1853
f 1857/1440/1854 1931/1488/1854 1930/1487/1854 1856/1439/1854
f 1858/1441/1855 1932/1489/1855 1931/1488/1855 1857/1440/1855
f 1859/1442/1856 1933/1490/1856 1932/1489/1856 1858/1441/1856
f 1860/1443/1857 1934/1491/1857 1933/1490/1857 1859/1442/1857
f 1861/1444/1858 1935/1492/1858 1934/1491/1858 1860/1443/1858
f 1862/1445/1859 1936/1493/1859 1935/1492/1859 1861/1444/1859
f 1863/1446/1860 1937/1494/1860 1936/1493/1860 1862/1445/1860
f 1864/1447/1861 1938/1495/1861 1937/1494/1861 1863/1446/1861
f 1865/1448/1862 1939/1496/1862 1938/1495/1862 1864/1447/1862
f 1866/1449/1863 1940/1497/1863 1939/1496/1863 1865/1448/1863
f 1867/1450/1864 1941/1498/1864 1940/1497/1864 1866/1449/1864
f 1868/1451/1865 1942/1499/1865 1941/1498/1865 1867/1450/1865
f 1869/1452/1866 1943/1500/1866 1942/1499/1866 1868/1451/1866
f 1870/1453/1867 1944/1501/1867 1943/1500/1867 1869/1452/1867
f 1871/1454/1868 1945/1502/1868 1944/1501/1868 1870/1453/1868
f 1872/1455/1869 1946/1503/1869 1945/1502/1869 1871/1454/1869
f 1873/1456/1870 1947/1504/1870 1946/1503/1870 1872/1455/1870
f 1874/1457/1871 1948/1505/1871 1947/1504/1871 1873/1456/1871
f 1875/1458/1872 1949/1506/1872 1948/1505/1872 1874/1457/1872
f 1876/1459/1873 1950/1507/1873 1949/1506/1873 1875/1458/1873
f 1877/1460/1874 1951/1508/1874 1950/1507/1874 1876/1459/1874
f 1878/1461/1875 1952/1509/1875 1951/1508/1875 1877/1460/1875
f 1879/1462/1876 1953/1510/1876 1952/1509/1876 1878/1461/1876
f 1880/1463/1877 1954/1511/1877 1953/1510/1877 1879/1462/1877
f 1881/1464/1878 1955/1512/1878 1954/1511/1878 1880/1463/1878
f 1882/1465/1879 1956/1513/1879 1955/1512/1879 1881/1464/1879
f 1883/1466/1880 1957/1514/1880 1956/1513/1880 1882/1465/1880
f 1884/1467/1881 1958/1515/1881 1957/1514/1881 1883/1466/1881
f 1885/1468/1882 1959/1516/1882 1958/1515/1882 1884/1467/1882
f 1886/1469/1883 1960/1517/1883 1959/1516/1883 1885/1468/1883
f 1887/1470/1884 1961/1518/1884 1960/1517/1884 1886/1469/1884
f 1888/1471/1885 1962/1519/1885 1961/1518/1885 1887/1470/1885
f 1889/1472/1886 1963/1520/1886 1962/1519/1886 1888/1471/1886
f 1890/1473/1887 1964/1521/1887 1963/1520/1887 1889/1472/1887
f 1891/1472/1888 1965/1520/1888 1964/1521/1888 1890/1473/1888
f 1892/1474/1889 1966/1519/1889 1965/1520/1889 1891/1472/1889
f 1893/1475/1890 1967/1518/1890 1966/1519/1890 1892/1474/1890
f 1894/1469/1891 1968/1517/1891 1967/1518/1891 1893/1475/1891
f 1895/1468/1892 1969/1522/1892 1968/1517/1892 1894/1469/1892
f 1896/1467/1893 1970/1515/1893 1969/1522/1893 1895/1468/1893
f 1897/1466/1894 1971/1523/1894 1970/1515/1894 1896/1467/1894
f 1898/1465/1895 1972/1513/1895 1971/1523/1895 1897/1466/1895
f 1899/1464/1896 1973/1512/1896 1972/1513/1896 1898/1465/1896
f 1900/1463/1897 1974/1511/1897 1973/1512/1897 1899/1464/1897
f 1901/1462/1898 1975/1524/1898 1974/1511/1898 1900/1463/1898
f 1902/1461/1899 1976/1509/1899 1975/1524/1899 1901/1462/1899
f 1903/1460/1900 1977/1525/1900 1976/1509/1900 1902/1461/1900
f 1904/1459/1901 1978/1526/1901 1977/1525/1901 1903/1460/1901
f 1905/1458/1902 1979/1506/1902 1978/1526/1902 1904/1459/1902
f 1906/1476/1903 1980/1527/1903 1979/1506/1903 1905/1458/1903
f 1907/1477/1904 1981/1528/1904 1980/1527/1904 1906/1476/1904
f 1908/1478/1905 1982/1503/1905 1981/1528/1905 1907/1477/1905
f 1909/1454/1906 1983/1502/1906 1982/1503/1906 1908/1478/1906
f 1910/1453/1907 1984/1529/1907 1983/1502/1907 1909/1454/1907
f 1911/1479/1908 1985/1530/1908 1984/1529/1908 1910/1453/1908
f 1912/1451/1909 1986/1531/1909 1985/1530/1909 1911/1479/1909
f 1913/1450/1910 1987/1498/1910 1986/1531/1910 1912/1451/1910
f 1914/1449/1911 1988/1532/1911 1987/1498/1911 1913/1450/1911
f 1915/1448/1912 1989/1533/1912 1988/1532/1912 1914/1449/1912
f 1916/1480/1913 1990/1534/1913 1989/1533/1913 1915/1448/1913
f 1917/1481/1914 1991/1535/1914 1990/1534/1914 1916/1480/1914
f 1918/1445/1915 1992/1493/1915 1991/1535/1915 1917/1481/1915
f 1919/1444/1916 1993/1536/1916 1992/1493/1916 1918/1445/1916
f 1920/1443/1917 1994/1537/1917 1993/1536/1917 1919/1444/1917
f 1921/1442/1918 1995/1490/1918 1994/1537/1918 1920/1443/1918
f 1922/1441/1919 1996/1538/1919 1995/1490/1919 1921/1442/1919
f 1923/1440/1920 1997/1488/1920 1996/1538/1920 1922/1441/1920
f 1924/1482/1921 1998/1487/1921 1997/1488/1921 1923/1440/1921
f 1925/1483/1922 1999/1486/1922 1998/1487/1922 1924/1482/1922
f 1926/1436/1923 2000/1484/1923 1999/1486/1923 1925/1483/1923
f 1853/1437/1924 1927/1485/1924 2000/1484/1924 1926/1436/1924
f 1928/1484/1925 2002/1539/1925 2001/1540/1925 1927/1485/1925
f 1929/1486/1926 2003/1541/1926 2002/1539/1926 1928/1484/1926
f 1930/1487/1927 2004/1542/1927 2003/1541/1927 1929/1486/1927
f 1931/1488/1928 2005/1543/1928 2004/1542/1928 1930/1487/1928
f 1932/1489/1929 2006/1544/1929 2005/1543/1929 1931/1488/1929
f 1933/1490/1930 2007/1545/1930 2006/1544/1930 1932/1489/1930
f 1934/1491/1931 2008/1546/1931 2007/1545/1931 1933/1490/1931
f 1935/1492/1932 2009/1547/1932 2008/1546/1932 1934/1491/1932
f 1936/1493/1933 2010/1548/1933 2009/1547/1933 1935/1492/1933
f 1937/1494/1934 2011/1549/1934 2010/1548/1934 1936/1493/1934
f 1938/1495/1935 2012/1550/1935 2011/1549/1935 1937/1494/1935
f 1939/1496/1936 2013/1551/1936 2012/1550/1936 1938/1495/1936
f 1940/1497/1937 2014/1552/1937 2013/1551/1937 1939/1496/1937
f 1941/1498/1938 2015/1553/1938 2014/1552/1938 1940/1497/1938
f 1942/1499/1939 2016/1554/1939 2015/1553/1939 1941/1498/1939
f 1943/1500/1940 2017/1555/1940 2016/1554/1940 1942/1499/1940
f 1944/1501/1941 2018/1556/1941 2017/1555/1941 1943/1500/1941
f 1945/1502/1942 2019/1557/1942 2018/1556/1942 1944/1501/1942
f 1946/1503/1943 2020/1558/1943 2019/1557/1943 1945/1502/1943
f 1947/1504/1944 2021/1559/1944 2020/1558/1944 1946/1503/1944
f 1948/1505/1945 2022/1560/1945 2021/1559/1945 1947/1504/1945
f 1949/1506/1946 2023/1561/1946 2022/1560/1946 1948/1505/1946
f 1950/1507/1947 2024/1562/1947 2023/1561/1947 1949/1506/1947
f 1951/1508/1948 2025/1563/1948 2024/1562/1948 1950/1507/1948
f 1952/1509/1949 2026/1564/1949 2025/1563/1949 1951/1508/1949
f 1953/1510/1950 2027/1565/1950 2026/1564/1950 1952/1509/1950
f 1954/1511/1951 2028/1566/1951 2027/1565/1951 1953/1510/1951
f 1955/1512/1952 2029/1567/1952 2028/1566/1952 1954/1511/1952
f 1956/1513/1953 2030/1568/1953 2029/1567/1953 1955/1512/1953
f 1957/1514/1954 2031/1569/1954 2030/1568/1954 1956/1513/1954
f 1958/1515/1955 2032/1570/1955 2031/1569/1955 1957/1514/1955
f 1959/1516/1956 2033/1571/1956 2032/1570/1956 1958/1515/1956
f 1960/1517/1957 2034/1572/1957 2033/1571/1957 1959/1516/1957
f 1961/1518/1958 2035/1573/1958 2034/1572/1958 1960/1517/1958
f 1962/1519/1959 2036/1574/1959 2035/1573/1959 1961/1518/1959
f 1963/1520/1960 2037/1575/1960 2036/1574/1960 1962/1519/1960
f 1964/1521/1961 2038/1576/1961 2037/1575/1961 1963/1520/1961
f 1965/1520/1962 2039/1575/1962 2038/1576/1962 1964/1521/1962
f 1966/1519/1963 2040/1574/1963 2039/1575/1963 1965/1520/1963
f 1967/1518/1964 2041/1573/1964 2040/1574/1964 1966/1519/1964
f 1968/1517/1965 2042/1577/1965 2041/1573/1965 1967/1518/1965
f 1969/1522/1966 2043/1571/1966 2042/1577/1966 1968/1517/1966
f 1970/1515/1967 2044/1570/1967 2043/1571/1967 1969/1522/1967
f 1971/1523/1968 2045/1578/1968 2044/1570/1968 1970/1515/1968
f 1972/1513/1969 2046/1568/1969 2045/1578/1969 1971/1523/1969
f 1973/1512/1970 2047/1567/1970 2046/1568/1970 1972/1513/1970
f 1974/1511/1971 2048/1579/1971 2047/1567/1971 1973/1512/1971
f 1975/1524/1972 2049/1580/1972 2048/1579/1972 1974/1511/1972
f 1976/1509/1973 2050/1581/1973 2049/1580/1973 1975/1524/1973
f 1977/1525/1974 2051/1582/1974 2050/1581/1974 1976/1509/1974
f 1978/1526/1975 2052/1583/1975 2051/1582/1975 1977/1525/1975
f 1979/1506/1976 2053/1584/1976 2052/1583/1976 1978/1526/1976
f 1980/1527/1977 2054/1585/1977 2053/1584/1977 1979/1506/1977
f 1981/1528/1978 2055/1586/1978 2054/1585/1978 1980/1527/1978
f 1982/1503/1979 2056/1587/1979 2055/1586/1979 1981/1528/1979
f 1983/1502/1980 2057/1588/1980 2056/1587/1980 1982/1503/1980
f 1984/1529/1981 2058/1556/1981 2057/1588/1981 1983/1502/1981
f 1985/1530/1982 2059/1589/1982 2058/1556/1982 1984/1529/1982
f 1986/1531/1983 2060/1590/1983 2059/1589/1983 1985/1530/1983
f 1987/1498/1984 2061/1591/1984 2060/1590/1984 1986/1531/1984
f 1988/1532/1985 2062/1592/1985 2061/1591/1985 1987/1498/1985
f 1989/1533/1986 2063/1593/1986 2062/1592/1986 1988/1532/1986
f 1990/1534/1987 2064/1594/1987 2063/1593/1987 1989/1533/1987
f 1991/1535/1988 2065/1595/1988 2064/1594/1988 1990/1534/1988
f 1992/1493/1989 2066/1596/1989 2065/1595/1989 1991/1535/1989
f 1993/1536/1990 2067/1597/1990 2066/1596/1990 1992/1493/1990
f 1994/1537/1991 2068/1598/1991 2067/1597/1991 1993/1536/1991
f 1995/1490/1992 2069/1545/1992 2068/1598/1992 1994/1537/1992
f 1996/1538/1993 2070/1544/1993 2069/1545/1993 1995/1490/1993
f 1997/1488/1994 2071/1599/1994 2070/1544/1994 1996/1538/1994
f 1998/1487/1995 2072/1542/1995 2071/1599/1995 1997/1488/1995
f 1999/1486/1996 2073/1541/1996 2072/1542/1996 1998/1487/1996
f 2000/1484/1997 2074/1539/1997 2073/1541/1997 1999/1486/1997
f 1927/1485/1998 2001/1540/1998 2074/1539/1998 2000/1484/1998
f 2002/1539/1999 2076/1600/1999 2075/1601/1999 2001/1540/1999
f 2003/1541/2000 2077/1602/2000 2076/1600/2000 2002/1539/2000
f 2004/1542/2001 2078/1603/2001 2077/1602/2001 2003/1541/2001
f 2005/1543/2002 2079/1604/2002 2078/1603/2002 2004/1542/2002
f 2006/1544/2003 2080/1605/2003 2079/1604/2003 2005/1543/2003
f 2007/1545/2004 2081/1606/2004 2080/1605/2004 2006/1544/2004
f 2008/1546/2005 2082/1607/2005 2081/1606/2005 2007/1545/2005
f 2009/1547/2006 2083/1608/2006 2082/1607/2006 2008/1546/2006
f 2010/1548/2007 2084/1609/2007 2083/1608/2007 2009/1547/2007
f 2011/1549/2008 2085/1610/2008 2084/1609/2008 2010/1548/2008
f 2012/1550/2009 2086/1611/2009 2085/1610/2009 2011/1549/2009
f 2013/1551/2010 2087/1612/2010 2086/1611/2010 2012/1550/2010
f 2014/1552/2011 2088/1613/2011 2087/1612/2011 2013/1551/2011
f 2015/1553/2012 2089/1614/2012 2088/1613/2012 2014/1552/2012
f 2016/1554/2013 2090/1615/2013 2089/1614/2013 2015/1553/2013
f 2017/1555/2014 2091/1616/2014 2090/1615/2014 2016/1554/2014
f 2018/1556/2015 2092/1617/2015 2091/1616/2015 2017/1555/2015
f 2019/1557/2016 2093/1618/2016 2092/1617/2016 2018/1556/2016
f 2020/1558/2017 2094/1619/2017 2093/1618/2017 2019/1557/2017
f 2021/1559/2018 2095/1620/2018 2094/1619/2018 2020/1558/2018
f 2022/1560/2019 2096/1621/2019 2095/1620/2019 2021/1559/2019
f 2023/1561/2020 2097/1622/2020 2096/1621/2020 2022/1560/2020
f 2024/1562/2021 2098/1623/2021 2097/1622/2021 2023/1561/2021
f 2025/1563/2022 2099/1624/2022 2098/1623/2022 2024/1562/2022
f 2026/1564/2023 2100/1625/2023 2099/1624/2023 2025/1563/2023
f 2027/1565/2024 2101/1626/2024 2100/1625/2024 2026/1564/2024
f 2028/1566/2025 2102/1627/2025 2101/1626/2025 2027/1565/2025
f 2029/1567/2026 2103/1628/2026 2102/1627/2026 2028/1566/2026
f 2030/1568/2027 2104/1629/2027 2103/1628/2027 2029/1567/2027
f 2031/1569/2028 2105/1630/2028 2104/1629/2028 2030/1568/2028
f 2032/1570/2029 2106/1631/2029 2105/1630/2029 2031/1569/2029
f 2033/1571/2030 2107/1632/2030 2106/1631/2030 2032/1570/2030
f 2034/1572/2031 2108/1633/2031 2107/1632/2031 2033/1571/2031
f 2035/1573/2032 2109/1634/2032 2108/1633/2032 2034/1572/2032
f 2036/1574/2033 2110/1635/2033 2109/1634/2033 2035/1573/2033
f 2037/1575/2034 2111/1636/2034 2110/1635/2034 2036/1574/2034
f 2038/1576/2035 2112/1637/2035 2111/1636/2035 2037/1575/2035
f 2039/1575/2036 2113/1638/2036 2112/1637/2036 2038/1576/2036
f 2040/1574/2037 2114/1639/2037 2113/1638/2037 2039/1575/2037
f 2041/1573/2038 2115/1634/2038 2114/1639/2038 2040/1574/2038
f 2042/1577/2039 2116/1633/2039 2115/1634/2039 2041/1573/2039
f 2043/1571/2040 2117/1632/2040 2116/1633/2040 2042/1577/2040
f 2044/1570/2041 2118/1640/2041 2117/1632/2041 2043/1571/2041
f 2045/1578/2042 2119/1630/2042 2118/1640/2042 2044/1570/2042
f 2046/1568/2043 2120/1629/2043 2119/1630/2043 2045/1578/2043
f 2047/1567/2044 2121/1628/2044 2120/1629/2044 2046/1568/2044
f 2048/1579/2045 2122/1627/2045 2121/1628/2045 2047/1567/2045
f 2049/1580/2046 2123/1641/2046 2122/1627/2046 2048/1579/2046
f 2050/1581/2047 2124/1625/2047 2123/1641/2047 2049/1580/2047
f 2051/1582/2048 2125/1642/2048 2124/1625/2048 2050/1581/2048
f 2052/1583/2049 2126/1623/2049 2125/1642/2049 2051/1582/2049
f 2053/1584/2050 2127/1643/2050 2126/1623/2050 2052/1583/2050
f 2054/1585/2051 2128/1644/2051 2127/1643/2051 2053/1584/2051
f 2055/1586/2052 2129/1620/2052 2128/1644/2052 2054/1585/2052
f 2056/1587/2053 2130/1645/2053 2129/1620/2053 2055/1586/2053
f 2057/1588/2054 2131/1646/2054 2130/1645/2054 2056/1587/2054
f 2058/1556/2055 2132/1617/2055 2131/1646/2055 2057/1588/2055
f 2059/1589/2056 2133/1616/2056 2132/1617/2056 2058/1556/2056
f 2060/1590/2057 2134/1647/2057 2133/1616/2057 2059/1589/2057
f 2061/1591/2058 2135/1614/2058 2134/1647/2058 2060/1590/2058
f 2062/1592/2059 2136/1648/2059 2135/1614/2059 2061/1591/2059
f 2063/1593/2060 2137/1612/2060 2136/1648/2060 2062/1592/2060
f 2064/1594/2061 2138/1611/2061 2137/1612/2061 2063/1593/2061
f 2065/1595/2062 2139/1649/2062 2138/1611/2062 2064/1594/2062
f 2066/1596/2063 2140/1609/2063 2139/1649/2063 2065/1595/2063
f 2067/1597/2064 2141/1608/2064 2140/1609/2064 2066/1596/2064
f 2068/1598/2065 2142/1650/2065 2141/1608/2065 2067/1597/2065
f 2069/1545/2066 2143/1651/2066 2142/1650/2066 2068/1598/2066
f 2070/1544/2067 2144/1605/2067 2143/1651/2067 2069/1545/2067
f 2071/1599/2068 2145/1604/2068 2144/1605/2068 2070/1544/2068
f 2072/1542/2069 2146/1603/2069 2145/1604/2069 2071/1599/2069
f 2073/1541/2070 2147/1602/2070 2146/1603/2070 2072/1542/2070
f 2074/1539/2071 2148/1600/2071 2147/1602/2071 2073/1541/2071
f 2001/1540/2072 2075/1601/2072 2148/1600/2072 2074/1539/2072
f 2076/1600/2073 2150/1652/2073 2149/1653/2073 2075/1601/2073
f 2077/1602/2074 2151/1654/2074 2150/1652/2074 2076/1600/2074
f 2078/1603/2075 2152/1655/2075 2151/1654/2075 2077/1602/2075
f 2079/1604/2076 2153/1656/2076 2152/1655/2076 2078/1603/2076
f 2080/1605/2077 2154/1657/2077 2153/1656/2077 2079/1604/2077
f 2081/1606/2078 2155/1658/2078 2154/1657/2078 2080/1605/2078
f 2082/1607/2079 2156/1659/2079 2155/1658/2079 2081/1606/2079
f 2083/1608/2080 2157/1660/2080 2156/1659/2080 2082/1607/2080
f 2084/1609/2081 2158/1661/2081 2157/1660/2081 2083/1608/2081
f 2085/1610/2082 2159/1662/2082 2158/1661/2082 2084/1609/2082
f 2086/1611/2083 2160/1663/2083 2159/1662/2083 2085/1610/2083
f 2087/1612/2084 2161/1664/2084 2160/1663/2084 2086/1611/2084
f 2088/1613/2085 2162/1665/2085 2161/1664/2085 2087/1612/2085
f 2089/1614/2086 2163/1666/2086 2162/1665/2086 2088/1613/2086
f 2090/1615/2087 2164/1667/2087 2163/1666/2087 2089/1614/2087
f 2091/1616/2088 2165/1668/2088 2164/1667/2088 2090/1615/2088
f 2092/1617/2089 2166/1669/2089 2165/1668/2089 2091/1616/2089
f 2093/1618/2090 2167/1670/2090 2166/1669/2090 2092/1617/2090
f 2094/1619/2091 2168/1671/2091 2167/1670/2091 2093/1618/2091
f 2095/1620/2092 2169/1672/2092 2168/1671/2092 2094/1619/2092
f 2096/1621/2093 2170/1673/2093 2169/1672/2093 2095/1620/2093
f 2097/1622/2094 2171/1674/2094 2170/1673/2094 2096/1621/2094
f 2098/1623/2095 2172/1675/2095 2171/1674/2095 2097/1622/2095
f 2099/1624/2096 2173/1676/2096 2172/1675/2096 2098/1623/2096
f 2100/1625/2097 2174/1677/2097 2173/1676/2097 2099/1624/2097
f 2101/1626/2098 2175/1678/2098 2174/1677/2098 2100/1625/2098
f 2102/1627/2099 2176/1679/2099 2175/1678/2099 2101/1626/2099
f 2103/1628/2100 2177/1680/2100 2176/1679/2100 2102/1627/2100
f 2104/1629/2101 2178/1681/2101 2177/1680/2101 2103/1628/2101
f 2105/1630/2102 2179/1682/2102 2178/1681/2102 2104/1629/2102
f 2106/1631/2103 2180/1683/2103 2179/1682/2103 2105/1630/2103
f 2107/1632/2104 2181/1684/2104 2180/1683/2104 2106/1631/2104
f 2108/1633/2105 2182/1685/2105 2181/1684/2105 2107/1632/2105
f 2109/1634/2106 2183/1686/2106 2182/1685/2106 2108/1633/2106
f 2110/1635/2107 2184/1687/2107 2183/1686/2107 2109/1634/2107
f 2111/1636/2108 2185/1688/2108 2184/1687/2108 2110/1635/2108
f 2112/1637/2109 2186/1689/2109 2185/1688/2109 2111/1636/2109
f 2113/1638/2110 2187/1690/2110 2186/1689/2110 2112/1637/2110
f 2114/1639/2111 2188/1691/2111 2187/1690/2111 2113/1638/2111
f 2115/1634/2112 2189/1692/2112 2188/1691/2112 2114/1639/2112
f 2116/1633/2113 2190/1693/2113 2189/1692/2113 2115/1634/2113
f 2117/1632/2114 2191/1684/2114 2190/1693/2114 2116/1633/2114
f 2118/1640/2115 2192/1694/2115 2191/1684/2115 2117/1632/2115
f 2119/1630/2116 2193/1682/2116 2192/1694/2116 2118/1640/2116
f 2120/1629/2117 2194/1681/2117 2193/1682/2117 2119/1630/2117
f 2121/1628/2118 2195/1680/2118 2194/1681/2118 2120/1629/2118
f 2122/1627/2119 2196/1695/2119 2195/1680/2119 2121/1628/2119
f 2123/1641/2120 2197/1696/2120 2196/1695/2120 2122/1627/2120
f 2124/1625/2121 2198/1677/2121 2197/1696/2121 2123/1641/2121
f 2125/1642/2122 2199/1676/2122 2198/1677/2122 2124/1625/2122
f 2126/1623/2123 2200/1697/2123 2199/1676/2123 2125/1642/2123
f 2127/1643/2124 2201/1698/2124 2200/1697/2124 2126/1623/2124
f 2128/1644/2125 2202/1673/2125 2201/1698/2125 2127/1643/2125
f 2129/1620/2126 2203/1699/2126 2202/1673/2126 2128/1644/2126
f 2130/1645/2127 2204/1671/2127 2203/1699/2127 2129/1620/2127
f 2131/1646/2128 2205/1670/2128 2204/1671/2128 2130/1645/2128
f 2132/1617/2129 2206/1700/2129 2205/1670/2129 2131/1646/2129
f 2133/1616/2130 2207/1668/2130 2206/1700/2130 2132/1617/2130
f 2134/1647/2131 2208/1701/2131 2207/1668/2131 2133/1616/2131
f 2135/1614/2132 2209/1666/2132 2208/1701/2132 2134/1647/2132
f 2136/1648/2133 2210/1665/2133 2209/1666/2133 2135/1614/2133
f 2137/1612/2134 2211/1664/2134 2210/1665/2134 2136/1648/2134
f 2138/1611/2135 2212/1702/2135 2211/1664/2135 2137/1612/2135
f 2139/1649/2136 2213/1662/2136 2212/1702/2136 2138/1611/2136
f 2140/1609/2137 2214/1661/2137 2213/1662/2137 2139/1649/2137
f 2141/1608/2138 2215/1660/2138 2214/1661/2138 2140/1609/2138
f 2142/1650/2139 2216/1659/2139 2215/1660/2139 2141/1608/2139
f 2143/1651/2140 2217/1703/2140 2216/1659/2140 2142/1650/2140
f 2144/1605/2141 2218/1657/2141 2217/1703/2141 2143/1651/2141
f 2145/1604/2142 2219/1704/2142 2218/1657/2142 2144/1605/2142
f 2146/1603/2143 2220/1705/2143 2219/1704/2143 2145/1604/2143
f 2147/1602/2144 2221/1706/2144 2220/1705/2144 2146/1603/2144
f 2148/1600/2145 2222/1707/2145 2221/1706/2145 2147/1602/2145
f 2075/1601/2146 2149/1653/2146 2222/1707/2146 2148/1600/2146
f 2150/1652/2147 2224/1708/2147 2223/1709/2147 2149/1653/2147
f 2151/1654/2148 2225/1710/2148 2224/1708/2148 2150/1652/2148
f 2152/1655/2149 2226/1711/2149 2225/1710/2149 2151/1654/2149
f 2153/1656/2150 2227/1712/2150 2226/1711/2150 2152/1655/2150
f 2154/1657/2151 2228/1713/2151 2227/1712/2151 2153/1656/2151
f 2155/1658/2152 2229/1714/2152 2228/1713/2152 2154/1657/2152
f 2156/1659/2153 2230/1715/2153 2229/1714/2153 2155/1658/2153
f 2157/1660/2154 2231/1716/2154 2230/1715/2154 2156/1659/2154
f 2158/1661/2155 2232/1717/2155 2231/1716/2155 2157/1660/2155
f 2159/1662/2156 2233/1718/2156 2232/1717/2156 2158/1661/2156
f 2160/1663/2157 2234/1719/2157 2233/1718/2157 2159/1662/2157
f 2161/1664/2158 2235/1720/2158 2234/1719/2158 2160/1663/2158
f 2162/1665/2159 2236/1721/2159 2235/1720/2159 2161/1664/2159
f 2163/1666/2160 2237/1722/2160 2236/1721/2160 2162/1665/2160
f 2164/1667/2161 2238/1723/2161 2237/1722/2161 2163/1666/2161
f 2165/1668/2162 2239/1724/2162 2238/1723/2162 2164/1667/2162
f 2166/1669/2163 2240/1725/2163 2239/1724/2163 2165/1668/2163
f 2167/1670/2164 2241/1726/2164 2240/1725/2164 2166/1669/2164
f 2168/1671/2165 2242/1727/2165 2241/1726/2165 2167/1670/2165
f 2169/1672/2166 2243/1728/2166 2242/1727/2166 2168/1671/2166
f 2170/1673/2167 2244/1729/2167 2243/1728/2167 2169/1672/2167
f 2171/1674/2168 2245/1730/2168 2244/1729/2168 2170/1673/2168
f 2172/1675/2169 2246/1731/2169 2245/1730/2169 2171/1674/2169
f 2173/1676/2170 2247/1732/2170 2246/1731/2170 2172/1675/2170
f 2174/1677/2171 2248/1733/2171 2247/1732/2171 2173/1676/2171
f 2175/1678/2172 2249/1734/2172 2248/1733/2172 2174/1677/2172
f 2176/1679/2173 2250/1735/2173 2249/1734/2173 2175/1678/2173
f 2177/1680/2174 2251/1736/2174 2250/1735/2174 2176/1679/2174
f 2178/1681/2175 2252/1737/2175 2251/1736/2175 2177/1680/2175
f 2179/1682/2176 2253/1738/2176 2252/1737/2176 2178/1681/2176
f 2180/1683/2177 2254/1739/2177 2253/1738/2177 2179/1682/2177
f 2181/1684/2178 2255/1740/2178 2254/1739/2178 2180/1683/2178
f 2182/1685/2179 2256/1741/2179 2255/1740/2179 2181/1684/2179
f 2183/1686/2180 2257/1742/2180 2256/1741/2180 2182/1685/2180
f 2184/1687/2181 2258/1743/2181 2257/1742/2181 2183/1686/2181
f 2185/1688/2182 2259/1744/2182 2258/1743/2182 2184/1687/2182
f 2186/1689/2183 2260/1745/2183 2259/1744/2183 2185/1688/2183
f 2187/1690/2184 2261/1746/2184 2260/1745/2184 2186/1689/2184
f 2188/1691/2185 2262/1747/2185 2261/1746/2185 2187/1690/2185
f 2189/1692/2186 2263/1748/2186 2262/1747/2186 2188/1691/2186
f 2190/1693/2187 2264/1741/2187 2263/1748/2187 2189/1692/2187
f 2191/1684/2188 2265/1740/2188 2264/1741/2188 2190/1693/2188
f 2192/1694/2189 2266/1739/2189 2265/1740/2189 2191/1684/2189
f 2193/1682/2190 2267/1738/2190 2266/1739/2190 2192/1694/2190
f 2194/1681/2191 2268/1737/2191 2267/1738/2191 2193/1682/2191
f 2195/1680/2192 2269/1736/2192 2268/1737/2192 2194/1681/2192
f 2196/1695/2193 2270/1735/2193 2269/1736/2193 2195/1680/2193
f 2197/1696/2194 2271/1734/2194 2270/1735/2194 2196/1695/2194
f 2198/1677/2195 2272/1733/2195 2271/1734/2195 2197/1696/2195
f 2199/1676/2196 2273/1732/2196 2272/1733/2196 2198/1677/2196
f 2200/1697/2197 2274/1749/2197 2273/1732/2197 2199/1676/2197
f 2201/1698/2198 2275/1730/2198 2274/1749/2198 2200/1697/2198
f 2202/1673/2199 2276/1750/2199 2275/1730/2199 2201/1698/2199
f 2203/1699/2200 2277/1751/2200 2276/1750/2200 2202/1673/2200
f 2204/1671/2201 2278/1727/2201 2277/1751/2201 2203/1699/2201
f 2205/1670/2202 2279/1726/2202 2278/1727/2202 2204/1671/2202
f 2206/1700/2203 2280/1752/2203 2279/1726/2203 2205/1670/2203
f 2207/1668/2204 2281/1753/2204 2280/1752/2204 2206/1700/2204
f 2208/1701/2205 2282/1723/2205 2281/1753/2205 2207/1668/2205
f 2209/1666/2206 2283/1754/2206 2282/1723/2206 2208/1701/2206
f 2210/1665/2207 2284/1721/2207 2283/1754/2207 2209/1666/2207
f 2211/1664/2208 2285/1720/2208 2284/1721/2208 2210/1665/2208
f 2212/1702/2209 2286/1719/2209 2285/1720/2209 2211/1664/2209
f 2213/1662/2210 2287/1718/2210 2286/1719/2210 2212/1702/2210
f 2214/1661/2211 2288/1717/2211 2287/1718/2211 2213/1662/2211
f 2215/1660/2212 2289/1716/2212 2288/1717/2212 2214/1661/2212
f 2216/1659/2213 2290/1715/2213 2289/1716/2213 2215/1660/2213
f 2217/1703/2214 2291/1714/2214 2290/1715/2214 2216/1659/2214
f 2218/1657/2215 2292/1713/2215 2291/1714/2215 2217/1703/2215
f 2219/1704/2216 2293/1755/2216 2292/1713/2216 2218/1657/2216
f 2220/1705/2217 2294/1756/2217 2293/1755/2217 2219/1704/2217
f 2221/1706/2218 2295/1757/2218 2294/1756/2218 2220/1705/2218
f 2222/1707/2219 2296/1758/2219 2295/1757/2219 2221/1706/2219
f 2149/1653/2220 2223/1709/2220 2296/1758/2220 2222/1707/2220
f 2224/1708/2221 2298/1759/2221 2297/1760/2221 2223/1709/2221
f 2225/1710/2222 2299/1761/2222 2298/1759/2222 2224/1708/2222
f 2226/1711/2223 2300/1762/2223 2299/1761/2223 2225/1710/2223
f 2227/1712/2224 2301/1763/2224 2300/1762/2224 2226/1711/2224
f 2228/1713/2225 2302/1764/2225 2301/1763/2225 2227/1712/2225
f 2229/1714/2226 2303/1765/2226 2302/1764/2226 2228/1713/2226
f 2230/1715/2227 2304/1766/2227 2303/1765/2227 2229/1714/2227
f 2231/1716/2228 2305/1767/2228 2304/1766/2228 2230/1715/2228
f 2232/1717/2229 2306/1768/2229 2305/1767/2229 2231/1716/2229
f 2233/1718/2230 2307/1769/2230 2306/1768/2230 2232/1717/2230
f 2234/1719/2231 2308/1770/2231 2307/1769/2231 2233/1718/2231
f 2235/1720/2232 2309/1771/2232 2308/1770/2232 2234/1719/2232
f 2236/1721/2233 2310/1772/2233 2309/1771/2233 2235/1720/2233
f 2237/1722/2234 2311/1773/2234 2310/1772/2234 2236/1721/2234
f 2238/1723/2235 2312/1774/2235 2311/1773/2235 2237/1722/2235
f 2239/1724/2236 2313/1775/2236 2312/1774/2236 2238/1723/2236
f 2240/1725/2237 2314/1776/2237 2313/1775/2237 2239/1724/2237
f 2241/1726/2238 2315/1777/2238 2314/1776/2238 2240/1725/2238
f 2242/1727/2239 2316/1778/2239 2315/1777/2239 2241/1726/2239
f 2243/1728/2240 2317/1779/2240 2316/1778/2240 2242/1727/2240
f 2244/1729/2241 2318/1780/2241 2317/1779/2241 2243/1728/2241
f 2245/1730/2242 2319/1781/2242 2318/1780/2242 2244/1729/2242
f 2246/1731/2243 2320/1782/2243 2319/1781/2243 2245/1730/2243
f 2247/1732/2244 2321/1783/2244 2320/1782/2244 2246/1731/2244
f 2248/1733/2245 2322/1784/2245 2321/1783/2245 2247/1732/2245
f 2249/1734/2246 2323/1785/2246 2322/1784/2246 2248/1733/2246
f 2250/1735/2247 2324/1786/2247 2323/1785/2247 2249/1734/2247
f 2251/1736/2248 2325/1787/2248 2324/1786/2248 2250/1735/2248
f 2252/1737/2249 2326/1788/2249 2325/1787/2249 2251/1736/2249
f 2253/1738/2250 2327/1789/2250 2326/1788/2250 2252/1737/2250
f 2254/1739/2251 2328/1790/2251 2327/1789/2251 2253/1738/2251
f 2255/1740/2252 2329/1791/2252 2328/1790/2252 2254/1739/2252
f 2256/1741/2253 2330/1792/2253 2329/1791/2253 2255/1740/2253
f 2257/1742/2254 2331/1793/2254 2330/1792/2254 2256/1741/2254
f 2258/1743/2255 2332/1794/2255 2331/1793/2255 2257/1742/2255
f 2259/1744/2256 2333/1795/2256 2332/1794/2256 2258/1743/2256
f 2260/1745/2257 2334/1796/2257 2333/1795/2257 2259/1744/2257
f 2261/1746/2258 2335/1797/2258 2334/1796/2258 2260/1745/2258
f 2262/1747/2259 2336/1798/2259 2335/1797/2259 2261/1746/2259
f 2263/1748/2260 2337/1799/2260 2336/1798/2260 2262/1747/2260
f 2264/1741/2261 2338/1800/2261 2337/1799/2261 2263/1748/2261
f 2265/1740/2262 2339/1801/2262 2338/1800/2262 2264/1741/2262
f 2266/1739/2263 2340/1790/2263 2339/1801/2263 2265/1740/2263
f 2267/1738/2264 2341/1789/2264 2340/1790/2264 2266/1739/2264
f 2268/1737/2265 2342/1802/2265 2341/1789/2265 2267/1738/2265
f 2269/1736/2266 2343/1803/2266 2342/1802/2266 2268/1737/2266
f 2270/1735/2267 2344/1786/2267 2343/1803/2267 2269/1736/2267
f 2271/1734/2268 2345/1785/2268 2344/1786/2268 2270/1735/2268
f 2272/1733/2269 2346/1804/2269 2345/1785/2269 2271/1734/2269
f 2273/1732/2270 2347/1783/2270 2346/1804/2270 2272/1733/2270
f 2274/1749/2271 2348/1782/2271 2347/1783/2271 2273/1732/2271
f 2275/1730/2272 2349/1781/2272 2348/1782/2272 2274/1749/2272
f 2276/1750/2273 2350/1780/2273 2349/1781/2273 2275/1730/2273
f 2277/1751/2274 2351/1805/2274 2350/1780/2274 2276/1750/2274
f 2278/1727/2275 2352/1778/2275 2351/1805/2275 2277/1751/2275
f 2279/1726/2276 2353/1806/2276 2352/1778/2276 2278/1727/2276
f 2280/1752/2277 2354/1807/2277 2353/1806/2277 2279/1726/2277
f 2281/1753/2278 2355/1775/2278 2354/1807/2278 2280/1752/2278
f 2282/1723/2279 2356/1774/2279 2355/1775/2279 2281/1753/2279
f 2283/1754/2280 2357/1773/2280 2356/1774/2280 2282/1723/2280
f 2284/1721/2281 2358/1772/2281 2357/1773/2281 2283/1754/2281
f 2285/1720/2282 2359/1808/2282 2358/1772/2282 2284/1721/2282
f 2286/1719/2283 2360/1770/2283 2359/1808/2283 2285/1720/2283
f 2287/1718/2284 2361/1769/2284 2360/1770/2284 2286/1719/2284
f 2288/1717/2285 2362/1809/2285 2361/1769/2285 2287/1718/2285
f 2289/1716/2286 2363/1810/2286 2362/1809/2286 2288/1717/2286
f 2290/1715/2287 2364/1766/2287 2363/1810/2287 2289/1716/2287
f 2291/1714/2288 2365/1765/2288 2364/1766/2288 2290/1715/2288
f 2292/1713/2289 2366/1811/2289 2365/1765/2289 2291/1714/2289
f 2293/1755/2290 2367/1812/2290 2366/1811/2290 2292/1713/2290
f 2294/1756/2291 2368/1813/2291 2367/1812/2291 2293/1755/2291
f 2295/1757/2292 2369/1814/2292 2368/1813/2292 2294/1756/2292
f 2296/1758/2293 2370/1815/2293 2369/1814/2293 2295/1757/2293
f 2223/1709/2294 2297/1760/2294 2370/1815/2294 2296/1758/2294
f 2298/1759/2295 2372/1816/2295 2371/1817/2295 2297/1760/2295
f 2299/1761/2296 2373/1818/2296 2372/1816/2296 2298/1759/2296
f 2300/1762/2297 2374/1819/2297 2373/1818/2297 2299/1761/2297
f 2301/1763/2298 2375/1820/2298 2374/1819/2298 2300/1762/2298
f 2302/1764/2299 2376/1821/2299 2375/1820/2299 2301/1763/2299
f 2303/1765/2300 2377/1822/2300 2376/1821/2300 2302/1764/2300
f 2304/1766/2301 2378/1823/2301 2377/1822/2301 2303/1765/2301
f 2305/1767/2302 2379/1824/2302 2378/1823/2302 2304/1766/2302
f 2306/1768/2303 2380/1825/2303 2379/1824/2303 2305/1767/2303
f 2307/1769/2304 2381/1826/2304 2380/1825/2304 2306/1768/2304
f 2308/1770/2305 2382/1827/2305 2381/1826/2305 2307/1769/2305
f 2309/1771/2306 2383/1828/2306 2382/1827/2306 2308/1770/2306
f 2310/1772/2307 2384/1829/2307 2383/1828/2307 2309/1771/2307
f 2311/1773/2308 2385/1830/2308 2384/1829/2308 2310/1772/2308
f 2312/1774/2309 2386/1831/2309 2385/1830/2309 2311/1773/2309
f 2313/1775/2310 2387/1832/2310 2386/1831/2310 2312/1774/2310
f 2314/1776/2311 2388/1833/2311 2387/1832/2311 2313/1775/2311
f 2315/1777/2312 2389/1834/2312 2388/1833/2312 2314/1776/2312
f 2316/1778/2313 2390/1835/2313 2389/1834/2313 2315/1777/2313
f 2317/1779/2314 2391/1836/2314 2390/1835/2314 2316/1778/2314
f 2318/1780/2315 2392/1837/2315 2391/1836/2315 2317/1779/2315
f 2319/1781/2316 2393/1838/2316 2392/1837/2316 2318/1780/2316
f 2320/1782/2317 2394/1839/2317 2393/1838/2317 2319/1781/2317
f 2321/1783/2318 2395/1840/2318 2394/1839/2318 2320/1782/2318
f 2322/1784/2319 2396/1841/2319 2395/1840/2319 2321/1783/2319
f 2323/1785/2320 2397/1842/2320 2396/1841/2320 2322/1784/2320
f 2324/1786/2321 2398/1843/2321 2397/1842/2321 2323/1785/2321
f 2325/1787/2322 2399/1844/2322 2398/1843/2322 2324/1786/2322
f 2326/1788/2323 2400/1845/2323 2399/1844/2323 2325/1787/2323
f 2327/1789/2324 2401/1846/2324 2400/1845/2324 2326/1788/2324
f 2328/1790/2325 2402/1847/2325 2401/1846/2325 2327/1789/2325
f 2329/1791/2326 2403/1848/2326 2402/1847/2326 2328/1790/2326
f 2330/1792/2327 2404/1849/2327 2403/1848/2327 2329/1791/2327
f 2331/1793/2328 2405/1850/2328 2404/1849/2328 2330/1792/2328
f 2332/1794/2329 2406/1851/2329 2405/1850/2329 2331/1793/2329
f 2333/1795/2330 2407/1852/2330 2406/1851/2330 2332/1794/2330
f 2334/1796/2331 2408/1853/2331 2407/1852/2331 2333/1795/2331
f 2335/1797/2332 2409/1854/2332 2408/1853/2332 2334/1796/2332
f 2336/1798/2333 2410/1855/2333 2409/1854/2333 2335/1797/2333
f 2337/1799/2334 2411/1856/2334 2410/1855/2334 2336/1798/2334
f 2338/1800/2335 2412/1857/2335 2411/1856/2335 2337/1799/2335
f 2339/1801/2336 2413/1858/2336 2412/1857/2336 2338/1800/2336
f 2340/1790/2337 2414/1859/2337 2413/1858/2337 2339/1801/2337
f 2341/1789/2338 2415/1860/2338 2414/1859/2338 2340/1790/2338
f 2342/1802/2339 2416/1861/2339 2415/1860/2339 2341/1789/2339
f 2343/1803/2340 2417/1844/2340 2416/1861/2340 2342/1802/2340
f 2344/1786/2341 2418/1843/2341 2417/1844/2341 2343/1803/2341
f 2345/1785/2342 2419/1842/2342 2418/1843/2342 2344/1786/2342
f 2346/1804/2343 2420/1841/2343 2419/1842/2343 2345/1785/2343
f 2347/1783/2344 2421/1840/2344 2420/1841/2344 2346/1804/2344
f 2348/1782/2345 2422/1839/2345 2421/1840/2345 2347/1783/2345
f 2349/1781/2346 2423/1862/2346 2422/1839/2346 2348/1782/2346
f 2350/1780/2347 2424/1863/2347 2423/1862/2347 2349/1781/2347
f 2351/1805/2348 2425/1864/2348 2424/1863/2348 2350/1780/2348
f 2352/1778/2349 2426/1835/2349 2425/1864/2349 2351/1805/2349
f 2353/1806/2350 2427/1834/2350 2426/1835/2350 2352/1778/2350
f 2354/1807/2351 2428/1865/2351 2427/1834/2351 2353/1806/2351
f 2355/1775/2352 2429/1866/2352 2428/1865/2352 2354/1807/2352
f 2356/1774/2353 2430/1867/2353 2429/1866/2353 2355/1775/2353
f 2357/1773/2354 2431/1830/2354 2430/1867/2354 2356/1774/2354
f 2358/1772/2355 2432/1829/2355 2431/1830/2355 2357/1773/2355
f 2359/1808/2356 2433/1828/2356 2432/1829/2356 2358/1772/2356
f 2360/1770/2357 2434/1827/2357 2433/1828/2357 2359/1808/2357
f 2361/1769/2358 2435/1826/2358 2434/1827/2358 2360/1770/2358
f 2362/1809/2359 2436/1825/2359 2435/1826/2359 2361/1769/2359
f 2363/1810/2360 2437/1824/2360 2436/1825/2360 2362/1809/2360
f 2364/1766/2361 2438/1868/2361 2437/1824/2361 2363/1810/2361
f 2365/1765/2362 2439/1869/2362 2438/1868/2362 2364/1766/2362
f 2366/1811/2363 2440/1870/2363 2439/1869/2363 2365/1765/2363
f 2367/1812/2364 2441/1871/2364 2440/1870/2364 2366/1811/2364
f 2368/1813/2365 2442/1872/2365 2441/1871/2365 2367/1812/2365
f 2369/1814/2366 2443/1873/2366 2442/1872/2366 2368/1813/2366
f 2370/1815/2367 2444/1874/2367 2443/1873/2367 2369/1814/2367
f 2297/1760/2368 2371/1817/2368 2444/1874/2368 2370/1815/2368
f 2372/1816/2369 2446/1875/2369 2445/1876/2369 2371/1817/2369
f 2373/1818/2370 2447/1877/2370 2446/1875/2370 2372/1816/2370
f 2374/1819/2371 2448/1878/2371 2447/1877/2371 2373/1818/2371
f 2375/1820/2372 2449/1879/2372 2448/1878/2372 2374/1819/2372
f 2376/1821/2373 2450/1880/2373 2449/1879/2373 2375/1820/2373
f 2377/1822/2374 2451/1881/2374 2450/1880/2374 2376/1821/2374
f 2378/1823/2375 2452/1882/2375 2451/1881/2375 2377/1822/2375
f 2379/1824/2376 2453/1883/2376 2452/1882/2376 2378/1823/2376
f 2380/1825/2377 2454/1884/2377 2453/1883/2377 2379/1824/2377
f 2381/1826/2378 2455/1885/2378 2454/1884/2378 2380/1825/2378
f 2382/1827/2379 2456/1886/2379 2455/1885/2379 2381/1826/2379
f 2383/1828/2380 2457/1887/2380 2456/1886/2380 2382/1827/2380
f 2384/1829/2381 2458/1888/2381 2457/1887/2381 2383/1828/2381
f 2385/1830/2382 2459/1889/2382 2458/1888/2382 2384/1829/2382
f 2386/1831/2383 2460/1890/2383 2459/1889/2383 2385/1830/2383
f 2387/1832/2384 2461/1891/2384 2460/1890/2384 2386/1831/2384
f 2388/1833/2385 2462/1892/2385 2461/1891/2385 2387/1832/2385
f 2389/1834/2386 2463/1893/2386 2462/1892/2386 2388/1833/2386
f 2390/1835/2387 2464/1894/2387 2463/1893/2387 2389/1834/2387
f 2391/1836/2388 2465/1895/2388 2464/1894/2388 2390/1835/2388
f 2392/1837/2389 2466/1896/2389 2465/1895/2389 2391/1836/2389
f 2393/1838/2390 2467/1897/2390 2466/1896/2390 2392/1837/2390
f 2394/1839/2391 2468/1898/2391 2467/1897/2391 2393/1838/2391
f 2395/1840/2392 2469/1899/2392 2468/1898/2392 2394/1839/2392
f 2396/1841/2393 2470/1900/2393 2469/1899/2393 2395/1840/2393
f 2397/1842/2394 2471/1901/2394 2470/1900/2394 2396/1841/2394
f 2398/1843/2395 2472/1902/2395 2471/1901/2395 2397/1842/2395
f 2399/1844/2396 2473/1903/2396 2472/1902/2396 2398/1843/2396
f 2400/1845/2397 2474/1904/2397 2473/1903/2397 2399/1844/2397
f 2401/1846/2398 2475/1905/2398 2474/1904/2398 2400/1845/2398
f 2402/1847/2399 2476/1906/2399 2475/1905/2399 2401/1846/2399
f 2403/1848/2400 2477/1907/2400 2476/1906/2400 2402/1847/2400
f 2404/1849/2401 2478/1908/2401 2477/1907/2401 2403/1848/2401
f 2405/1850/2402 2479/1909/2402 2478/1908/2402 2404/1849/2402
f 2406/1851/2403 2480/1910/2403 2479/1909/2403 2405/1850/2403
f 2407/1852/2404 2481/1911/2404 2480/1910/2404 2406/1851/2404
f 2408/1853/2405 2482/1912/2405 2481/1911/2405 2407/1852/2405
f 2409/1854/2406 2483/1913/2406 2482/1912/2406 2408/1853/2406
f 2410/1855/2407 2484/1914/2407 2483/1913/2407 2409/1854/2407
f 2411/1856/2408 2485/1915/2408 2484/1914/2408 2410/1855/2408
f 2412/1857/2409 2486/1916/2409 2485/1915/2409 2411/1856/2409
f 2413/1858/2410 2487/1917/2410 2486/1916/2410 2412/1857/2410
f 2414/1859/2411 2488/1918/2411 2487/1917/2411 2413/1858/2411
f 2415/1860/2412 2489/1919/2412 2488/1918/2412 2414/1859/2412
f 2416/1861/2413 2490/1920/2413 2489/1919/2413 2415/1860/2413
f 2417/1844/2414 2491/1921/2414 2490/1920/2414 2416/1861/2414
f 2418/1843/2415 2492/1922/2415 2491/1921/2415 2417/1844/2415
f 2419/1842/2416 2493/1923/2416 2492/1922/2416 2418/1843/2416
f 2420/1841/2417 2494/1924/2417 2493/1923/2417 2419/1842/2417
f 2421/1840/2418 2495/1925/2418 2494/1924/2418 2420/1841/2418
f 2422/1839/2419 2496/1926/2419 2495/1925/2419 2421/1840/2419
f 2423/1862/2420 2497/1927/2420 2496/1926/2420 2422/1839/2420
f 2424/1863/2421 2498/1928/2421 2497/1927/2421 2423/1862/2421
f 2425/1864/2422 2499/1929/2422 2498/1928/2422 2424/1863/2422
f 2426/1835/2423 2500/1930/2423 2499/1929/2423 2425/1864/2423
f 2427/1834/2424 2501/1931/2424 2500/1930/2424 2426/1835/2424
f 2428/1865/2425 2502/1932/2425 2501/1931/2425 2427/1834/2425
f 2429/1866/2426 2503/1933/2426 2502/1932/2426 2428/1865/2426
f 2430/1867/2427 2504/1934/2427 2503/1933/2427 2429/1866/2427
f 2431/1830/2428 2505/1935/2428 2504/1934/2428 2430/1867/2428
f 2432/1829/2429 2506/1936/2429 2505/1935/2429 2431/1830/2429
f 2433/1828/2430 2507/1937/2430 2506/1936/2430 2432/1829/2430
f 2434/1827/2431 2508/1938/2431 2507/1937/2431 2433/1828/2431
f 2435/1826/2432 2509/1939/2432 2508/1938/2432 2434/1827/2432
f 2436/1825/2433 2510/1940/2433 2509/1939/2433 2435/1826/2433
f 2437/1824/2434 2511/1941/2434 2510/1940/2434 2436/1825/2434
f 2438/1868/2435 2512/1942/2435 2511/1941/2435 2437/1824/2435
f 2439/1869/2436 2513/1943/2436 2512/1942/2436 2438/1868/2436
f 2440/1870/2437 2514/1944/2437 2513/1943/2437 2439/1869/2437
f 2441/1871/2438 2515/1945/2438 2514/1944/2438 2440/1870/2438
f 2442/1872/2439 2516/1946/2439 2515/1945/2439 2441/1871/2439
f 2443/1873/2440 2517/1947/2440 2516/1946/2440 2442/1872/2440
f 2444/1874/2441 2518/1948/2441 2517/1947/2441 2443/1873/2441
f 2371/1817/2442 2445/1876/2442 2518/1948/2442 2444/1874/2442
f 2446/1875/2443 2520/1949/2443 2519/1950/2443 2445/1876/2443
f 2447/1877/2444 2521/1951/2444 2520/1949/2444 2446/1875/2444
f 2448/1878/2445 2522/1952/2445 2521/1951/2445 2447/1877/2445
f 2449/1879/2446 2523/1953/2446 2522/1952/2446 2448/1878/2446
f 2450/1880/2447 2524/1954/2447 2523/1953/2447 2449/1879/2447
f 2451/1881/2448 2525/1955/2448 2524/1954/2448 2450/1880/2448
f 2452/1882/2449 2526/1956/2449 2525/1955/2449 2451/1881/2449
f 2453/1883/2450 2527/1957/2450 2526/1956/2450 2452/1882/2450
f 2454/1884/2451 2528/1958/2451 2527/1957/2451 2453/1883/2451
f 2455/1885/2452 2529/1959/2452 2528/1958/2452 2454/1884/2452
f 2456/1886/2453 2530/1960/2453 2529/1959/2453 2455/1885/2453
f 2457/1887/2454 2531/1961/2454 2530/1960/2454 2456/1886/2454
f 2458/1888/2455 2532/1962/2455 2531/1961/2455 2457/1887/2455
f 2459/1889/2456 2533/1963/2456 2532/1962/2456 2458/1888/2456
f 2460/1890/2457 2534/1964/2457 2533/1963/2457 2459/1889/2457
f 2461/1891/2458 2535/1965/2458 2534/1964/2458 2460/1890/2458
f 2462/1892/2459 2536/1966/2459 2535/1965/2459 2461/1891/2459
f 2463/1893/2460 2537/1967/2460 2536/1966/2460 2462/1892/2460
f 2464/1894/2461 2538/1968/2461 2537/1967/2461 2463/1893/2461
f 2465/1895/2462 2539/1969/2462 2538/1968/2462 2464/1894/2462
f 2466/1896/2463 2540/1970/2463 2539/1969/2463 2465/1895/2463
f 2467/1897/2464 2541/1971/2464 2540/1970/2464 2466/1896/2464
f 2468/1898/2465 2542/1972/2465 2541/1971/2465 2467/1897/2465
f 2469/1899/2466 2543/1973/2466 2542/1972/2466 2468/1898/2466
f 2470/1900/2467 2544/1974/2467 2543/1973/2467 2469/1899/2467
f 2471/1901/2468 2545/1975/2468 2544/1974/2468 2470/1900/2468
f 2472/1902/2469 2546/1976/2469 2545/1975/2469 2471/1901/2469
f 2473/1903/2470 2547/1977/2470 2546/1976/2470 2472/1902/2470
f 2474/1904/2471 2548/1978/2471 2547/1977/2471 2473/1903/2471
f 2475/1905/2472 2549/1979/2472 2548/1978/2472 2474/1904/2472
f 2476/1906/2473 2550/1980/2473 2549/1979/2473 2475/1905/2473
f 2477/1907/2474 2551/1981/2474 2550/1980/2474 2476/1906/2474
f 2478/1908/2475 2552/1982/2475 2551/1981/2475 2477/1907/2475
f 2479/1909/2476 2553/1983/2476 2552/1982/2476 2478/1908/2476
f 2480/1910/2477 2554/1984/2477 2553/1983/2477 2479/1909/2477
f 2481/1911/2478 2555/1985/2478 2554/1984/2478 2480/1910/2478
f 2482/1912/2479 2556/1986/2479 2555/1985/2479 2481/1911/2479
f 2483/1913/2480 2557/1987/2480 2556/1986/2480 2482/1912/2480
f 2484/1914/2481 2558/1988/2481 2557/1987/2481 2483/1913/2481
f 2485/1915/2482 2559/1989/2482 2558/1988/2482 2484/1914/2482
f 2486/1916/2483 2560/1990/2483 2559/1989/2483 2485/1915/2483
f 2487/1917/2484 2561/1991/2484 2560/1990/2484 2486/1916/2484
f 2488/1918/2485 2562/1992/2485 2561/1991/2485 2487/1917/2485
f 2489/1919/2486 2563/1993/2486 2562/1992/2486 2488/1918/2486
f 2490/1920/2487 2564/1994/2487 2563/1993/2487 2489/1919/2487
f 2491/1921/2488 2565/1995/2488 2564/1994/2488 2490/1920/2488
f 2492/1922/2489 2566/1996/2489 2565/1995/2489 2491/1921/2489
f 2493/1923/2490 2567/1997/2490 2566/1996/2490 2492/1922/2490
f 2494/1924/2491 2568/1998/2491 2567/1997/2491 2493/1923/2491
f 2495/1925/2492 2569/1999/2492 2568/1998/2492 2494/1924/2492
f 2496/1926/2493 2570/2000/2493 2569/1999/2493 2495/1925/2493
f 2497/1927/2494 2571/2001/2494 2570/2000/2494 2496/1926/2494
f 2498/1928/2495 2572/2002/2495 2571/2001/2495 2497/1927/2495
f 2499/1929/2496 2573/2003/2496 2572/2002/2496 2498/1928/2496
f 2500/1930/2497 2574/2004/2497 2573/2003/2497 2499/1929/2497
f 2501/1931/2498 2575/2005/2498 2574/2004/2498 2500/1930/2498
f 2502/1932/2499 2576/2006/2499 2575/2005/2499 2501/1931/2499
f 2503/1933/2500 2577/2007/2500 2576/2006/2500 2502/1932/2500
f 2504/1934/2501 2578/2008/2501 2577/2007/2501 2503/1933/2501
f 2505/1935/2502 2579/2009/2502 2578/2008/2502 2504/1934/2502
f 2506/1936/2503 2580/2010/2503 2579/2009/2503 2505/1935/2503
f 2507/1937/2504 2581/2011/2504 2580/2010/2504 2506/1936/2504
f 2508/1938/2505 2582/2012/2505 2581/2011/2505 2507/1937/2505
f 2509/1939/2506 2583/2013/2506 2582/2012/2506 2508/1938/2506
f 2510/1940/2507 2584/2014/2507 2583/2013/2507 2509/1939/2507
f 2511/1941/2508 2585/2015/2508 2584/2014/2508 2510/1940/2508
f 2512/1942/2509 2586/2016/2509 2585/2015/2509 2511/1941/2509
f 2513/1943/2510 2587/2017/2510 2586/2016/2510 2512/1942/2510
f 2514/1944/2511 2588/2018/2511 2587/2017/2511 2513/1943/2511
f 2515/1945/2512 2589/2019/2512 2588/2018/2512 2514/1944/2512
f 2516/1946/2513 2590/2020/2513 2589/2019/2513 2515/1945/2513
f 2517/1947/2514 2591/2021/2514 2590/2020/2514 2516/1946/2514
f 2518/1948/2515 2592/2022/2515 2591/2021/2515 2517/1947/2515
f 2445/1876/2516 2519/1950/2516 2592/2022/2516 2518/1948/2516
f 2520/1949/2517 2594/2023/2517 2593/2024/2517 2519/1950/2517
f 2521/1951/2518 2595/2025/2518 2594/2023/2518 2520/1949/2518
f 2522/1952/2519 2596/2026/2519 2595/2025/2519 2521/1951/2519
f 2523/1953/2520 2597/2027/2520 2596/2026/2520 2522/1952/2520
f 2524/1954/2521 2598/2028/2521 2597/2027/2521 2523/1953/2521
f 2525/1955/2522 2599/2029/2522 2598/2028/2522 2524/1954/2522
f 2526/1956/2523 2600/2030/2523 2599/2029/2523 2525/1955/2523
f 2527/1957/2524 2601/2031/2524 2600/2030/2524 2526/1956/2524
f 2528/1958/2525 2602/2032/2525 2601/2031/2525 2527/1957/2525
f 2529/1959/2526 2603/2033/2526 2602/2032/2526 2528/1958/2526
f 2530/1960/2527 2604/2034/2527 2603/2033/2527 2529/1959/2527
f 2531/1961/2528 2605/2035/2528 2604/2034/2528 2530/1960/2528
f 2532/1962/2529 2606/2036/2529 2605/2035/2529 2531/1961/2529
f 2533/1963/2530 2607/2037/2530 2606/2036/2530 2532/1962/2530
f 2534/1964/2531 2608/2038/2531 2607/2037/2531 2533/1963/2531
f 2535/1965/2532 2609/2039/2532 2608/2038/2532 2534/1964/2532
f 2536/1966/2533 2610/2040/2533 2609/2039/2533 2535/1965/2533
f 2537/1967/2534 2611/2041/2534 2610/2040/2534 2536/1966/2534
f 2538/1968/2535 2612/2042/2535 2611/2041/2535 2537/1967/2535
f 2539/1969/2536 2613/2043/2536 2612/2042/2536 2538/1968/2536
f 2540/1970/2537 2614/2044/2537 2613/2043/2537 2539/1969/2537
f 2541/1971/2538 2615/2045/2538 2614/2044/2538 2540/1970/2538
f 2542/1972/2539 2616/2046/2539 2615/2045/2539 2541/1971/2539
f 2543/1973/2540 2617/2047/2540 2616/2046/2540 2542/1972/2540
f 2544/1974/2541 2618/2048/2541 2617/2047/2541 2543/1973/2541
f 2545/1975/2542 2619/2049/2542 2618/2048/2542 2544/1974/2542
f 2546/1976/2543 2620/2050/2543 2619/2049/2543 2545/1975/2543
f 2547/1977/2544 2621/2051/2544 2620/2050/2544 2546/1976/2544
f 2548/1978/2545 2622/2052/2545 2621/2051/2545 2547/1977/2545
f 2549/1979/2546 2623/2053/2546 2622/2052/2546 2548/1978/2546
f 2550/1980/2547 2624/2054/2547 2623/2053/2547 2549/1979/2547
f 2551/1981/2548 2625/2055/2548 2624/2054/2548 2550/1980/2548
f 2552/1982/2549 2626/2056/2549 2625/2055/2549 2551/1981/2549
f 2553/1983/2550 2627/2057/2550 2626/2056/2550 2552/1982/2550
f 2554/1984/2551 2628/2058/2551 2627/2057/2551 2553/1983/2551
f 2555/1985/2552 2629/2059/2552 2628/2058/2552 2554/1984/2552
f 2556/1986/2553 2630/2060/2553 2629/2059/2553 2555/1985/2553
f 2557/1987/2554 2631/2061/2554 2630/2060/2554 2556/1986/2554
f 2558/1988/2555 2632/2062/2555 2631/2061/2555 2557/1987/2555
f 2559/1989/2556 2633/2063/2556 2632/2062/2556 2558/1988/2556
f 2560/1990/2557 2634/2064/2557 2633/2063/2557 2559/1989/2557
f 2561/1991/2558 2635/2065/2558 2634/2064/2558 2560/1990/2558
f 2562/1992/2559 2636/2066/2559 2635/2065/2559 2561/1991/2559
f 2563/1993/2560 2637/2067/2560 2636/2066/2560 2562/1992/2560
f 2564/1994/2561 2638/2068/2561 2637/2067/2561 2563/1993/2561
f 2565/1995/2562 2639/2069/2562 2638/2068/2562 2564/1994/2562
f 2566/1996/2563 2640/2070/2563 2639/2069/2563 2565/1995/2563
f 2567/1997/2564 2641/2071/2564 2640/2070/2564 2566/1996/2564
f 2568/1998/2565 2642/2072/2565 2641/2071/2565 2567/1997/2565
f 2569/1999/2566 2643/2073/2566 2642/2072/2566 2568/1998/2566
f 2570/2000/2567 2644/2074/2567 2643/2073/2567 2569/1999/2567
f 2571/2001/2568 2645/2075/2568 2644/2074/2568 2570/2000/2568
f 2572/2002/2569 2646/2076/2569 2645/2075/2569 2571/2001/2569
f 2573/2003/2570 2647/2077/2570 2646/2076/2570 2572/2002/2570
f 2574/2004/2571 2648/2078/2571 2647/2077/2571 2573/2003/2571
f 2575/2005/2572 2649/2079/2572 2648/2078/2572 2574/2004/2572
f 2576/2006/2573 2650/2080/2573 2649/2079/2573 2575/2005/2573
f 2577/2007/2574 2651/2081/2574 2650/2080/2574 2576/2006/2574
f 2578/2008/2575 2652/2082/2575 2651/2081/2575 2577/2007/2575
f 2579/2009/2576 2653/2083/2576 2652/2082/2576 2578/2008/2576
f 2580/2010/2577 2654/2084/2577 2653/2083/2577 2579/2009/2577
f 2581/2011/2578 2655/2085/2578 2654/2084/2578 2580/2010/2578
f 2582/2012/2579 2656/2086/2579 2655/2085/2579 2581/2011/2579
f 2583/2013/2580 2657/2087/2580 2656/2086/2580 2582/2012/2580
f 2584/2014/2581 2658/2088/2581 2657/2087/2581 2583/2013/2581
f 2585/2015/2582 2659/2089/2582 2658/2088/2582 2584/2014/2582
f 2586/2016/2583 2660/2090/2583 2659/2089/2583 2585/2015/2583
f 2587/2017/2584 2661/2091/2584 2660/2090/2584 2586/2016/2584
f 2588/2018/2585 2662/2092/2585 2661/2091/2585 2587/2017/2585
f 2589/2019/2586 2663/2093/2586 2662/2092/2586 2588/2018/2586
f 2590/2020/2587 2664/2094/2587 2663/2093/2587 2589/2019/2587
f 2591/2021/2588 2665/2095/2588 2664/2094/2588 2590/2020/2588
f 2592/2022/2589 2666/2096/2589 2665/2095/2589 2591/2021/2589
f 2519/1950/2590 2593/2024/2590 2666/2096/2590 2592/2022/2590
f 4/1/2591 3/4/2591 1/2097/2591
f 2/2098/2592 2593/2024/2592 2594/2023/2592
f 5/5/2593 4/1/2593 1/2097/2593
f 2/2098/2594 2594/2023/2594 2595/2025/2594
f 6/7/2595 5/5/2595 1/2097/2595
f 2/2098/2596 2595/2025/2596 2596/2026/2596
f 7/9/2597 6/7/2597 1/2097/2597
f 2/2098/2598 2596/2026/2598 2597/2027/2598
f 8/11/2599 7/9/2599 1/2097/2599
f 2/2098/2600 2597/2027/2600 2598/2028/2600
f 9/13/2601 8/11/2601 1/2097/2601
f 2/2098/2602 2598/2028/2602 2599/2029/2602
f 10/15/2603 9/13/2603 1/2097/2603
f 2/2098/2604 2599/2029/2604 2600/2030/2604
f 11/17/2605 10/15/2605 1/2097/2605
f 2/2098/2606 2600/2030/2606 2601/2031/2606
f 12/19/2607 11/17/2607 1/2097/2607
f 2/2098/2608 2601/2031/2608 2602/2032/2608
f 13/21/2609 12/19/2609 1/2097/2609
f 2/2098/2610 2602/2032/2610 2603/2033/2610
f 14/23/2611 13/21/2611 1/2097/2611
f 2/2098/2612 2603/2033/2612 2604/2034/2612
f 15/25/2613 14/23/2613 1/2097/2613
f 2/2098/2614 2604/2034/2614 2605/2035/2614
f 16/27/2615 15/25/2615 1/2097/2615
f 2/2098/2616 2605/2035/2616 2606/2036/2616
f 17/29/2617 16/27/2617 1/2097/2617
f 2/2098/2618 2606/2036/2618 2607/2037/2618
f 18/31/2619 17/29/2619 1/2097/2619
f 2/2098/2620 2607/2037/2620 2608/2038/2620
f 19/33/2621 18/31/2621 1/2097/2621
f 2/2098/2622 2608/2038/2622 2609/2039/2622
f 20/35/2623 19/33/2623 1/2097/2623
f 2/2098/2624 2609/2039/2624 2610/2040/2624
f 21/37/2625 20/35/2625 1/2097/2625
f 2/2098/2626 2610/2040/2626 2611/2041/2626
f 22/39/2627 21/37/2627 1/2097/2627
f 2/2098/2628 2611/2041/2628 2612/2042/2628
f 23/41/2629 22/39/2629 1/2097/2629
f 2/2098/2630 2612/2042/2630 2613/2043/2630
f 24/43/2631 23/41/2631 1/2097/2631
f 2/2098/2632 2613/2043/2632 2614/2044/2632
f 25/45/2633 24/43/2633 1/2097/2633
f 2/2098/2634 2614/2044/2634 2615/2045/2634
f 26/47/2635 25/45/2635 1/2097/2635
f 2/2098/2636 2615/2045/2636 2616/2046/2636
f 27/49/2637 26/47/2637 1/2097/2637
f 2/2098/2638 2616/2046/2638 2617/2047/2638
f 28/51/2639 27/49/2639 1/2097/2639
f 2/2098/2640 2617/2047/2640 2618/2048/2640
f 29/53/2641 28/51/2641 1/2097/2641
f 2/2098/2642 2618/2048/2642 2619/2049/2642
f 30/55/2643 29/53/2643 1/2097/2643
f 2/2098/2644 2619/2049/2644 2620/2050/2644
f 31/57/2645 30/55/2645 1/2097/2645
f 2/2098/2646 2620/2050/2646 2621/2051/2646
f 32/59/2647 31/57/2647 1/2097/2647
f 2/2098/2648 2621/2051/2648 2622/2052/2648
f 33/61/2649 32/59/2649 1/2097/2649
f 2/2098/2650 2622/2052/2650 2623/2053/2650
f 34/63/2651 33/61/2651 1/2097/2651
f 2/2098/2652 2623/2053/2652 2624/2054/2652
f 35/65/2653 34/63/2653 1/2097/2653
f 2/2098/2654 2624/2054/2654 2625/2055/2654
f 36/67/2655 35/65/2655 1/2097/2655
f 2/2098/2656 2625/2055/2656 2626/2056/2656
f 37/69/2657 36/67/2657 1/2097/2657
f 2/2098/2658 2626/2056/2658 2627/2057/2658
f 38/71/2659 37/69/2659 1/2097/2659
f 2/2098/2660 2627/2057/2660 2628/2058/2660
f 39/73/2661 38/71/2661 1/2097/2661
f 2/2098/2662 2628/2058/2662 2629/2059/2662
f 40/75/2663 39/73/2663 1/2097/2663
f 2/2098/2664 2629/2059/2664 2630/2060/2664
f 41/73/2665 40/75/2665 1/2097/2665
f 2/2098/2666 2630/2060/2666 2631/2061/2666
f 42/71/2667 41/73/2667 1/2097/2667
f 2/2098/2668 2631/2061/2668 2632/2062/2668
f 43/69/2669 42/71/2669 1/2097/2669
f 2/2098/2670 2632/2062/2670 2633/2063/2670
f 44/67/2671 43/69/2671 1/2097/2671
f 2/2098/2672 2633/2063/2672 2634/2064/2672
f 45/65/2673 44/67/2673 1/2097/2673
f 2/2098/2674 2634/2064/2674 2635/2065/2674
f 46/63/2675 45/65/2675 1/2097/2675
f 2/2098/2676 2635/2065/2676 2636/2066/2676
f 47/78/2677 46/63/2677 1/2097/2677
f 2/2098/2678 2636/2066/2678 2637/2067/2678
f 48/59/2679 47/78/2679 1/2097/2679
f 2/2098/2680 2637/2067/2680 2638/2068/2680
f 49/57/2681 48/59/2681 1/2097/2681
f 2/2098/2682 2638/2068/2682 2639/2069/2682
f 50/55/2683 49/57/2683 1/2097/2683
f 2/2098/2684 2639/2069/2684 2640/2070/2684
f 51/53/2685 50/55/2685 1/2097/2685
f 2/2098/2686 2640/2070/2686 2641/2071/2686
f 52/51/2687 51/53/2687 1/2097/2687
f 2/2098/2688 2641/2071/2688 2642/2072/2688
f 53/49/2689 52/51/2689 1/2097/2689
f 2/2098/2690 2642/2072/2690 2643/2073/2690
f 54/47/2691 53/49/2691 1/2097/2691
f 2/2098/2692 2643/2073/2692 2644/2074/2692
f 55/45/2693 54/47/2693 1/2097/2693
f 2/2098/2694 2644/2074/2694 2645/2075/2694
f 56/80/2695 55/45/2695 1/2097/2695
f 2/2098/2694 2645/2075/2694 2646/2076/2694
f 57/41/2696 56/80/2696 1/2097/2696
f 2/2098/2697 2646/2076/2697 2647/2077/2697
f 58/39/2698 57/41/2698 1/2097/2698
f 2/2098/2699 2647/2077/2699 2648/2078/2699
f 59/82/2700 58/39/2700 1/2097/2700
f 2/2098/2701 2648/2078/2701 2649/2079/2701
f 60/35/2702 59/82/2702 1/2097/2702
f 2/2098/2703 2649/2079/2703 2650/2080/2703
f 61/83/2704 60/35/2704 1/2097/2704
f 2/2098/2705 2650/2080/2705 2651/2081/2705
f 62/84/2706 61/83/2706 1/2097/2706
f 2/2098/2707 2651/2081/2707 2652/2082/2707
f 63/29/2708 62/84/2708 1/2097/2708
f 2/2098/2709 2652/2082/2709 2653/2083/2709
f 64/27/2710 63/29/2710 1/2097/2710
f 2/2098/2705 2653/2083/2705 2654/2084/2705
f 65/25/2711 64/27/2711 1/2097/2711
f 2/2098/2712 2654/2084/2712 2655/2085/2712
f 66/23/2713 65/25/2713 1/2097/2713
f 2/2098/2714 2655/2085/2714 2656/2086/2714
f 67/21/2715 66/23/2715 1/2097/2715
f 2/2098/2716 2656/2086/2716 2657/2087/2716
f 68/19/2717 67/21/2717 1/2097/2717
f 2/2098/2718 2657/2087/2718 2658/2088/2718
f 69/17/2719 68/19/2719 1/2097/2719
f 2/2098/2720 2658/2088/2720 2659/2089/2720
f 70/86/2721 69/17/2721 1/2097/2721
f 2/2098/2722 2659/2089/2722 2660/2090/2722
f 71/13/2723 70/86/2723 1/2097/2723
f 2/2098/2724 2660/2090/2724 2661/2091/2724
f 72/11/2725 71/13/2725 1/2097/2725
f 2/2098/2726 2661/2091/2726 2662/2092/2726
f 73/9/2727 72/11/2727 1/2097/2727
f 2/2098/2728 2662/2092/2728 2663/2093/2728
f 74/7/2729 73/9/2729 1/2097/2729
f 2/2098/2730 2663/2093/2730 2664/2094/2730
f 75/5/2731 74/7/2731 1/2097/2731
f 2/2098/2732 2664/2094/2732 2665/2095/2732
f 76/1/2733 75/5/2733 1/2097/2733
f 2/2098/2734 2665/2095/2734 2666/2096/2734
f 3/4/2735 76/1/2735 1/2097/2735
f 2/2098/2736 2666/2096/2736 2593/2024/2736
